ISO-10303-21;
HEADER;
FILE_DESCRIPTION(('FreeCAD Model'),'2;1');
FILE_NAME('/var/www/3D/0T/16577872.1.1.stp','2022-08-06T08:23:38',(
    'Author'),(''),'Open CASCADE STEP processor 6.9','FreeCAD','Unknown'
  );
FILE_SCHEMA(('AUTOMOTIVE_DESIGN { 1 0 10303 214 1 1 1 1 }'));
ENDSEC;
DATA;
#1 = APPLICATION_PROTOCOL_DEFINITION('international standard',
  'automotive_design',2000,#2);
#2 = APPLICATION_CONTEXT(
  'core data for automotive mechanical design processes');
#3 = SHAPE_DEFINITION_REPRESENTATION(#4,#10);
#4 = PRODUCT_DEFINITION_SHAPE('','',#5);
#5 = PRODUCT_DEFINITION('design','',#6,#9);
#6 = PRODUCT_DEFINITION_FORMATION('','',#7);
#7 = PRODUCT('ASSEMBLY','ASSEMBLY','',(#8));
#8 = PRODUCT_CONTEXT('',#2,'mechanical');
#9 = PRODUCT_DEFINITION_CONTEXT('part definition',#2,'design');
#10 = SHAPE_REPRESENTATION('',(#11,#15,#19,#23,#27,#31,#35,#39,#43,#47,
    #51,#55,#59,#63,#67,#71,#75,#79,#83,#87,#91,#95,#99,#103,#107,#111,
    #115,#119,#123,#127,#131,#135,#139,#143,#147,#151,#155,#159,#163,
    #167,#171,#175,#179,#183,#187,#191,#195,#199,#203,#207,#211,#215,
    #219,#223,#227,#231,#235,#239,#243,#247,#251,#255,#259,#263,#267,
    #271,#275,#279,#283,#287,#291,#295,#299,#303,#307,#311,#315,#319,
    #323,#327,#331,#335,#339,#343,#347,#351,#355,#359,#363,#367,#371,
    #375,#379,#383,#387,#391,#395,#399,#403,#407,#411,#415,#419,#423,
    #427,#431,#435,#439,#443,#447,#451,#455,#459,#463,#467,#471,#475,
    #479,#483,#487,#491,#495,#499,#503,#507,#511,#515,#519,#523,#527,
    #531,#535,#539,#543,#547,#551,#555,#559,#563,#567,#571,#575,#579,
    #583,#587,#591,#595,#599,#603,#607,#611,#615,#619,#623,#627,#631,
    #635,#639,#643,#647,#651,#655,#659,#663,#667,#671,#675,#679,#683,
    #687,#691,#695,#699,#703,#707,#711,#715,#719,#723,#727,#731,#735,
    #739,#743,#747,#751,#755,#759,#763,#767,#771,#775,#779,#783,#787,
    #791,#795,#799,#803,#807,#811,#815,#819,#823,#827,#831,#835,#839,
    #843,#847,#851,#855,#859,#863,#867,#871,#875,#879,#883,#887,#891,
    #895,#899,#903,#907,#911,#915,#919,#923,#927,#931,#935,#939,#943,
    #947,#951,#955,#959,#963,#967,#971,#975,#979,#983,#987,#991,#995,
    #999,#1003,#1007,#1011,#1015,#1019,#1023,#1027,#1031,#1035,#1039,
    #1043,#1047,#1051,#1055,#1059,#1063,#1067,#1071,#1075,#1079,#1083,
    #1087,#1091,#1095,#1099,#1103,#1107,#1111,#1115,#1119,#1123,#1127,
    #1131,#1135,#1139,#1143,#1147,#1151),#1155);
#11 = AXIS2_PLACEMENT_3D('',#12,#13,#14);
#12 = CARTESIAN_POINT('',(0.,0.,0.));
#13 = DIRECTION('',(0.,0.,1.));
#14 = DIRECTION('',(1.,0.,-0.));
#15 = AXIS2_PLACEMENT_3D('',#16,#17,#18);
#16 = CARTESIAN_POINT('',(-6.5,5.525,0.175));
#17 = DIRECTION('',(0.,0.,1.));
#18 = DIRECTION('',(1.,0.,0.));
#19 = AXIS2_PLACEMENT_3D('',#20,#21,#22);
#20 = CARTESIAN_POINT('',(-5.85,5.525,0.175));
#21 = DIRECTION('',(0.,0.,1.));
#22 = DIRECTION('',(1.,0.,0.));
#23 = AXIS2_PLACEMENT_3D('',#24,#25,#26);
#24 = CARTESIAN_POINT('',(-4.55,5.525,0.175));
#25 = DIRECTION('',(0.,0.,1.));
#26 = DIRECTION('',(1.,0.,0.));
#27 = AXIS2_PLACEMENT_3D('',#28,#29,#30);
#28 = CARTESIAN_POINT('',(-3.25,5.525,0.175));
#29 = DIRECTION('',(0.,0.,1.));
#30 = DIRECTION('',(1.,0.,0.));
#31 = AXIS2_PLACEMENT_3D('',#32,#33,#34);
#32 = CARTESIAN_POINT('',(-1.95,5.525,0.175));
#33 = DIRECTION('',(0.,0.,1.));
#34 = DIRECTION('',(1.,0.,0.));
#35 = AXIS2_PLACEMENT_3D('',#36,#37,#38);
#36 = CARTESIAN_POINT('',(-0.65,5.525,0.175));
#37 = DIRECTION('',(0.,0.,1.));
#38 = DIRECTION('',(1.,0.,0.));
#39 = AXIS2_PLACEMENT_3D('',#40,#41,#42);
#40 = CARTESIAN_POINT('',(0.65,5.525,0.175));
#41 = DIRECTION('',(0.,0.,1.));
#42 = DIRECTION('',(1.,0.,0.));
#43 = AXIS2_PLACEMENT_3D('',#44,#45,#46);
#44 = CARTESIAN_POINT('',(1.95,5.525,0.175));
#45 = DIRECTION('',(0.,0.,1.));
#46 = DIRECTION('',(1.,0.,0.));
#47 = AXIS2_PLACEMENT_3D('',#48,#49,#50);
#48 = CARTESIAN_POINT('',(3.25,5.525,0.175));
#49 = DIRECTION('',(0.,0.,1.));
#50 = DIRECTION('',(1.,0.,0.));
#51 = AXIS2_PLACEMENT_3D('',#52,#53,#54);
#52 = CARTESIAN_POINT('',(4.55,5.525,0.175));
#53 = DIRECTION('',(0.,0.,1.));
#54 = DIRECTION('',(1.,0.,0.));
#55 = AXIS2_PLACEMENT_3D('',#56,#57,#58);
#56 = CARTESIAN_POINT('',(5.2,5.525,0.175));
#57 = DIRECTION('',(0.,0.,1.));
#58 = DIRECTION('',(1.,0.,0.));
#59 = AXIS2_PLACEMENT_3D('',#60,#61,#62);
#60 = CARTESIAN_POINT('',(5.85,5.525,0.175));
#61 = DIRECTION('',(0.,0.,1.));
#62 = DIRECTION('',(1.,0.,0.));
#63 = AXIS2_PLACEMENT_3D('',#64,#65,#66);
#64 = CARTESIAN_POINT('',(6.5,5.525,0.175));
#65 = DIRECTION('',(0.,0.,1.));
#66 = DIRECTION('',(1.,0.,0.));
#67 = AXIS2_PLACEMENT_3D('',#68,#69,#70);
#68 = CARTESIAN_POINT('',(-6.5,4.875,0.175));
#69 = DIRECTION('',(0.,0.,1.));
#70 = DIRECTION('',(1.,0.,0.));
#71 = AXIS2_PLACEMENT_3D('',#72,#73,#74);
#72 = CARTESIAN_POINT('',(-5.85,4.875,0.175));
#73 = DIRECTION('',(0.,0.,1.));
#74 = DIRECTION('',(1.,0.,0.));
#75 = AXIS2_PLACEMENT_3D('',#76,#77,#78);
#76 = CARTESIAN_POINT('',(-5.2,4.875,0.175));
#77 = DIRECTION('',(0.,0.,1.));
#78 = DIRECTION('',(1.,0.,0.));
#79 = AXIS2_PLACEMENT_3D('',#80,#81,#82);
#80 = CARTESIAN_POINT('',(-4.55,4.875,0.175));
#81 = DIRECTION('',(0.,0.,1.));
#82 = DIRECTION('',(1.,0.,0.));
#83 = AXIS2_PLACEMENT_3D('',#84,#85,#86);
#84 = CARTESIAN_POINT('',(-3.9,4.875,0.175));
#85 = DIRECTION('',(0.,0.,1.));
#86 = DIRECTION('',(1.,0.,0.));
#87 = AXIS2_PLACEMENT_3D('',#88,#89,#90);
#88 = CARTESIAN_POINT('',(-3.25,4.875,0.175));
#89 = DIRECTION('',(0.,0.,1.));
#90 = DIRECTION('',(1.,0.,0.));
#91 = AXIS2_PLACEMENT_3D('',#92,#93,#94);
#92 = CARTESIAN_POINT('',(-2.6,4.875,0.175));
#93 = DIRECTION('',(0.,0.,1.));
#94 = DIRECTION('',(1.,0.,0.));
#95 = AXIS2_PLACEMENT_3D('',#96,#97,#98);
#96 = CARTESIAN_POINT('',(-1.95,4.875,0.175));
#97 = DIRECTION('',(0.,0.,1.));
#98 = DIRECTION('',(1.,0.,0.));
#99 = AXIS2_PLACEMENT_3D('',#100,#101,#102);
#100 = CARTESIAN_POINT('',(-1.3,4.875,0.175));
#101 = DIRECTION('',(0.,0.,1.));
#102 = DIRECTION('',(1.,0.,0.));
#103 = AXIS2_PLACEMENT_3D('',#104,#105,#106);
#104 = CARTESIAN_POINT('',(-0.65,4.875,0.175));
#105 = DIRECTION('',(0.,0.,1.));
#106 = DIRECTION('',(1.,0.,0.));
#107 = AXIS2_PLACEMENT_3D('',#108,#109,#110);
#108 = CARTESIAN_POINT('',(6.661338147751E-16,4.875,0.175));
#109 = DIRECTION('',(0.,0.,1.));
#110 = DIRECTION('',(1.,0.,0.));
#111 = AXIS2_PLACEMENT_3D('',#112,#113,#114);
#112 = CARTESIAN_POINT('',(0.65,4.875,0.175));
#113 = DIRECTION('',(0.,0.,1.));
#114 = DIRECTION('',(1.,0.,0.));
#115 = AXIS2_PLACEMENT_3D('',#116,#117,#118);
#116 = CARTESIAN_POINT('',(1.3,4.875,0.175));
#117 = DIRECTION('',(0.,0.,1.));
#118 = DIRECTION('',(1.,0.,0.));
#119 = AXIS2_PLACEMENT_3D('',#120,#121,#122);
#120 = CARTESIAN_POINT('',(1.95,4.875,0.175));
#121 = DIRECTION('',(0.,0.,1.));
#122 = DIRECTION('',(1.,0.,0.));
#123 = AXIS2_PLACEMENT_3D('',#124,#125,#126);
#124 = CARTESIAN_POINT('',(2.6,4.875,0.175));
#125 = DIRECTION('',(0.,0.,1.));
#126 = DIRECTION('',(1.,0.,0.));
#127 = AXIS2_PLACEMENT_3D('',#128,#129,#130);
#128 = CARTESIAN_POINT('',(3.25,4.875,0.175));
#129 = DIRECTION('',(0.,0.,1.));
#130 = DIRECTION('',(1.,0.,0.));
#131 = AXIS2_PLACEMENT_3D('',#132,#133,#134);
#132 = CARTESIAN_POINT('',(3.9,4.875,0.175));
#133 = DIRECTION('',(0.,0.,1.));
#134 = DIRECTION('',(1.,0.,0.));
#135 = AXIS2_PLACEMENT_3D('',#136,#137,#138);
#136 = CARTESIAN_POINT('',(4.55,4.875,0.175));
#137 = DIRECTION('',(0.,0.,1.));
#138 = DIRECTION('',(1.,0.,0.));
#139 = AXIS2_PLACEMENT_3D('',#140,#141,#142);
#140 = CARTESIAN_POINT('',(5.2,4.875,0.175));
#141 = DIRECTION('',(0.,0.,1.));
#142 = DIRECTION('',(1.,0.,0.));
#143 = AXIS2_PLACEMENT_3D('',#144,#145,#146);
#144 = CARTESIAN_POINT('',(5.85,4.875,0.175));
#145 = DIRECTION('',(0.,0.,1.));
#146 = DIRECTION('',(1.,0.,0.));
#147 = AXIS2_PLACEMENT_3D('',#148,#149,#150);
#148 = CARTESIAN_POINT('',(6.5,4.875,0.175));
#149 = DIRECTION('',(0.,0.,1.));
#150 = DIRECTION('',(1.,0.,0.));
#151 = AXIS2_PLACEMENT_3D('',#152,#153,#154);
#152 = CARTESIAN_POINT('',(-6.5,4.225,0.175));
#153 = DIRECTION('',(0.,0.,1.));
#154 = DIRECTION('',(1.,0.,0.));
#155 = AXIS2_PLACEMENT_3D('',#156,#157,#158);
#156 = CARTESIAN_POINT('',(-5.85,4.225,0.175));
#157 = DIRECTION('',(0.,0.,1.));
#158 = DIRECTION('',(1.,0.,0.));
#159 = AXIS2_PLACEMENT_3D('',#160,#161,#162);
#160 = CARTESIAN_POINT('',(-5.2,4.225,0.175));
#161 = DIRECTION('',(0.,0.,1.));
#162 = DIRECTION('',(1.,0.,0.));
#163 = AXIS2_PLACEMENT_3D('',#164,#165,#166);
#164 = CARTESIAN_POINT('',(-4.55,4.225,0.175));
#165 = DIRECTION('',(0.,0.,1.));
#166 = DIRECTION('',(1.,0.,0.));
#167 = AXIS2_PLACEMENT_3D('',#168,#169,#170);
#168 = CARTESIAN_POINT('',(-3.9,4.225,0.175));
#169 = DIRECTION('',(0.,0.,1.));
#170 = DIRECTION('',(1.,0.,0.));
#171 = AXIS2_PLACEMENT_3D('',#172,#173,#174);
#172 = CARTESIAN_POINT('',(-3.25,4.225,0.175));
#173 = DIRECTION('',(0.,0.,1.));
#174 = DIRECTION('',(1.,0.,0.));
#175 = AXIS2_PLACEMENT_3D('',#176,#177,#178);
#176 = CARTESIAN_POINT('',(-2.6,4.225,0.175));
#177 = DIRECTION('',(0.,0.,1.));
#178 = DIRECTION('',(1.,0.,0.));
#179 = AXIS2_PLACEMENT_3D('',#180,#181,#182);
#180 = CARTESIAN_POINT('',(-1.95,4.225,0.175));
#181 = DIRECTION('',(0.,0.,1.));
#182 = DIRECTION('',(1.,0.,0.));
#183 = AXIS2_PLACEMENT_3D('',#184,#185,#186);
#184 = CARTESIAN_POINT('',(-1.3,4.225,0.175));
#185 = DIRECTION('',(0.,0.,1.));
#186 = DIRECTION('',(1.,0.,0.));
#187 = AXIS2_PLACEMENT_3D('',#188,#189,#190);
#188 = CARTESIAN_POINT('',(-0.65,4.225,0.175));
#189 = DIRECTION('',(0.,0.,1.));
#190 = DIRECTION('',(1.,0.,0.));
#191 = AXIS2_PLACEMENT_3D('',#192,#193,#194);
#192 = CARTESIAN_POINT('',(6.661338147751E-16,4.225,0.175));
#193 = DIRECTION('',(0.,0.,1.));
#194 = DIRECTION('',(1.,0.,0.));
#195 = AXIS2_PLACEMENT_3D('',#196,#197,#198);
#196 = CARTESIAN_POINT('',(0.65,4.225,0.175));
#197 = DIRECTION('',(0.,0.,1.));
#198 = DIRECTION('',(1.,0.,0.));
#199 = AXIS2_PLACEMENT_3D('',#200,#201,#202);
#200 = CARTESIAN_POINT('',(1.3,4.225,0.175));
#201 = DIRECTION('',(0.,0.,1.));
#202 = DIRECTION('',(1.,0.,0.));
#203 = AXIS2_PLACEMENT_3D('',#204,#205,#206);
#204 = CARTESIAN_POINT('',(1.95,4.225,0.175));
#205 = DIRECTION('',(0.,0.,1.));
#206 = DIRECTION('',(1.,0.,0.));
#207 = AXIS2_PLACEMENT_3D('',#208,#209,#210);
#208 = CARTESIAN_POINT('',(2.6,4.225,0.175));
#209 = DIRECTION('',(0.,0.,1.));
#210 = DIRECTION('',(1.,0.,0.));
#211 = AXIS2_PLACEMENT_3D('',#212,#213,#214);
#212 = CARTESIAN_POINT('',(3.25,4.225,0.175));
#213 = DIRECTION('',(0.,0.,1.));
#214 = DIRECTION('',(1.,0.,0.));
#215 = AXIS2_PLACEMENT_3D('',#216,#217,#218);
#216 = CARTESIAN_POINT('',(3.9,4.225,0.175));
#217 = DIRECTION('',(0.,0.,1.));
#218 = DIRECTION('',(1.,0.,0.));
#219 = AXIS2_PLACEMENT_3D('',#220,#221,#222);
#220 = CARTESIAN_POINT('',(4.55,4.225,0.175));
#221 = DIRECTION('',(0.,0.,1.));
#222 = DIRECTION('',(1.,0.,0.));
#223 = AXIS2_PLACEMENT_3D('',#224,#225,#226);
#224 = CARTESIAN_POINT('',(5.2,4.225,0.175));
#225 = DIRECTION('',(0.,0.,1.));
#226 = DIRECTION('',(1.,0.,0.));
#227 = AXIS2_PLACEMENT_3D('',#228,#229,#230);
#228 = CARTESIAN_POINT('',(5.85,4.225,0.175));
#229 = DIRECTION('',(0.,0.,1.));
#230 = DIRECTION('',(1.,0.,0.));
#231 = AXIS2_PLACEMENT_3D('',#232,#233,#234);
#232 = CARTESIAN_POINT('',(-6.5,3.575,0.175));
#233 = DIRECTION('',(0.,0.,1.));
#234 = DIRECTION('',(1.,0.,0.));
#235 = AXIS2_PLACEMENT_3D('',#236,#237,#238);
#236 = CARTESIAN_POINT('',(-5.85,3.575,0.175));
#237 = DIRECTION('',(0.,0.,1.));
#238 = DIRECTION('',(1.,0.,0.));
#239 = AXIS2_PLACEMENT_3D('',#240,#241,#242);
#240 = CARTESIAN_POINT('',(-5.2,3.575,0.175));
#241 = DIRECTION('',(0.,0.,1.));
#242 = DIRECTION('',(1.,0.,0.));
#243 = AXIS2_PLACEMENT_3D('',#244,#245,#246);
#244 = CARTESIAN_POINT('',(-4.55,3.575,0.175));
#245 = DIRECTION('',(0.,0.,1.));
#246 = DIRECTION('',(1.,0.,0.));
#247 = AXIS2_PLACEMENT_3D('',#248,#249,#250);
#248 = CARTESIAN_POINT('',(-3.9,3.575,0.175));
#249 = DIRECTION('',(0.,0.,1.));
#250 = DIRECTION('',(1.,0.,0.));
#251 = AXIS2_PLACEMENT_3D('',#252,#253,#254);
#252 = CARTESIAN_POINT('',(-2.6,3.575,0.175));
#253 = DIRECTION('',(0.,0.,1.));
#254 = DIRECTION('',(1.,0.,0.));
#255 = AXIS2_PLACEMENT_3D('',#256,#257,#258);
#256 = CARTESIAN_POINT('',(-0.65,3.575,0.175));
#257 = DIRECTION('',(0.,0.,1.));
#258 = DIRECTION('',(1.,0.,0.));
#259 = AXIS2_PLACEMENT_3D('',#260,#261,#262);
#260 = CARTESIAN_POINT('',(6.661338147751E-16,3.575,0.175));
#261 = DIRECTION('',(0.,0.,1.));
#262 = DIRECTION('',(1.,0.,0.));
#263 = AXIS2_PLACEMENT_3D('',#264,#265,#266);
#264 = CARTESIAN_POINT('',(0.65,3.575,0.175));
#265 = DIRECTION('',(0.,0.,1.));
#266 = DIRECTION('',(1.,0.,0.));
#267 = AXIS2_PLACEMENT_3D('',#268,#269,#270);
#268 = CARTESIAN_POINT('',(1.3,3.575,0.175));
#269 = DIRECTION('',(0.,0.,1.));
#270 = DIRECTION('',(1.,0.,0.));
#271 = AXIS2_PLACEMENT_3D('',#272,#273,#274);
#272 = CARTESIAN_POINT('',(1.95,3.575,0.175));
#273 = DIRECTION('',(0.,0.,1.));
#274 = DIRECTION('',(1.,0.,0.));
#275 = AXIS2_PLACEMENT_3D('',#276,#277,#278);
#276 = CARTESIAN_POINT('',(2.6,3.575,0.175));
#277 = DIRECTION('',(0.,0.,1.));
#278 = DIRECTION('',(1.,0.,0.));
#279 = AXIS2_PLACEMENT_3D('',#280,#281,#282);
#280 = CARTESIAN_POINT('',(3.25,3.575,0.175));
#281 = DIRECTION('',(0.,0.,1.));
#282 = DIRECTION('',(1.,0.,0.));
#283 = AXIS2_PLACEMENT_3D('',#284,#285,#286);
#284 = CARTESIAN_POINT('',(4.55,3.575,0.175));
#285 = DIRECTION('',(0.,0.,1.));
#286 = DIRECTION('',(1.,0.,0.));
#287 = AXIS2_PLACEMENT_3D('',#288,#289,#290);
#288 = CARTESIAN_POINT('',(5.2,3.575,0.175));
#289 = DIRECTION('',(0.,0.,1.));
#290 = DIRECTION('',(1.,0.,0.));
#291 = AXIS2_PLACEMENT_3D('',#292,#293,#294);
#292 = CARTESIAN_POINT('',(5.85,3.575,0.175));
#293 = DIRECTION('',(0.,0.,1.));
#294 = DIRECTION('',(1.,0.,0.));
#295 = AXIS2_PLACEMENT_3D('',#296,#297,#298);
#296 = CARTESIAN_POINT('',(6.5,3.575,0.175));
#297 = DIRECTION('',(0.,0.,1.));
#298 = DIRECTION('',(1.,0.,0.));
#299 = AXIS2_PLACEMENT_3D('',#300,#301,#302);
#300 = CARTESIAN_POINT('',(-5.85,2.925,0.175));
#301 = DIRECTION('',(0.,0.,1.));
#302 = DIRECTION('',(1.,0.,0.));
#303 = AXIS2_PLACEMENT_3D('',#304,#305,#306);
#304 = CARTESIAN_POINT('',(-5.2,2.925,0.175));
#305 = DIRECTION('',(0.,0.,1.));
#306 = DIRECTION('',(1.,0.,0.));
#307 = AXIS2_PLACEMENT_3D('',#308,#309,#310);
#308 = CARTESIAN_POINT('',(-4.55,2.925,0.175));
#309 = DIRECTION('',(0.,0.,1.));
#310 = DIRECTION('',(1.,0.,0.));
#311 = AXIS2_PLACEMENT_3D('',#312,#313,#314);
#312 = CARTESIAN_POINT('',(-3.9,2.925,0.175));
#313 = DIRECTION('',(0.,0.,1.));
#314 = DIRECTION('',(1.,0.,0.));
#315 = AXIS2_PLACEMENT_3D('',#316,#317,#318);
#316 = CARTESIAN_POINT('',(-3.25,2.925,0.175));
#317 = DIRECTION('',(0.,0.,1.));
#318 = DIRECTION('',(1.,0.,0.));
#319 = AXIS2_PLACEMENT_3D('',#320,#321,#322);
#320 = CARTESIAN_POINT('',(4.55,2.925,0.175));
#321 = DIRECTION('',(0.,0.,1.));
#322 = DIRECTION('',(1.,0.,0.));
#323 = AXIS2_PLACEMENT_3D('',#324,#325,#326);
#324 = CARTESIAN_POINT('',(5.2,2.925,0.175));
#325 = DIRECTION('',(0.,0.,1.));
#326 = DIRECTION('',(1.,0.,0.));
#327 = AXIS2_PLACEMENT_3D('',#328,#329,#330);
#328 = CARTESIAN_POINT('',(5.85,2.925,0.175));
#329 = DIRECTION('',(0.,0.,1.));
#330 = DIRECTION('',(1.,0.,0.));
#331 = AXIS2_PLACEMENT_3D('',#332,#333,#334);
#332 = CARTESIAN_POINT('',(-6.5,2.275,0.175));
#333 = DIRECTION('',(0.,0.,1.));
#334 = DIRECTION('',(1.,0.,0.));
#335 = AXIS2_PLACEMENT_3D('',#336,#337,#338);
#336 = CARTESIAN_POINT('',(-5.85,2.275,0.175));
#337 = DIRECTION('',(0.,0.,1.));
#338 = DIRECTION('',(1.,0.,0.));
#339 = AXIS2_PLACEMENT_3D('',#340,#341,#342);
#340 = CARTESIAN_POINT('',(-5.2,2.275,0.175));
#341 = DIRECTION('',(0.,0.,1.));
#342 = DIRECTION('',(1.,0.,0.));
#343 = AXIS2_PLACEMENT_3D('',#344,#345,#346);
#344 = CARTESIAN_POINT('',(-4.55,2.275,0.175));
#345 = DIRECTION('',(0.,0.,1.));
#346 = DIRECTION('',(1.,0.,0.));
#347 = AXIS2_PLACEMENT_3D('',#348,#349,#350);
#348 = CARTESIAN_POINT('',(-3.9,2.275,0.175));
#349 = DIRECTION('',(0.,0.,1.));
#350 = DIRECTION('',(1.,0.,0.));
#351 = AXIS2_PLACEMENT_3D('',#352,#353,#354);
#352 = CARTESIAN_POINT('',(-1.95,2.275,0.175));
#353 = DIRECTION('',(0.,0.,1.));
#354 = DIRECTION('',(1.,0.,0.));
#355 = AXIS2_PLACEMENT_3D('',#356,#357,#358);
#356 = CARTESIAN_POINT('',(-1.3,2.275,0.175));
#357 = DIRECTION('',(0.,0.,1.));
#358 = DIRECTION('',(1.,0.,0.));
#359 = AXIS2_PLACEMENT_3D('',#360,#361,#362);
#360 = CARTESIAN_POINT('',(-0.65,2.275,0.175));
#361 = DIRECTION('',(0.,0.,1.));
#362 = DIRECTION('',(1.,0.,0.));
#363 = AXIS2_PLACEMENT_3D('',#364,#365,#366);
#364 = CARTESIAN_POINT('',(6.661338147751E-16,2.275,0.175));
#365 = DIRECTION('',(0.,0.,1.));
#366 = DIRECTION('',(1.,0.,0.));
#367 = AXIS2_PLACEMENT_3D('',#368,#369,#370);
#368 = CARTESIAN_POINT('',(0.65,2.275,0.175));
#369 = DIRECTION('',(0.,0.,1.));
#370 = DIRECTION('',(1.,0.,0.));
#371 = AXIS2_PLACEMENT_3D('',#372,#373,#374);
#372 = CARTESIAN_POINT('',(1.3,2.275,0.175));
#373 = DIRECTION('',(0.,0.,1.));
#374 = DIRECTION('',(1.,0.,0.));
#375 = AXIS2_PLACEMENT_3D('',#376,#377,#378);
#376 = CARTESIAN_POINT('',(1.95,2.275,0.175));
#377 = DIRECTION('',(0.,0.,1.));
#378 = DIRECTION('',(1.,0.,0.));
#379 = AXIS2_PLACEMENT_3D('',#380,#381,#382);
#380 = CARTESIAN_POINT('',(2.6,2.275,0.175));
#381 = DIRECTION('',(0.,0.,1.));
#382 = DIRECTION('',(1.,0.,0.));
#383 = AXIS2_PLACEMENT_3D('',#384,#385,#386);
#384 = CARTESIAN_POINT('',(4.55,2.275,0.175));
#385 = DIRECTION('',(0.,0.,1.));
#386 = DIRECTION('',(1.,0.,0.));
#387 = AXIS2_PLACEMENT_3D('',#388,#389,#390);
#388 = CARTESIAN_POINT('',(5.2,2.275,0.175));
#389 = DIRECTION('',(0.,0.,1.));
#390 = DIRECTION('',(1.,0.,0.));
#391 = AXIS2_PLACEMENT_3D('',#392,#393,#394);
#392 = CARTESIAN_POINT('',(5.85,2.275,0.175));
#393 = DIRECTION('',(0.,0.,1.));
#394 = DIRECTION('',(1.,0.,0.));
#395 = AXIS2_PLACEMENT_3D('',#396,#397,#398);
#396 = CARTESIAN_POINT('',(6.5,2.275,0.175));
#397 = DIRECTION('',(0.,0.,1.));
#398 = DIRECTION('',(1.,0.,0.));
#399 = AXIS2_PLACEMENT_3D('',#400,#401,#402);
#400 = CARTESIAN_POINT('',(-5.85,1.625,0.175));
#401 = DIRECTION('',(0.,0.,1.));
#402 = DIRECTION('',(1.,0.,0.));
#403 = AXIS2_PLACEMENT_3D('',#404,#405,#406);
#404 = CARTESIAN_POINT('',(-5.2,1.625,0.175));
#405 = DIRECTION('',(0.,0.,1.));
#406 = DIRECTION('',(1.,0.,0.));
#407 = AXIS2_PLACEMENT_3D('',#408,#409,#410);
#408 = CARTESIAN_POINT('',(-4.55,1.625,0.175));
#409 = DIRECTION('',(0.,0.,1.));
#410 = DIRECTION('',(1.,0.,0.));
#411 = AXIS2_PLACEMENT_3D('',#412,#413,#414);
#412 = CARTESIAN_POINT('',(-3.9,1.625,0.175));
#413 = DIRECTION('',(0.,0.,1.));
#414 = DIRECTION('',(1.,0.,0.));
#415 = AXIS2_PLACEMENT_3D('',#416,#417,#418);
#416 = CARTESIAN_POINT('',(-3.25,1.625,0.175));
#417 = DIRECTION('',(0.,0.,1.));
#418 = DIRECTION('',(1.,0.,0.));
#419 = AXIS2_PLACEMENT_3D('',#420,#421,#422);
#420 = CARTESIAN_POINT('',(-1.95,1.625,0.175));
#421 = DIRECTION('',(0.,0.,1.));
#422 = DIRECTION('',(1.,0.,0.));
#423 = AXIS2_PLACEMENT_3D('',#424,#425,#426);
#424 = CARTESIAN_POINT('',(-1.3,1.625,0.175));
#425 = DIRECTION('',(0.,0.,1.));
#426 = DIRECTION('',(1.,0.,0.));
#427 = AXIS2_PLACEMENT_3D('',#428,#429,#430);
#428 = CARTESIAN_POINT('',(-0.65,1.625,0.175));
#429 = DIRECTION('',(0.,0.,1.));
#430 = DIRECTION('',(1.,0.,0.));
#431 = AXIS2_PLACEMENT_3D('',#432,#433,#434);
#432 = CARTESIAN_POINT('',(6.661338147751E-16,1.625,0.175));
#433 = DIRECTION('',(0.,0.,1.));
#434 = DIRECTION('',(1.,0.,0.));
#435 = AXIS2_PLACEMENT_3D('',#436,#437,#438);
#436 = CARTESIAN_POINT('',(0.65,1.625,0.175));
#437 = DIRECTION('',(0.,0.,1.));
#438 = DIRECTION('',(1.,0.,0.));
#439 = AXIS2_PLACEMENT_3D('',#440,#441,#442);
#440 = CARTESIAN_POINT('',(1.3,1.625,0.175));
#441 = DIRECTION('',(0.,0.,1.));
#442 = DIRECTION('',(1.,0.,0.));
#443 = AXIS2_PLACEMENT_3D('',#444,#445,#446);
#444 = CARTESIAN_POINT('',(1.95,1.625,0.175));
#445 = DIRECTION('',(0.,0.,1.));
#446 = DIRECTION('',(1.,0.,0.));
#447 = AXIS2_PLACEMENT_3D('',#448,#449,#450);
#448 = CARTESIAN_POINT('',(2.6,1.625,0.175));
#449 = DIRECTION('',(0.,0.,1.));
#450 = DIRECTION('',(1.,0.,0.));
#451 = AXIS2_PLACEMENT_3D('',#452,#453,#454);
#452 = CARTESIAN_POINT('',(3.9,1.625,0.175));
#453 = DIRECTION('',(0.,0.,1.));
#454 = DIRECTION('',(1.,0.,0.));
#455 = AXIS2_PLACEMENT_3D('',#456,#457,#458);
#456 = CARTESIAN_POINT('',(4.55,1.625,0.175));
#457 = DIRECTION('',(0.,0.,1.));
#458 = DIRECTION('',(1.,0.,0.));
#459 = AXIS2_PLACEMENT_3D('',#460,#461,#462);
#460 = CARTESIAN_POINT('',(5.2,1.625,0.175));
#461 = DIRECTION('',(0.,0.,1.));
#462 = DIRECTION('',(1.,0.,0.));
#463 = AXIS2_PLACEMENT_3D('',#464,#465,#466);
#464 = CARTESIAN_POINT('',(5.85,1.625,0.175));
#465 = DIRECTION('',(0.,0.,1.));
#466 = DIRECTION('',(1.,0.,0.));
#467 = AXIS2_PLACEMENT_3D('',#468,#469,#470);
#468 = CARTESIAN_POINT('',(6.5,1.625,0.175));
#469 = DIRECTION('',(0.,0.,1.));
#470 = DIRECTION('',(1.,0.,0.));
#471 = AXIS2_PLACEMENT_3D('',#472,#473,#474);
#472 = CARTESIAN_POINT('',(-6.5,0.975,0.175));
#473 = DIRECTION('',(0.,0.,1.));
#474 = DIRECTION('',(1.,0.,0.));
#475 = AXIS2_PLACEMENT_3D('',#476,#477,#478);
#476 = CARTESIAN_POINT('',(-5.85,0.975,0.175));
#477 = DIRECTION('',(0.,0.,1.));
#478 = DIRECTION('',(1.,0.,0.));
#479 = AXIS2_PLACEMENT_3D('',#480,#481,#482);
#480 = CARTESIAN_POINT('',(-5.2,0.975,0.175));
#481 = DIRECTION('',(0.,0.,1.));
#482 = DIRECTION('',(1.,0.,0.));
#483 = AXIS2_PLACEMENT_3D('',#484,#485,#486);
#484 = CARTESIAN_POINT('',(-4.55,0.975,0.175));
#485 = DIRECTION('',(0.,0.,1.));
#486 = DIRECTION('',(1.,0.,0.));
#487 = AXIS2_PLACEMENT_3D('',#488,#489,#490);
#488 = CARTESIAN_POINT('',(-3.9,0.975,0.175));
#489 = DIRECTION('',(0.,0.,1.));
#490 = DIRECTION('',(1.,0.,0.));
#491 = AXIS2_PLACEMENT_3D('',#492,#493,#494);
#492 = CARTESIAN_POINT('',(-3.25,0.975,0.175));
#493 = DIRECTION('',(0.,0.,1.));
#494 = DIRECTION('',(1.,0.,0.));
#495 = AXIS2_PLACEMENT_3D('',#496,#497,#498);
#496 = CARTESIAN_POINT('',(-1.95,0.975,0.175));
#497 = DIRECTION('',(0.,0.,1.));
#498 = DIRECTION('',(1.,0.,0.));
#499 = AXIS2_PLACEMENT_3D('',#500,#501,#502);
#500 = CARTESIAN_POINT('',(-1.3,0.975,0.175));
#501 = DIRECTION('',(0.,0.,1.));
#502 = DIRECTION('',(1.,0.,0.));
#503 = AXIS2_PLACEMENT_3D('',#504,#505,#506);
#504 = CARTESIAN_POINT('',(-0.65,0.975,0.175));
#505 = DIRECTION('',(0.,0.,1.));
#506 = DIRECTION('',(1.,0.,0.));
#507 = AXIS2_PLACEMENT_3D('',#508,#509,#510);
#508 = CARTESIAN_POINT('',(6.661338147751E-16,0.975,0.175));
#509 = DIRECTION('',(0.,0.,1.));
#510 = DIRECTION('',(1.,0.,0.));
#511 = AXIS2_PLACEMENT_3D('',#512,#513,#514);
#512 = CARTESIAN_POINT('',(0.65,0.975,0.175));
#513 = DIRECTION('',(0.,0.,1.));
#514 = DIRECTION('',(1.,0.,0.));
#515 = AXIS2_PLACEMENT_3D('',#516,#517,#518);
#516 = CARTESIAN_POINT('',(1.3,0.975,0.175));
#517 = DIRECTION('',(0.,0.,1.));
#518 = DIRECTION('',(1.,0.,0.));
#519 = AXIS2_PLACEMENT_3D('',#520,#521,#522);
#520 = CARTESIAN_POINT('',(1.95,0.975,0.175));
#521 = DIRECTION('',(0.,0.,1.));
#522 = DIRECTION('',(1.,0.,0.));
#523 = AXIS2_PLACEMENT_3D('',#524,#525,#526);
#524 = CARTESIAN_POINT('',(2.6,0.975,0.175));
#525 = DIRECTION('',(0.,0.,1.));
#526 = DIRECTION('',(1.,0.,0.));
#527 = AXIS2_PLACEMENT_3D('',#528,#529,#530);
#528 = CARTESIAN_POINT('',(3.9,0.975,0.175));
#529 = DIRECTION('',(0.,0.,1.));
#530 = DIRECTION('',(1.,0.,0.));
#531 = AXIS2_PLACEMENT_3D('',#532,#533,#534);
#532 = CARTESIAN_POINT('',(4.55,0.975,0.175));
#533 = DIRECTION('',(0.,0.,1.));
#534 = DIRECTION('',(1.,0.,0.));
#535 = AXIS2_PLACEMENT_3D('',#536,#537,#538);
#536 = CARTESIAN_POINT('',(5.2,0.975,0.175));
#537 = DIRECTION('',(0.,0.,1.));
#538 = DIRECTION('',(1.,0.,0.));
#539 = AXIS2_PLACEMENT_3D('',#540,#541,#542);
#540 = CARTESIAN_POINT('',(5.85,0.975,0.175));
#541 = DIRECTION('',(0.,0.,1.));
#542 = DIRECTION('',(1.,0.,0.));
#543 = AXIS2_PLACEMENT_3D('',#544,#545,#546);
#544 = CARTESIAN_POINT('',(-5.85,0.325,0.175));
#545 = DIRECTION('',(0.,0.,1.));
#546 = DIRECTION('',(1.,0.,0.));
#547 = AXIS2_PLACEMENT_3D('',#548,#549,#550);
#548 = CARTESIAN_POINT('',(-5.2,0.325,0.175));
#549 = DIRECTION('',(0.,0.,1.));
#550 = DIRECTION('',(1.,0.,0.));
#551 = AXIS2_PLACEMENT_3D('',#552,#553,#554);
#552 = CARTESIAN_POINT('',(-3.25,0.325,0.175));
#553 = DIRECTION('',(0.,0.,1.));
#554 = DIRECTION('',(1.,0.,0.));
#555 = AXIS2_PLACEMENT_3D('',#556,#557,#558);
#556 = CARTESIAN_POINT('',(-1.95,0.325,0.175));
#557 = DIRECTION('',(0.,0.,1.));
#558 = DIRECTION('',(1.,0.,0.));
#559 = AXIS2_PLACEMENT_3D('',#560,#561,#562);
#560 = CARTESIAN_POINT('',(-1.3,0.325,0.175));
#561 = DIRECTION('',(0.,0.,1.));
#562 = DIRECTION('',(1.,0.,0.));
#563 = AXIS2_PLACEMENT_3D('',#564,#565,#566);
#564 = CARTESIAN_POINT('',(-0.65,0.325,0.175));
#565 = DIRECTION('',(0.,0.,1.));
#566 = DIRECTION('',(1.,0.,0.));
#567 = AXIS2_PLACEMENT_3D('',#568,#569,#570);
#568 = CARTESIAN_POINT('',(6.661338147751E-16,0.325,0.175));
#569 = DIRECTION('',(0.,0.,1.));
#570 = DIRECTION('',(1.,0.,0.));
#571 = AXIS2_PLACEMENT_3D('',#572,#573,#574);
#572 = CARTESIAN_POINT('',(0.65,0.325,0.175));
#573 = DIRECTION('',(0.,0.,1.));
#574 = DIRECTION('',(1.,0.,0.));
#575 = AXIS2_PLACEMENT_3D('',#576,#577,#578);
#576 = CARTESIAN_POINT('',(1.3,0.325,0.175));
#577 = DIRECTION('',(0.,0.,1.));
#578 = DIRECTION('',(1.,0.,0.));
#579 = AXIS2_PLACEMENT_3D('',#580,#581,#582);
#580 = CARTESIAN_POINT('',(1.95,0.325,0.175));
#581 = DIRECTION('',(0.,0.,1.));
#582 = DIRECTION('',(1.,0.,0.));
#583 = AXIS2_PLACEMENT_3D('',#584,#585,#586);
#584 = CARTESIAN_POINT('',(2.6,0.325,0.175));
#585 = DIRECTION('',(0.,0.,1.));
#586 = DIRECTION('',(1.,0.,0.));
#587 = AXIS2_PLACEMENT_3D('',#588,#589,#590);
#588 = CARTESIAN_POINT('',(3.9,0.325,0.175));
#589 = DIRECTION('',(0.,0.,1.));
#590 = DIRECTION('',(1.,0.,0.));
#591 = AXIS2_PLACEMENT_3D('',#592,#593,#594);
#592 = CARTESIAN_POINT('',(4.55,0.325,0.175));
#593 = DIRECTION('',(0.,0.,1.));
#594 = DIRECTION('',(1.,0.,0.));
#595 = AXIS2_PLACEMENT_3D('',#596,#597,#598);
#596 = CARTESIAN_POINT('',(5.2,0.325,0.175));
#597 = DIRECTION('',(0.,0.,1.));
#598 = DIRECTION('',(1.,0.,0.));
#599 = AXIS2_PLACEMENT_3D('',#600,#601,#602);
#600 = CARTESIAN_POINT('',(5.85,0.325,0.175));
#601 = DIRECTION('',(0.,0.,1.));
#602 = DIRECTION('',(1.,0.,0.));
#603 = AXIS2_PLACEMENT_3D('',#604,#605,#606);
#604 = CARTESIAN_POINT('',(6.5,0.325,0.175));
#605 = DIRECTION('',(0.,0.,1.));
#606 = DIRECTION('',(1.,0.,0.));
#607 = AXIS2_PLACEMENT_3D('',#608,#609,#610);
#608 = CARTESIAN_POINT('',(-6.5,-0.325,0.175));
#609 = DIRECTION('',(0.,0.,1.));
#610 = DIRECTION('',(1.,0.,0.));
#611 = AXIS2_PLACEMENT_3D('',#612,#613,#614);
#612 = CARTESIAN_POINT('',(-5.85,-0.325,0.175));
#613 = DIRECTION('',(0.,0.,1.));
#614 = DIRECTION('',(1.,0.,0.));
#615 = AXIS2_PLACEMENT_3D('',#616,#617,#618);
#616 = CARTESIAN_POINT('',(-5.2,-0.325,0.175));
#617 = DIRECTION('',(0.,0.,1.));
#618 = DIRECTION('',(1.,0.,0.));
#619 = AXIS2_PLACEMENT_3D('',#620,#621,#622);
#620 = CARTESIAN_POINT('',(-4.55,-0.325,0.175));
#621 = DIRECTION('',(0.,0.,1.));
#622 = DIRECTION('',(1.,0.,0.));
#623 = AXIS2_PLACEMENT_3D('',#624,#625,#626);
#624 = CARTESIAN_POINT('',(-3.9,-0.325,0.175));
#625 = DIRECTION('',(0.,0.,1.));
#626 = DIRECTION('',(1.,0.,0.));
#627 = AXIS2_PLACEMENT_3D('',#628,#629,#630);
#628 = CARTESIAN_POINT('',(-3.25,-0.325,0.175));
#629 = DIRECTION('',(0.,0.,1.));
#630 = DIRECTION('',(1.,0.,0.));
#631 = AXIS2_PLACEMENT_3D('',#632,#633,#634);
#632 = CARTESIAN_POINT('',(-1.95,-0.325,0.175));
#633 = DIRECTION('',(0.,0.,1.));
#634 = DIRECTION('',(1.,0.,0.));
#635 = AXIS2_PLACEMENT_3D('',#636,#637,#638);
#636 = CARTESIAN_POINT('',(-1.3,-0.325,0.175));
#637 = DIRECTION('',(0.,0.,1.));
#638 = DIRECTION('',(1.,0.,0.));
#639 = AXIS2_PLACEMENT_3D('',#640,#641,#642);
#640 = CARTESIAN_POINT('',(-0.65,-0.325,0.175));
#641 = DIRECTION('',(0.,0.,1.));
#642 = DIRECTION('',(1.,0.,0.));
#643 = AXIS2_PLACEMENT_3D('',#644,#645,#646);
#644 = CARTESIAN_POINT('',(6.661338147751E-16,-0.325,0.175));
#645 = DIRECTION('',(0.,0.,1.));
#646 = DIRECTION('',(1.,0.,0.));
#647 = AXIS2_PLACEMENT_3D('',#648,#649,#650);
#648 = CARTESIAN_POINT('',(0.65,-0.325,0.175));
#649 = DIRECTION('',(0.,0.,1.));
#650 = DIRECTION('',(1.,0.,0.));
#651 = AXIS2_PLACEMENT_3D('',#652,#653,#654);
#652 = CARTESIAN_POINT('',(1.3,-0.325,0.175));
#653 = DIRECTION('',(0.,0.,1.));
#654 = DIRECTION('',(1.,0.,0.));
#655 = AXIS2_PLACEMENT_3D('',#656,#657,#658);
#656 = CARTESIAN_POINT('',(1.95,-0.325,0.175));
#657 = DIRECTION('',(0.,0.,1.));
#658 = DIRECTION('',(1.,0.,0.));
#659 = AXIS2_PLACEMENT_3D('',#660,#661,#662);
#660 = CARTESIAN_POINT('',(2.6,-0.325,0.175));
#661 = DIRECTION('',(0.,0.,1.));
#662 = DIRECTION('',(1.,0.,0.));
#663 = AXIS2_PLACEMENT_3D('',#664,#665,#666);
#664 = CARTESIAN_POINT('',(4.55,-0.325,0.175));
#665 = DIRECTION('',(0.,0.,1.));
#666 = DIRECTION('',(1.,0.,0.));
#667 = AXIS2_PLACEMENT_3D('',#668,#669,#670);
#668 = CARTESIAN_POINT('',(5.2,-0.325,0.175));
#669 = DIRECTION('',(0.,0.,1.));
#670 = DIRECTION('',(1.,0.,0.));
#671 = AXIS2_PLACEMENT_3D('',#672,#673,#674);
#672 = CARTESIAN_POINT('',(5.85,-0.325,0.175));
#673 = DIRECTION('',(0.,0.,1.));
#674 = DIRECTION('',(1.,0.,0.));
#675 = AXIS2_PLACEMENT_3D('',#676,#677,#678);
#676 = CARTESIAN_POINT('',(-5.85,-0.975,0.175));
#677 = DIRECTION('',(0.,0.,1.));
#678 = DIRECTION('',(1.,0.,0.));
#679 = AXIS2_PLACEMENT_3D('',#680,#681,#682);
#680 = CARTESIAN_POINT('',(-5.2,-0.975,0.175));
#681 = DIRECTION('',(0.,0.,1.));
#682 = DIRECTION('',(1.,0.,0.));
#683 = AXIS2_PLACEMENT_3D('',#684,#685,#686);
#684 = CARTESIAN_POINT('',(-4.55,-0.975,0.175));
#685 = DIRECTION('',(0.,0.,1.));
#686 = DIRECTION('',(1.,0.,0.));
#687 = AXIS2_PLACEMENT_3D('',#688,#689,#690);
#688 = CARTESIAN_POINT('',(-3.9,-0.975,0.175));
#689 = DIRECTION('',(0.,0.,1.));
#690 = DIRECTION('',(1.,0.,0.));
#691 = AXIS2_PLACEMENT_3D('',#692,#693,#694);
#692 = CARTESIAN_POINT('',(-3.25,-0.975,0.175));
#693 = DIRECTION('',(0.,0.,1.));
#694 = DIRECTION('',(1.,0.,0.));
#695 = AXIS2_PLACEMENT_3D('',#696,#697,#698);
#696 = CARTESIAN_POINT('',(-1.95,-0.975,0.175));
#697 = DIRECTION('',(0.,0.,1.));
#698 = DIRECTION('',(1.,0.,0.));
#699 = AXIS2_PLACEMENT_3D('',#700,#701,#702);
#700 = CARTESIAN_POINT('',(-1.3,-0.975,0.175));
#701 = DIRECTION('',(0.,0.,1.));
#702 = DIRECTION('',(1.,0.,0.));
#703 = AXIS2_PLACEMENT_3D('',#704,#705,#706);
#704 = CARTESIAN_POINT('',(-0.65,-0.975,0.175));
#705 = DIRECTION('',(0.,0.,1.));
#706 = DIRECTION('',(1.,0.,0.));
#707 = AXIS2_PLACEMENT_3D('',#708,#709,#710);
#708 = CARTESIAN_POINT('',(6.661338147751E-16,-0.975,0.175));
#709 = DIRECTION('',(0.,0.,1.));
#710 = DIRECTION('',(1.,0.,0.));
#711 = AXIS2_PLACEMENT_3D('',#712,#713,#714);
#712 = CARTESIAN_POINT('',(0.65,-0.975,0.175));
#713 = DIRECTION('',(0.,0.,1.));
#714 = DIRECTION('',(1.,0.,0.));
#715 = AXIS2_PLACEMENT_3D('',#716,#717,#718);
#716 = CARTESIAN_POINT('',(1.3,-0.975,0.175));
#717 = DIRECTION('',(0.,0.,1.));
#718 = DIRECTION('',(1.,0.,0.));
#719 = AXIS2_PLACEMENT_3D('',#720,#721,#722);
#720 = CARTESIAN_POINT('',(1.95,-0.975,0.175));
#721 = DIRECTION('',(0.,0.,1.));
#722 = DIRECTION('',(1.,0.,0.));
#723 = AXIS2_PLACEMENT_3D('',#724,#725,#726);
#724 = CARTESIAN_POINT('',(2.6,-0.975,0.175));
#725 = DIRECTION('',(0.,0.,1.));
#726 = DIRECTION('',(1.,0.,0.));
#727 = AXIS2_PLACEMENT_3D('',#728,#729,#730);
#728 = CARTESIAN_POINT('',(4.55,-0.975,0.175));
#729 = DIRECTION('',(0.,0.,1.));
#730 = DIRECTION('',(1.,0.,0.));
#731 = AXIS2_PLACEMENT_3D('',#732,#733,#734);
#732 = CARTESIAN_POINT('',(5.2,-0.975,0.175));
#733 = DIRECTION('',(0.,0.,1.));
#734 = DIRECTION('',(1.,0.,0.));
#735 = AXIS2_PLACEMENT_3D('',#736,#737,#738);
#736 = CARTESIAN_POINT('',(5.85,-0.975,0.175));
#737 = DIRECTION('',(0.,0.,1.));
#738 = DIRECTION('',(1.,0.,0.));
#739 = AXIS2_PLACEMENT_3D('',#740,#741,#742);
#740 = CARTESIAN_POINT('',(6.5,-0.975,0.175));
#741 = DIRECTION('',(0.,0.,1.));
#742 = DIRECTION('',(1.,0.,0.));
#743 = AXIS2_PLACEMENT_3D('',#744,#745,#746);
#744 = CARTESIAN_POINT('',(-6.5,-1.625,0.175));
#745 = DIRECTION('',(0.,0.,1.));
#746 = DIRECTION('',(1.,0.,0.));
#747 = AXIS2_PLACEMENT_3D('',#748,#749,#750);
#748 = CARTESIAN_POINT('',(-5.85,-1.625,0.175));
#749 = DIRECTION('',(0.,0.,1.));
#750 = DIRECTION('',(1.,0.,0.));
#751 = AXIS2_PLACEMENT_3D('',#752,#753,#754);
#752 = CARTESIAN_POINT('',(-5.2,-1.625,0.175));
#753 = DIRECTION('',(0.,0.,1.));
#754 = DIRECTION('',(1.,0.,0.));
#755 = AXIS2_PLACEMENT_3D('',#756,#757,#758);
#756 = CARTESIAN_POINT('',(4.55,-1.625,0.175));
#757 = DIRECTION('',(0.,0.,1.));
#758 = DIRECTION('',(1.,0.,0.));
#759 = AXIS2_PLACEMENT_3D('',#760,#761,#762);
#760 = CARTESIAN_POINT('',(5.2,-1.625,0.175));
#761 = DIRECTION('',(0.,0.,1.));
#762 = DIRECTION('',(1.,0.,0.));
#763 = AXIS2_PLACEMENT_3D('',#764,#765,#766);
#764 = CARTESIAN_POINT('',(5.85,-1.625,0.175));
#765 = DIRECTION('',(0.,0.,1.));
#766 = DIRECTION('',(1.,0.,0.));
#767 = AXIS2_PLACEMENT_3D('',#768,#769,#770);
#768 = CARTESIAN_POINT('',(-5.85,-2.275,0.175));
#769 = DIRECTION('',(0.,0.,1.));
#770 = DIRECTION('',(1.,0.,0.));
#771 = AXIS2_PLACEMENT_3D('',#772,#773,#774);
#772 = CARTESIAN_POINT('',(-5.2,-2.275,0.175));
#773 = DIRECTION('',(0.,0.,1.));
#774 = DIRECTION('',(1.,0.,0.));
#775 = AXIS2_PLACEMENT_3D('',#776,#777,#778);
#776 = CARTESIAN_POINT('',(-4.55,-2.275,0.175));
#777 = DIRECTION('',(0.,0.,1.));
#778 = DIRECTION('',(1.,0.,0.));
#779 = AXIS2_PLACEMENT_3D('',#780,#781,#782);
#780 = CARTESIAN_POINT('',(-3.9,-2.275,0.175));
#781 = DIRECTION('',(0.,0.,1.));
#782 = DIRECTION('',(1.,0.,0.));
#783 = AXIS2_PLACEMENT_3D('',#784,#785,#786);
#784 = CARTESIAN_POINT('',(-3.25,-2.275,0.175));
#785 = DIRECTION('',(0.,0.,1.));
#786 = DIRECTION('',(1.,0.,0.));
#787 = AXIS2_PLACEMENT_3D('',#788,#789,#790);
#788 = CARTESIAN_POINT('',(-2.6,-2.275,0.175));
#789 = DIRECTION('',(0.,0.,1.));
#790 = DIRECTION('',(1.,0.,0.));
#791 = AXIS2_PLACEMENT_3D('',#792,#793,#794);
#792 = CARTESIAN_POINT('',(-1.3,-2.275,0.175));
#793 = DIRECTION('',(0.,0.,1.));
#794 = DIRECTION('',(1.,0.,0.));
#795 = AXIS2_PLACEMENT_3D('',#796,#797,#798);
#796 = CARTESIAN_POINT('',(-0.65,-2.275,0.175));
#797 = DIRECTION('',(0.,0.,1.));
#798 = DIRECTION('',(1.,0.,0.));
#799 = AXIS2_PLACEMENT_3D('',#800,#801,#802);
#800 = CARTESIAN_POINT('',(0.65,-2.275,0.175));
#801 = DIRECTION('',(0.,0.,1.));
#802 = DIRECTION('',(1.,0.,0.));
#803 = AXIS2_PLACEMENT_3D('',#804,#805,#806);
#804 = CARTESIAN_POINT('',(1.3,-2.275,0.175));
#805 = DIRECTION('',(0.,0.,1.));
#806 = DIRECTION('',(1.,0.,0.));
#807 = AXIS2_PLACEMENT_3D('',#808,#809,#810);
#808 = CARTESIAN_POINT('',(2.6,-2.275,0.175));
#809 = DIRECTION('',(0.,0.,1.));
#810 = DIRECTION('',(1.,0.,0.));
#811 = AXIS2_PLACEMENT_3D('',#812,#813,#814);
#812 = CARTESIAN_POINT('',(3.25,-2.275,0.175));
#813 = DIRECTION('',(0.,0.,1.));
#814 = DIRECTION('',(1.,0.,0.));
#815 = AXIS2_PLACEMENT_3D('',#816,#817,#818);
#816 = CARTESIAN_POINT('',(4.55,-2.275,0.175));
#817 = DIRECTION('',(0.,0.,1.));
#818 = DIRECTION('',(1.,0.,0.));
#819 = AXIS2_PLACEMENT_3D('',#820,#821,#822);
#820 = CARTESIAN_POINT('',(5.2,-2.275,0.175));
#821 = DIRECTION('',(0.,0.,1.));
#822 = DIRECTION('',(1.,0.,0.));
#823 = AXIS2_PLACEMENT_3D('',#824,#825,#826);
#824 = CARTESIAN_POINT('',(5.85,-2.275,0.175));
#825 = DIRECTION('',(0.,0.,1.));
#826 = DIRECTION('',(1.,0.,0.));
#827 = AXIS2_PLACEMENT_3D('',#828,#829,#830);
#828 = CARTESIAN_POINT('',(6.5,-2.275,0.175));
#829 = DIRECTION('',(0.,0.,1.));
#830 = DIRECTION('',(1.,0.,0.));
#831 = AXIS2_PLACEMENT_3D('',#832,#833,#834);
#832 = CARTESIAN_POINT('',(-6.5,-2.925,0.175));
#833 = DIRECTION('',(0.,0.,1.));
#834 = DIRECTION('',(1.,0.,0.));
#835 = AXIS2_PLACEMENT_3D('',#836,#837,#838);
#836 = CARTESIAN_POINT('',(-5.85,-2.925,0.175));
#837 = DIRECTION('',(0.,0.,1.));
#838 = DIRECTION('',(1.,0.,0.));
#839 = AXIS2_PLACEMENT_3D('',#840,#841,#842);
#840 = CARTESIAN_POINT('',(-5.2,-2.925,0.175));
#841 = DIRECTION('',(0.,0.,1.));
#842 = DIRECTION('',(1.,0.,0.));
#843 = AXIS2_PLACEMENT_3D('',#844,#845,#846);
#844 = CARTESIAN_POINT('',(-4.55,-2.925,0.175));
#845 = DIRECTION('',(0.,0.,1.));
#846 = DIRECTION('',(1.,0.,0.));
#847 = AXIS2_PLACEMENT_3D('',#848,#849,#850);
#848 = CARTESIAN_POINT('',(-3.9,-2.925,0.175));
#849 = DIRECTION('',(0.,0.,1.));
#850 = DIRECTION('',(1.,0.,0.));
#851 = AXIS2_PLACEMENT_3D('',#852,#853,#854);
#852 = CARTESIAN_POINT('',(-3.25,-2.925,0.175));
#853 = DIRECTION('',(0.,0.,1.));
#854 = DIRECTION('',(1.,0.,0.));
#855 = AXIS2_PLACEMENT_3D('',#856,#857,#858);
#856 = CARTESIAN_POINT('',(-2.6,-2.925,0.175));
#857 = DIRECTION('',(0.,0.,1.));
#858 = DIRECTION('',(1.,0.,0.));
#859 = AXIS2_PLACEMENT_3D('',#860,#861,#862);
#860 = CARTESIAN_POINT('',(-1.3,-2.925,0.175));
#861 = DIRECTION('',(0.,0.,1.));
#862 = DIRECTION('',(1.,0.,0.));
#863 = AXIS2_PLACEMENT_3D('',#864,#865,#866);
#864 = CARTESIAN_POINT('',(-0.65,-2.925,0.175));
#865 = DIRECTION('',(0.,0.,1.));
#866 = DIRECTION('',(1.,0.,0.));
#867 = AXIS2_PLACEMENT_3D('',#868,#869,#870);
#868 = CARTESIAN_POINT('',(0.65,-2.925,0.175));
#869 = DIRECTION('',(0.,0.,1.));
#870 = DIRECTION('',(1.,0.,0.));
#871 = AXIS2_PLACEMENT_3D('',#872,#873,#874);
#872 = CARTESIAN_POINT('',(1.3,-2.925,0.175));
#873 = DIRECTION('',(0.,0.,1.));
#874 = DIRECTION('',(1.,0.,0.));
#875 = AXIS2_PLACEMENT_3D('',#876,#877,#878);
#876 = CARTESIAN_POINT('',(2.6,-2.925,0.175));
#877 = DIRECTION('',(0.,0.,1.));
#878 = DIRECTION('',(1.,0.,0.));
#879 = AXIS2_PLACEMENT_3D('',#880,#881,#882);
#880 = CARTESIAN_POINT('',(3.25,-2.925,0.175));
#881 = DIRECTION('',(0.,0.,1.));
#882 = DIRECTION('',(1.,0.,0.));
#883 = AXIS2_PLACEMENT_3D('',#884,#885,#886);
#884 = CARTESIAN_POINT('',(4.55,-2.925,0.175));
#885 = DIRECTION('',(0.,0.,1.));
#886 = DIRECTION('',(1.,0.,0.));
#887 = AXIS2_PLACEMENT_3D('',#888,#889,#890);
#888 = CARTESIAN_POINT('',(5.85,-2.925,0.175));
#889 = DIRECTION('',(0.,0.,1.));
#890 = DIRECTION('',(1.,0.,0.));
#891 = AXIS2_PLACEMENT_3D('',#892,#893,#894);
#892 = CARTESIAN_POINT('',(6.5,-2.925,0.175));
#893 = DIRECTION('',(0.,0.,1.));
#894 = DIRECTION('',(1.,0.,0.));
#895 = AXIS2_PLACEMENT_3D('',#896,#897,#898);
#896 = CARTESIAN_POINT('',(-6.5,-3.575,0.175));
#897 = DIRECTION('',(0.,0.,1.));
#898 = DIRECTION('',(1.,0.,0.));
#899 = AXIS2_PLACEMENT_3D('',#900,#901,#902);
#900 = CARTESIAN_POINT('',(-5.85,-3.575,0.175));
#901 = DIRECTION('',(0.,0.,1.));
#902 = DIRECTION('',(1.,0.,0.));
#903 = AXIS2_PLACEMENT_3D('',#904,#905,#906);
#904 = CARTESIAN_POINT('',(-5.2,-3.575,0.175));
#905 = DIRECTION('',(0.,0.,1.));
#906 = DIRECTION('',(1.,0.,0.));
#907 = AXIS2_PLACEMENT_3D('',#908,#909,#910);
#908 = CARTESIAN_POINT('',(-4.55,-3.575,0.175));
#909 = DIRECTION('',(0.,0.,1.));
#910 = DIRECTION('',(1.,0.,0.));
#911 = AXIS2_PLACEMENT_3D('',#912,#913,#914);
#912 = CARTESIAN_POINT('',(-3.9,-3.575,0.175));
#913 = DIRECTION('',(0.,0.,1.));
#914 = DIRECTION('',(1.,0.,0.));
#915 = AXIS2_PLACEMENT_3D('',#916,#917,#918);
#916 = CARTESIAN_POINT('',(-3.25,-3.575,0.175));
#917 = DIRECTION('',(0.,0.,1.));
#918 = DIRECTION('',(1.,0.,0.));
#919 = AXIS2_PLACEMENT_3D('',#920,#921,#922);
#920 = CARTESIAN_POINT('',(-1.3,-3.575,0.175));
#921 = DIRECTION('',(0.,0.,1.));
#922 = DIRECTION('',(1.,0.,0.));
#923 = AXIS2_PLACEMENT_3D('',#924,#925,#926);
#924 = CARTESIAN_POINT('',(0.65,-3.575,0.175));
#925 = DIRECTION('',(0.,0.,1.));
#926 = DIRECTION('',(1.,0.,0.));
#927 = AXIS2_PLACEMENT_3D('',#928,#929,#930);
#928 = CARTESIAN_POINT('',(2.6,-3.575,0.175));
#929 = DIRECTION('',(0.,0.,1.));
#930 = DIRECTION('',(1.,0.,0.));
#931 = AXIS2_PLACEMENT_3D('',#932,#933,#934);
#932 = CARTESIAN_POINT('',(4.55,-3.575,0.175));
#933 = DIRECTION('',(0.,0.,1.));
#934 = DIRECTION('',(1.,0.,0.));
#935 = AXIS2_PLACEMENT_3D('',#936,#937,#938);
#936 = CARTESIAN_POINT('',(5.2,-3.575,0.175));
#937 = DIRECTION('',(0.,0.,1.));
#938 = DIRECTION('',(1.,0.,0.));
#939 = AXIS2_PLACEMENT_3D('',#940,#941,#942);
#940 = CARTESIAN_POINT('',(5.85,-3.575,0.175));
#941 = DIRECTION('',(0.,0.,1.));
#942 = DIRECTION('',(1.,0.,0.));
#943 = AXIS2_PLACEMENT_3D('',#944,#945,#946);
#944 = CARTESIAN_POINT('',(6.5,-3.575,0.175));
#945 = DIRECTION('',(0.,0.,1.));
#946 = DIRECTION('',(1.,0.,0.));
#947 = AXIS2_PLACEMENT_3D('',#948,#949,#950);
#948 = CARTESIAN_POINT('',(-6.5,-4.225,0.175));
#949 = DIRECTION('',(0.,0.,1.));
#950 = DIRECTION('',(1.,0.,0.));
#951 = AXIS2_PLACEMENT_3D('',#952,#953,#954);
#952 = CARTESIAN_POINT('',(-5.85,-4.225,0.175));
#953 = DIRECTION('',(0.,0.,1.));
#954 = DIRECTION('',(1.,0.,0.));
#955 = AXIS2_PLACEMENT_3D('',#956,#957,#958);
#956 = CARTESIAN_POINT('',(-5.2,-4.225,0.175));
#957 = DIRECTION('',(0.,0.,1.));
#958 = DIRECTION('',(1.,0.,0.));
#959 = AXIS2_PLACEMENT_3D('',#960,#961,#962);
#960 = CARTESIAN_POINT('',(-4.55,-4.225,0.175));
#961 = DIRECTION('',(0.,0.,1.));
#962 = DIRECTION('',(1.,0.,0.));
#963 = AXIS2_PLACEMENT_3D('',#964,#965,#966);
#964 = CARTESIAN_POINT('',(-3.9,-4.225,0.175));
#965 = DIRECTION('',(0.,0.,1.));
#966 = DIRECTION('',(1.,0.,0.));
#967 = AXIS2_PLACEMENT_3D('',#968,#969,#970);
#968 = CARTESIAN_POINT('',(-3.25,-4.225,0.175));
#969 = DIRECTION('',(0.,0.,1.));
#970 = DIRECTION('',(1.,0.,0.));
#971 = AXIS2_PLACEMENT_3D('',#972,#973,#974);
#972 = CARTESIAN_POINT('',(-2.6,-4.225,0.175));
#973 = DIRECTION('',(0.,0.,1.));
#974 = DIRECTION('',(1.,0.,0.));
#975 = AXIS2_PLACEMENT_3D('',#976,#977,#978);
#976 = CARTESIAN_POINT('',(-1.95,-4.225,0.175));
#977 = DIRECTION('',(0.,0.,1.));
#978 = DIRECTION('',(1.,0.,0.));
#979 = AXIS2_PLACEMENT_3D('',#980,#981,#982);
#980 = CARTESIAN_POINT('',(-1.3,-4.225,0.175));
#981 = DIRECTION('',(0.,0.,1.));
#982 = DIRECTION('',(1.,0.,0.));
#983 = AXIS2_PLACEMENT_3D('',#984,#985,#986);
#984 = CARTESIAN_POINT('',(-0.65,-4.225,0.175));
#985 = DIRECTION('',(0.,0.,1.));
#986 = DIRECTION('',(1.,0.,0.));
#987 = AXIS2_PLACEMENT_3D('',#988,#989,#990);
#988 = CARTESIAN_POINT('',(6.661338147751E-16,-4.225,0.175));
#989 = DIRECTION('',(0.,0.,1.));
#990 = DIRECTION('',(1.,0.,0.));
#991 = AXIS2_PLACEMENT_3D('',#992,#993,#994);
#992 = CARTESIAN_POINT('',(0.65,-4.225,0.175));
#993 = DIRECTION('',(0.,0.,1.));
#994 = DIRECTION('',(1.,0.,0.));
#995 = AXIS2_PLACEMENT_3D('',#996,#997,#998);
#996 = CARTESIAN_POINT('',(1.95,-4.225,0.175));
#997 = DIRECTION('',(0.,0.,1.));
#998 = DIRECTION('',(1.,0.,0.));
#999 = AXIS2_PLACEMENT_3D('',#1000,#1001,#1002);
#1000 = CARTESIAN_POINT('',(2.6,-4.225,0.175));
#1001 = DIRECTION('',(0.,0.,1.));
#1002 = DIRECTION('',(1.,0.,0.));
#1003 = AXIS2_PLACEMENT_3D('',#1004,#1005,#1006);
#1004 = CARTESIAN_POINT('',(3.25,-4.225,0.175));
#1005 = DIRECTION('',(0.,0.,1.));
#1006 = DIRECTION('',(1.,0.,0.));
#1007 = AXIS2_PLACEMENT_3D('',#1008,#1009,#1010);
#1008 = CARTESIAN_POINT('',(3.9,-4.225,0.175));
#1009 = DIRECTION('',(0.,0.,1.));
#1010 = DIRECTION('',(1.,0.,0.));
#1011 = AXIS2_PLACEMENT_3D('',#1012,#1013,#1014);
#1012 = CARTESIAN_POINT('',(4.55,-4.225,0.175));
#1013 = DIRECTION('',(0.,0.,1.));
#1014 = DIRECTION('',(1.,0.,0.));
#1015 = AXIS2_PLACEMENT_3D('',#1016,#1017,#1018);
#1016 = CARTESIAN_POINT('',(5.85,-4.225,0.175));
#1017 = DIRECTION('',(0.,0.,1.));
#1018 = DIRECTION('',(1.,0.,0.));
#1019 = AXIS2_PLACEMENT_3D('',#1020,#1021,#1022);
#1020 = CARTESIAN_POINT('',(6.5,-4.225,0.175));
#1021 = DIRECTION('',(0.,0.,1.));
#1022 = DIRECTION('',(1.,0.,0.));
#1023 = AXIS2_PLACEMENT_3D('',#1024,#1025,#1026);
#1024 = CARTESIAN_POINT('',(-6.5,-4.875,0.175));
#1025 = DIRECTION('',(0.,0.,1.));
#1026 = DIRECTION('',(1.,0.,0.));
#1027 = AXIS2_PLACEMENT_3D('',#1028,#1029,#1030);
#1028 = CARTESIAN_POINT('',(-5.85,-4.875,0.175));
#1029 = DIRECTION('',(0.,0.,1.));
#1030 = DIRECTION('',(1.,0.,0.));
#1031 = AXIS2_PLACEMENT_3D('',#1032,#1033,#1034);
#1032 = CARTESIAN_POINT('',(-5.2,-4.875,0.175));
#1033 = DIRECTION('',(0.,0.,1.));
#1034 = DIRECTION('',(1.,0.,0.));
#1035 = AXIS2_PLACEMENT_3D('',#1036,#1037,#1038);
#1036 = CARTESIAN_POINT('',(-4.55,-4.875,0.175));
#1037 = DIRECTION('',(0.,0.,1.));
#1038 = DIRECTION('',(1.,0.,0.));
#1039 = AXIS2_PLACEMENT_3D('',#1040,#1041,#1042);
#1040 = CARTESIAN_POINT('',(-3.9,-4.875,0.175));
#1041 = DIRECTION('',(0.,0.,1.));
#1042 = DIRECTION('',(1.,0.,0.));
#1043 = AXIS2_PLACEMENT_3D('',#1044,#1045,#1046);
#1044 = CARTESIAN_POINT('',(-3.25,-4.875,0.175));
#1045 = DIRECTION('',(0.,0.,1.));
#1046 = DIRECTION('',(1.,0.,0.));
#1047 = AXIS2_PLACEMENT_3D('',#1048,#1049,#1050);
#1048 = CARTESIAN_POINT('',(-1.95,-4.875,0.175));
#1049 = DIRECTION('',(0.,0.,1.));
#1050 = DIRECTION('',(1.,0.,0.));
#1051 = AXIS2_PLACEMENT_3D('',#1052,#1053,#1054);
#1052 = CARTESIAN_POINT('',(-1.3,-4.875,0.175));
#1053 = DIRECTION('',(0.,0.,1.));
#1054 = DIRECTION('',(1.,0.,0.));
#1055 = AXIS2_PLACEMENT_3D('',#1056,#1057,#1058);
#1056 = CARTESIAN_POINT('',(-0.65,-4.875,0.175));
#1057 = DIRECTION('',(0.,0.,1.));
#1058 = DIRECTION('',(1.,0.,0.));
#1059 = AXIS2_PLACEMENT_3D('',#1060,#1061,#1062);
#1060 = CARTESIAN_POINT('',(6.661338147751E-16,-4.875,0.175));
#1061 = DIRECTION('',(0.,0.,1.));
#1062 = DIRECTION('',(1.,0.,0.));
#1063 = AXIS2_PLACEMENT_3D('',#1064,#1065,#1066);
#1064 = CARTESIAN_POINT('',(0.65,-4.875,0.175));
#1065 = DIRECTION('',(0.,0.,1.));
#1066 = DIRECTION('',(1.,0.,0.));
#1067 = AXIS2_PLACEMENT_3D('',#1068,#1069,#1070);
#1068 = CARTESIAN_POINT('',(1.3,-4.875,0.175));
#1069 = DIRECTION('',(0.,0.,1.));
#1070 = DIRECTION('',(1.,0.,0.));
#1071 = AXIS2_PLACEMENT_3D('',#1072,#1073,#1074);
#1072 = CARTESIAN_POINT('',(1.95,-4.875,0.175));
#1073 = DIRECTION('',(0.,0.,1.));
#1074 = DIRECTION('',(1.,0.,0.));
#1075 = AXIS2_PLACEMENT_3D('',#1076,#1077,#1078);
#1076 = CARTESIAN_POINT('',(2.6,-4.875,0.175));
#1077 = DIRECTION('',(0.,0.,1.));
#1078 = DIRECTION('',(1.,0.,0.));
#1079 = AXIS2_PLACEMENT_3D('',#1080,#1081,#1082);
#1080 = CARTESIAN_POINT('',(3.25,-4.875,0.175));
#1081 = DIRECTION('',(0.,0.,1.));
#1082 = DIRECTION('',(1.,0.,0.));
#1083 = AXIS2_PLACEMENT_3D('',#1084,#1085,#1086);
#1084 = CARTESIAN_POINT('',(3.9,-4.875,0.175));
#1085 = DIRECTION('',(0.,0.,1.));
#1086 = DIRECTION('',(1.,0.,0.));
#1087 = AXIS2_PLACEMENT_3D('',#1088,#1089,#1090);
#1088 = CARTESIAN_POINT('',(4.55,-4.875,0.175));
#1089 = DIRECTION('',(0.,0.,1.));
#1090 = DIRECTION('',(1.,0.,0.));
#1091 = AXIS2_PLACEMENT_3D('',#1092,#1093,#1094);
#1092 = CARTESIAN_POINT('',(5.2,-4.875,0.175));
#1093 = DIRECTION('',(0.,0.,1.));
#1094 = DIRECTION('',(1.,0.,0.));
#1095 = AXIS2_PLACEMENT_3D('',#1096,#1097,#1098);
#1096 = CARTESIAN_POINT('',(5.85,-4.875,0.175));
#1097 = DIRECTION('',(0.,0.,1.));
#1098 = DIRECTION('',(1.,0.,0.));
#1099 = AXIS2_PLACEMENT_3D('',#1100,#1101,#1102);
#1100 = CARTESIAN_POINT('',(6.5,-4.875,0.175));
#1101 = DIRECTION('',(0.,0.,1.));
#1102 = DIRECTION('',(1.,0.,0.));
#1103 = AXIS2_PLACEMENT_3D('',#1104,#1105,#1106);
#1104 = CARTESIAN_POINT('',(-6.5,-5.525,0.175));
#1105 = DIRECTION('',(0.,0.,1.));
#1106 = DIRECTION('',(1.,0.,0.));
#1107 = AXIS2_PLACEMENT_3D('',#1108,#1109,#1110);
#1108 = CARTESIAN_POINT('',(-5.85,-5.525,0.175));
#1109 = DIRECTION('',(0.,0.,1.));
#1110 = DIRECTION('',(1.,0.,0.));
#1111 = AXIS2_PLACEMENT_3D('',#1112,#1113,#1114);
#1112 = CARTESIAN_POINT('',(-5.2,-5.525,0.175));
#1113 = DIRECTION('',(0.,0.,1.));
#1114 = DIRECTION('',(1.,0.,0.));
#1115 = AXIS2_PLACEMENT_3D('',#1116,#1117,#1118);
#1116 = CARTESIAN_POINT('',(-3.9,-5.525,0.175));
#1117 = DIRECTION('',(0.,0.,1.));
#1118 = DIRECTION('',(1.,0.,0.));
#1119 = AXIS2_PLACEMENT_3D('',#1120,#1121,#1122);
#1120 = CARTESIAN_POINT('',(-1.95,-5.525,0.175));
#1121 = DIRECTION('',(0.,0.,1.));
#1122 = DIRECTION('',(1.,0.,0.));
#1123 = AXIS2_PLACEMENT_3D('',#1124,#1125,#1126);
#1124 = CARTESIAN_POINT('',(-0.65,-5.525,0.175));
#1125 = DIRECTION('',(0.,0.,1.));
#1126 = DIRECTION('',(1.,0.,0.));
#1127 = AXIS2_PLACEMENT_3D('',#1128,#1129,#1130);
#1128 = CARTESIAN_POINT('',(0.65,-5.525,0.175));
#1129 = DIRECTION('',(0.,0.,1.));
#1130 = DIRECTION('',(1.,0.,0.));
#1131 = AXIS2_PLACEMENT_3D('',#1132,#1133,#1134);
#1132 = CARTESIAN_POINT('',(2.6,-5.525,0.175));
#1133 = DIRECTION('',(0.,0.,1.));
#1134 = DIRECTION('',(1.,0.,0.));
#1135 = AXIS2_PLACEMENT_3D('',#1136,#1137,#1138);
#1136 = CARTESIAN_POINT('',(3.9,-5.525,0.175));
#1137 = DIRECTION('',(0.,0.,1.));
#1138 = DIRECTION('',(1.,0.,0.));
#1139 = AXIS2_PLACEMENT_3D('',#1140,#1141,#1142);
#1140 = CARTESIAN_POINT('',(5.2,-5.525,0.175));
#1141 = DIRECTION('',(0.,0.,1.));
#1142 = DIRECTION('',(1.,0.,0.));
#1143 = AXIS2_PLACEMENT_3D('',#1144,#1145,#1146);
#1144 = CARTESIAN_POINT('',(5.85,-5.525,0.175));
#1145 = DIRECTION('',(0.,0.,1.));
#1146 = DIRECTION('',(1.,0.,0.));
#1147 = AXIS2_PLACEMENT_3D('',#1148,#1149,#1150);
#1148 = CARTESIAN_POINT('',(6.5,-5.525,0.175));
#1149 = DIRECTION('',(0.,0.,1.));
#1150 = DIRECTION('',(1.,0.,0.));
#1151 = AXIS2_PLACEMENT_3D('',#1152,#1153,#1154);
#1152 = CARTESIAN_POINT('',(0.,0.,0.));
#1153 = DIRECTION('',(0.,0.,1.));
#1154 = DIRECTION('',(1.,0.,0.));
#1155 = ( GEOMETRIC_REPRESENTATION_CONTEXT(3) 
GLOBAL_UNCERTAINTY_ASSIGNED_CONTEXT((#1159)) 
GLOBAL_UNIT_ASSIGNED_CONTEXT((#1156,#1157,#1158)) REPRESENTATION_CONTEXT
('Context #1','3D Context with UNIT and UNCERTAINTY') );
#1156 = ( LENGTH_UNIT() NAMED_UNIT(*) SI_UNIT(.MILLI.,.METRE.) );
#1157 = ( NAMED_UNIT(*) PLANE_ANGLE_UNIT() SI_UNIT($,.RADIAN.) );
#1158 = ( NAMED_UNIT(*) SI_UNIT($,.STERADIAN.) SOLID_ANGLE_UNIT() );
#1159 = UNCERTAINTY_MEASURE_WITH_UNIT(LENGTH_MEASURE(1.E-07),#1156,
  'distance_accuracy_value','confusion accuracy');
#1160 = PRODUCT_RELATED_PRODUCT_CATEGORY('part',$,(#7));
#1161 = ADVANCED_BREP_SHAPE_REPRESENTATION('',(#11,#1162),#1174);
#1162 = MANIFOLD_SOLID_BREP('',#1163);
#1163 = CLOSED_SHELL('',(#1164));
#1164 = ADVANCED_FACE('',(#1165),#1169,.T.);
#1165 = FACE_BOUND('',#1166,.T.);
#1166 = VERTEX_LOOP('',#1167);
#1167 = VERTEX_POINT('',#1168);
#1168 = CARTESIAN_POINT('',(1.071565949254E-17,-2.624579619658E-33,
    -0.175));
#1169 = SPHERICAL_SURFACE('',#1170,0.175);
#1170 = AXIS2_PLACEMENT_3D('',#1171,#1172,#1173);
#1171 = CARTESIAN_POINT('',(0.,0.,0.));
#1172 = DIRECTION('',(0.,0.,1.));
#1173 = DIRECTION('',(1.,0.,-0.));
#1174 = ( GEOMETRIC_REPRESENTATION_CONTEXT(3) 
GLOBAL_UNCERTAINTY_ASSIGNED_CONTEXT((#1178)) 
GLOBAL_UNIT_ASSIGNED_CONTEXT((#1175,#1176,#1177)) REPRESENTATION_CONTEXT
('Context #1','3D Context with UNIT and UNCERTAINTY') );
#1175 = ( LENGTH_UNIT() NAMED_UNIT(*) SI_UNIT(.MILLI.,.METRE.) );
#1176 = ( NAMED_UNIT(*) PLANE_ANGLE_UNIT() SI_UNIT($,.RADIAN.) );
#1177 = ( NAMED_UNIT(*) SI_UNIT($,.STERADIAN.) SOLID_ANGLE_UNIT() );
#1178 = UNCERTAINTY_MEASURE_WITH_UNIT(LENGTH_MEASURE(1.E-07),#1175,
  'distance_accuracy_value','confusion accuracy');
#1179 = SHAPE_DEFINITION_REPRESENTATION(#1180,#1161);
#1180 = PRODUCT_DEFINITION_SHAPE('','',#1181);
#1181 = PRODUCT_DEFINITION('design','',#1182,#1185);
#1182 = PRODUCT_DEFINITION_FORMATION('','',#1183);
#1183 = PRODUCT('A1','A1','',(#1184));
#1184 = PRODUCT_CONTEXT('',#2,'mechanical');
#1185 = PRODUCT_DEFINITION_CONTEXT('part definition',#2,'design');
#1186 = CONTEXT_DEPENDENT_SHAPE_REPRESENTATION(#1187,#1189);
#1187 = ( REPRESENTATION_RELATIONSHIP('','',#1161,#10) 
REPRESENTATION_RELATIONSHIP_WITH_TRANSFORMATION(#1188) 
SHAPE_REPRESENTATION_RELATIONSHIP() );
#1188 = ITEM_DEFINED_TRANSFORMATION('','',#11,#15);
#1189 = PRODUCT_DEFINITION_SHAPE('Placement','Placement of an item',
  #1190);
#1190 = NEXT_ASSEMBLY_USAGE_OCCURRENCE('1','=>[0:1:1:2]','',#5,#1181,$);
#1191 = PRODUCT_RELATED_PRODUCT_CATEGORY('part',$,(#1183));
#1192 = ADVANCED_BREP_SHAPE_REPRESENTATION('',(#11,#1193),#1205);
#1193 = MANIFOLD_SOLID_BREP('',#1194);
#1194 = CLOSED_SHELL('',(#1195));
#1195 = ADVANCED_FACE('',(#1196),#1200,.T.);
#1196 = FACE_BOUND('',#1197,.T.);
#1197 = VERTEX_LOOP('',#1198);
#1198 = VERTEX_POINT('',#1199);
#1199 = CARTESIAN_POINT('',(1.071565949254E-17,-2.624579619658E-33,
    -0.175));
#1200 = SPHERICAL_SURFACE('',#1201,0.175);
#1201 = AXIS2_PLACEMENT_3D('',#1202,#1203,#1204);
#1202 = CARTESIAN_POINT('',(0.,0.,0.));
#1203 = DIRECTION('',(0.,0.,1.));
#1204 = DIRECTION('',(1.,0.,-0.));
#1205 = ( GEOMETRIC_REPRESENTATION_CONTEXT(3) 
GLOBAL_UNCERTAINTY_ASSIGNED_CONTEXT((#1209)) 
GLOBAL_UNIT_ASSIGNED_CONTEXT((#1206,#1207,#1208)) REPRESENTATION_CONTEXT
('Context #1','3D Context with UNIT and UNCERTAINTY') );
#1206 = ( LENGTH_UNIT() NAMED_UNIT(*) SI_UNIT(.MILLI.,.METRE.) );
#1207 = ( NAMED_UNIT(*) PLANE_ANGLE_UNIT() SI_UNIT($,.RADIAN.) );
#1208 = ( NAMED_UNIT(*) SI_UNIT($,.STERADIAN.) SOLID_ANGLE_UNIT() );
#1209 = UNCERTAINTY_MEASURE_WITH_UNIT(LENGTH_MEASURE(1.E-07),#1206,
  'distance_accuracy_value','confusion accuracy');
#1210 = SHAPE_DEFINITION_REPRESENTATION(#1211,#1192);
#1211 = PRODUCT_DEFINITION_SHAPE('','',#1212);
#1212 = PRODUCT_DEFINITION('design','',#1213,#1216);
#1213 = PRODUCT_DEFINITION_FORMATION('','',#1214);
#1214 = PRODUCT('A2','A2','',(#1215));
#1215 = PRODUCT_CONTEXT('',#2,'mechanical');
#1216 = PRODUCT_DEFINITION_CONTEXT('part definition',#2,'design');
#1217 = CONTEXT_DEPENDENT_SHAPE_REPRESENTATION(#1218,#1220);
#1218 = ( REPRESENTATION_RELATIONSHIP('','',#1192,#10) 
REPRESENTATION_RELATIONSHIP_WITH_TRANSFORMATION(#1219) 
SHAPE_REPRESENTATION_RELATIONSHIP() );
#1219 = ITEM_DEFINED_TRANSFORMATION('','',#11,#19);
#1220 = PRODUCT_DEFINITION_SHAPE('Placement','Placement of an item',
  #1221);
#1221 = NEXT_ASSEMBLY_USAGE_OCCURRENCE('2','=>[0:1:1:3]','',#5,#1212,$);
#1222 = PRODUCT_RELATED_PRODUCT_CATEGORY('part',$,(#1214));
#1223 = ADVANCED_BREP_SHAPE_REPRESENTATION('',(#11,#1224),#1236);
#1224 = MANIFOLD_SOLID_BREP('',#1225);
#1225 = CLOSED_SHELL('',(#1226));
#1226 = ADVANCED_FACE('',(#1227),#1231,.T.);
#1227 = FACE_BOUND('',#1228,.T.);
#1228 = VERTEX_LOOP('',#1229);
#1229 = VERTEX_POINT('',#1230);
#1230 = CARTESIAN_POINT('',(1.071565949254E-17,-2.624579619658E-33,
    -0.175));
#1231 = SPHERICAL_SURFACE('',#1232,0.175);
#1232 = AXIS2_PLACEMENT_3D('',#1233,#1234,#1235);
#1233 = CARTESIAN_POINT('',(0.,0.,0.));
#1234 = DIRECTION('',(0.,0.,1.));
#1235 = DIRECTION('',(1.,0.,-0.));
#1236 = ( GEOMETRIC_REPRESENTATION_CONTEXT(3) 
GLOBAL_UNCERTAINTY_ASSIGNED_CONTEXT((#1240)) 
GLOBAL_UNIT_ASSIGNED_CONTEXT((#1237,#1238,#1239)) REPRESENTATION_CONTEXT
('Context #1','3D Context with UNIT and UNCERTAINTY') );
#1237 = ( LENGTH_UNIT() NAMED_UNIT(*) SI_UNIT(.MILLI.,.METRE.) );
#1238 = ( NAMED_UNIT(*) PLANE_ANGLE_UNIT() SI_UNIT($,.RADIAN.) );
#1239 = ( NAMED_UNIT(*) SI_UNIT($,.STERADIAN.) SOLID_ANGLE_UNIT() );
#1240 = UNCERTAINTY_MEASURE_WITH_UNIT(LENGTH_MEASURE(1.E-07),#1237,
  'distance_accuracy_value','confusion accuracy');
#1241 = SHAPE_DEFINITION_REPRESENTATION(#1242,#1223);
#1242 = PRODUCT_DEFINITION_SHAPE('','',#1243);
#1243 = PRODUCT_DEFINITION('design','',#1244,#1247);
#1244 = PRODUCT_DEFINITION_FORMATION('','',#1245);
#1245 = PRODUCT('A4','A4','',(#1246));
#1246 = PRODUCT_CONTEXT('',#2,'mechanical');
#1247 = PRODUCT_DEFINITION_CONTEXT('part definition',#2,'design');
#1248 = CONTEXT_DEPENDENT_SHAPE_REPRESENTATION(#1249,#1251);
#1249 = ( REPRESENTATION_RELATIONSHIP('','',#1223,#10) 
REPRESENTATION_RELATIONSHIP_WITH_TRANSFORMATION(#1250) 
SHAPE_REPRESENTATION_RELATIONSHIP() );
#1250 = ITEM_DEFINED_TRANSFORMATION('','',#11,#23);
#1251 = PRODUCT_DEFINITION_SHAPE('Placement','Placement of an item',
  #1252);
#1252 = NEXT_ASSEMBLY_USAGE_OCCURRENCE('3','=>[0:1:1:4]','',#5,#1243,$);
#1253 = PRODUCT_RELATED_PRODUCT_CATEGORY('part',$,(#1245));
#1254 = ADVANCED_BREP_SHAPE_REPRESENTATION('',(#11,#1255),#1267);
#1255 = MANIFOLD_SOLID_BREP('',#1256);
#1256 = CLOSED_SHELL('',(#1257));
#1257 = ADVANCED_FACE('',(#1258),#1262,.T.);
#1258 = FACE_BOUND('',#1259,.T.);
#1259 = VERTEX_LOOP('',#1260);
#1260 = VERTEX_POINT('',#1261);
#1261 = CARTESIAN_POINT('',(1.071565949254E-17,-2.624579619658E-33,
    -0.175));
#1262 = SPHERICAL_SURFACE('',#1263,0.175);
#1263 = AXIS2_PLACEMENT_3D('',#1264,#1265,#1266);
#1264 = CARTESIAN_POINT('',(0.,0.,0.));
#1265 = DIRECTION('',(0.,0.,1.));
#1266 = DIRECTION('',(1.,0.,-0.));
#1267 = ( GEOMETRIC_REPRESENTATION_CONTEXT(3) 
GLOBAL_UNCERTAINTY_ASSIGNED_CONTEXT((#1271)) 
GLOBAL_UNIT_ASSIGNED_CONTEXT((#1268,#1269,#1270)) REPRESENTATION_CONTEXT
('Context #1','3D Context with UNIT and UNCERTAINTY') );
#1268 = ( LENGTH_UNIT() NAMED_UNIT(*) SI_UNIT(.MILLI.,.METRE.) );
#1269 = ( NAMED_UNIT(*) PLANE_ANGLE_UNIT() SI_UNIT($,.RADIAN.) );
#1270 = ( NAMED_UNIT(*) SI_UNIT($,.STERADIAN.) SOLID_ANGLE_UNIT() );
#1271 = UNCERTAINTY_MEASURE_WITH_UNIT(LENGTH_MEASURE(1.E-07),#1268,
  'distance_accuracy_value','confusion accuracy');
#1272 = SHAPE_DEFINITION_REPRESENTATION(#1273,#1254);
#1273 = PRODUCT_DEFINITION_SHAPE('','',#1274);
#1274 = PRODUCT_DEFINITION('design','',#1275,#1278);
#1275 = PRODUCT_DEFINITION_FORMATION('','',#1276);
#1276 = PRODUCT('A6','A6','',(#1277));
#1277 = PRODUCT_CONTEXT('',#2,'mechanical');
#1278 = PRODUCT_DEFINITION_CONTEXT('part definition',#2,'design');
#1279 = CONTEXT_DEPENDENT_SHAPE_REPRESENTATION(#1280,#1282);
#1280 = ( REPRESENTATION_RELATIONSHIP('','',#1254,#10) 
REPRESENTATION_RELATIONSHIP_WITH_TRANSFORMATION(#1281) 
SHAPE_REPRESENTATION_RELATIONSHIP() );
#1281 = ITEM_DEFINED_TRANSFORMATION('','',#11,#27);
#1282 = PRODUCT_DEFINITION_SHAPE('Placement','Placement of an item',
  #1283);
#1283 = NEXT_ASSEMBLY_USAGE_OCCURRENCE('4','=>[0:1:1:5]','',#5,#1274,$);
#1284 = PRODUCT_RELATED_PRODUCT_CATEGORY('part',$,(#1276));
#1285 = ADVANCED_BREP_SHAPE_REPRESENTATION('',(#11,#1286),#1298);
#1286 = MANIFOLD_SOLID_BREP('',#1287);
#1287 = CLOSED_SHELL('',(#1288));
#1288 = ADVANCED_FACE('',(#1289),#1293,.T.);
#1289 = FACE_BOUND('',#1290,.T.);
#1290 = VERTEX_LOOP('',#1291);
#1291 = VERTEX_POINT('',#1292);
#1292 = CARTESIAN_POINT('',(1.071565949254E-17,-2.624579619658E-33,
    -0.175));
#1293 = SPHERICAL_SURFACE('',#1294,0.175);
#1294 = AXIS2_PLACEMENT_3D('',#1295,#1296,#1297);
#1295 = CARTESIAN_POINT('',(0.,0.,0.));
#1296 = DIRECTION('',(0.,0.,1.));
#1297 = DIRECTION('',(1.,0.,-0.));
#1298 = ( GEOMETRIC_REPRESENTATION_CONTEXT(3) 
GLOBAL_UNCERTAINTY_ASSIGNED_CONTEXT((#1302)) 
GLOBAL_UNIT_ASSIGNED_CONTEXT((#1299,#1300,#1301)) REPRESENTATION_CONTEXT
('Context #1','3D Context with UNIT and UNCERTAINTY') );
#1299 = ( LENGTH_UNIT() NAMED_UNIT(*) SI_UNIT(.MILLI.,.METRE.) );
#1300 = ( NAMED_UNIT(*) PLANE_ANGLE_UNIT() SI_UNIT($,.RADIAN.) );
#1301 = ( NAMED_UNIT(*) SI_UNIT($,.STERADIAN.) SOLID_ANGLE_UNIT() );
#1302 = UNCERTAINTY_MEASURE_WITH_UNIT(LENGTH_MEASURE(1.E-07),#1299,
  'distance_accuracy_value','confusion accuracy');
#1303 = SHAPE_DEFINITION_REPRESENTATION(#1304,#1285);
#1304 = PRODUCT_DEFINITION_SHAPE('','',#1305);
#1305 = PRODUCT_DEFINITION('design','',#1306,#1309);
#1306 = PRODUCT_DEFINITION_FORMATION('','',#1307);
#1307 = PRODUCT('A8','A8','',(#1308));
#1308 = PRODUCT_CONTEXT('',#2,'mechanical');
#1309 = PRODUCT_DEFINITION_CONTEXT('part definition',#2,'design');
#1310 = CONTEXT_DEPENDENT_SHAPE_REPRESENTATION(#1311,#1313);
#1311 = ( REPRESENTATION_RELATIONSHIP('','',#1285,#10) 
REPRESENTATION_RELATIONSHIP_WITH_TRANSFORMATION(#1312) 
SHAPE_REPRESENTATION_RELATIONSHIP() );
#1312 = ITEM_DEFINED_TRANSFORMATION('','',#11,#31);
#1313 = PRODUCT_DEFINITION_SHAPE('Placement','Placement of an item',
  #1314);
#1314 = NEXT_ASSEMBLY_USAGE_OCCURRENCE('5','=>[0:1:1:6]','',#5,#1305,$);
#1315 = PRODUCT_RELATED_PRODUCT_CATEGORY('part',$,(#1307));
#1316 = ADVANCED_BREP_SHAPE_REPRESENTATION('',(#11,#1317),#1329);
#1317 = MANIFOLD_SOLID_BREP('',#1318);
#1318 = CLOSED_SHELL('',(#1319));
#1319 = ADVANCED_FACE('',(#1320),#1324,.T.);
#1320 = FACE_BOUND('',#1321,.T.);
#1321 = VERTEX_LOOP('',#1322);
#1322 = VERTEX_POINT('',#1323);
#1323 = CARTESIAN_POINT('',(1.071565949254E-17,-2.624579619658E-33,
    -0.175));
#1324 = SPHERICAL_SURFACE('',#1325,0.175);
#1325 = AXIS2_PLACEMENT_3D('',#1326,#1327,#1328);
#1326 = CARTESIAN_POINT('',(0.,0.,0.));
#1327 = DIRECTION('',(0.,0.,1.));
#1328 = DIRECTION('',(1.,0.,-0.));
#1329 = ( GEOMETRIC_REPRESENTATION_CONTEXT(3) 
GLOBAL_UNCERTAINTY_ASSIGNED_CONTEXT((#1333)) 
GLOBAL_UNIT_ASSIGNED_CONTEXT((#1330,#1331,#1332)) REPRESENTATION_CONTEXT
('Context #1','3D Context with UNIT and UNCERTAINTY') );
#1330 = ( LENGTH_UNIT() NAMED_UNIT(*) SI_UNIT(.MILLI.,.METRE.) );
#1331 = ( NAMED_UNIT(*) PLANE_ANGLE_UNIT() SI_UNIT($,.RADIAN.) );
#1332 = ( NAMED_UNIT(*) SI_UNIT($,.STERADIAN.) SOLID_ANGLE_UNIT() );
#1333 = UNCERTAINTY_MEASURE_WITH_UNIT(LENGTH_MEASURE(1.E-07),#1330,
  'distance_accuracy_value','confusion accuracy');
#1334 = SHAPE_DEFINITION_REPRESENTATION(#1335,#1316);
#1335 = PRODUCT_DEFINITION_SHAPE('','',#1336);
#1336 = PRODUCT_DEFINITION('design','',#1337,#1340);
#1337 = PRODUCT_DEFINITION_FORMATION('','',#1338);
#1338 = PRODUCT('A10','A10','',(#1339));
#1339 = PRODUCT_CONTEXT('',#2,'mechanical');
#1340 = PRODUCT_DEFINITION_CONTEXT('part definition',#2,'design');
#1341 = CONTEXT_DEPENDENT_SHAPE_REPRESENTATION(#1342,#1344);
#1342 = ( REPRESENTATION_RELATIONSHIP('','',#1316,#10) 
REPRESENTATION_RELATIONSHIP_WITH_TRANSFORMATION(#1343) 
SHAPE_REPRESENTATION_RELATIONSHIP() );
#1343 = ITEM_DEFINED_TRANSFORMATION('','',#11,#35);
#1344 = PRODUCT_DEFINITION_SHAPE('Placement','Placement of an item',
  #1345);
#1345 = NEXT_ASSEMBLY_USAGE_OCCURRENCE('6','=>[0:1:1:7]','',#5,#1336,$);
#1346 = PRODUCT_RELATED_PRODUCT_CATEGORY('part',$,(#1338));
#1347 = ADVANCED_BREP_SHAPE_REPRESENTATION('',(#11,#1348),#1360);
#1348 = MANIFOLD_SOLID_BREP('',#1349);
#1349 = CLOSED_SHELL('',(#1350));
#1350 = ADVANCED_FACE('',(#1351),#1355,.T.);
#1351 = FACE_BOUND('',#1352,.T.);
#1352 = VERTEX_LOOP('',#1353);
#1353 = VERTEX_POINT('',#1354);
#1354 = CARTESIAN_POINT('',(1.071565949254E-17,-2.624579619658E-33,
    -0.175));
#1355 = SPHERICAL_SURFACE('',#1356,0.175);
#1356 = AXIS2_PLACEMENT_3D('',#1357,#1358,#1359);
#1357 = CARTESIAN_POINT('',(0.,0.,0.));
#1358 = DIRECTION('',(0.,0.,1.));
#1359 = DIRECTION('',(1.,0.,-0.));
#1360 = ( GEOMETRIC_REPRESENTATION_CONTEXT(3) 
GLOBAL_UNCERTAINTY_ASSIGNED_CONTEXT((#1364)) 
GLOBAL_UNIT_ASSIGNED_CONTEXT((#1361,#1362,#1363)) REPRESENTATION_CONTEXT
('Context #1','3D Context with UNIT and UNCERTAINTY') );
#1361 = ( LENGTH_UNIT() NAMED_UNIT(*) SI_UNIT(.MILLI.,.METRE.) );
#1362 = ( NAMED_UNIT(*) PLANE_ANGLE_UNIT() SI_UNIT($,.RADIAN.) );
#1363 = ( NAMED_UNIT(*) SI_UNIT($,.STERADIAN.) SOLID_ANGLE_UNIT() );
#1364 = UNCERTAINTY_MEASURE_WITH_UNIT(LENGTH_MEASURE(1.E-07),#1361,
  'distance_accuracy_value','confusion accuracy');
#1365 = SHAPE_DEFINITION_REPRESENTATION(#1366,#1347);
#1366 = PRODUCT_DEFINITION_SHAPE('','',#1367);
#1367 = PRODUCT_DEFINITION('design','',#1368,#1371);
#1368 = PRODUCT_DEFINITION_FORMATION('','',#1369);
#1369 = PRODUCT('A12','A12','',(#1370));
#1370 = PRODUCT_CONTEXT('',#2,'mechanical');
#1371 = PRODUCT_DEFINITION_CONTEXT('part definition',#2,'design');
#1372 = CONTEXT_DEPENDENT_SHAPE_REPRESENTATION(#1373,#1375);
#1373 = ( REPRESENTATION_RELATIONSHIP('','',#1347,#10) 
REPRESENTATION_RELATIONSHIP_WITH_TRANSFORMATION(#1374) 
SHAPE_REPRESENTATION_RELATIONSHIP() );
#1374 = ITEM_DEFINED_TRANSFORMATION('','',#11,#39);
#1375 = PRODUCT_DEFINITION_SHAPE('Placement','Placement of an item',
  #1376);
#1376 = NEXT_ASSEMBLY_USAGE_OCCURRENCE('7','=>[0:1:1:8]','',#5,#1367,$);
#1377 = PRODUCT_RELATED_PRODUCT_CATEGORY('part',$,(#1369));
#1378 = ADVANCED_BREP_SHAPE_REPRESENTATION('',(#11,#1379),#1391);
#1379 = MANIFOLD_SOLID_BREP('',#1380);
#1380 = CLOSED_SHELL('',(#1381));
#1381 = ADVANCED_FACE('',(#1382),#1386,.T.);
#1382 = FACE_BOUND('',#1383,.T.);
#1383 = VERTEX_LOOP('',#1384);
#1384 = VERTEX_POINT('',#1385);
#1385 = CARTESIAN_POINT('',(1.071565949254E-17,-2.624579619658E-33,
    -0.175));
#1386 = SPHERICAL_SURFACE('',#1387,0.175);
#1387 = AXIS2_PLACEMENT_3D('',#1388,#1389,#1390);
#1388 = CARTESIAN_POINT('',(0.,0.,0.));
#1389 = DIRECTION('',(0.,0.,1.));
#1390 = DIRECTION('',(1.,0.,-0.));
#1391 = ( GEOMETRIC_REPRESENTATION_CONTEXT(3) 
GLOBAL_UNCERTAINTY_ASSIGNED_CONTEXT((#1395)) 
GLOBAL_UNIT_ASSIGNED_CONTEXT((#1392,#1393,#1394)) REPRESENTATION_CONTEXT
('Context #1','3D Context with UNIT and UNCERTAINTY') );
#1392 = ( LENGTH_UNIT() NAMED_UNIT(*) SI_UNIT(.MILLI.,.METRE.) );
#1393 = ( NAMED_UNIT(*) PLANE_ANGLE_UNIT() SI_UNIT($,.RADIAN.) );
#1394 = ( NAMED_UNIT(*) SI_UNIT($,.STERADIAN.) SOLID_ANGLE_UNIT() );
#1395 = UNCERTAINTY_MEASURE_WITH_UNIT(LENGTH_MEASURE(1.E-07),#1392,
  'distance_accuracy_value','confusion accuracy');
#1396 = SHAPE_DEFINITION_REPRESENTATION(#1397,#1378);
#1397 = PRODUCT_DEFINITION_SHAPE('','',#1398);
#1398 = PRODUCT_DEFINITION('design','',#1399,#1402);
#1399 = PRODUCT_DEFINITION_FORMATION('','',#1400);
#1400 = PRODUCT('A14','A14','',(#1401));
#1401 = PRODUCT_CONTEXT('',#2,'mechanical');
#1402 = PRODUCT_DEFINITION_CONTEXT('part definition',#2,'design');
#1403 = CONTEXT_DEPENDENT_SHAPE_REPRESENTATION(#1404,#1406);
#1404 = ( REPRESENTATION_RELATIONSHIP('','',#1378,#10) 
REPRESENTATION_RELATIONSHIP_WITH_TRANSFORMATION(#1405) 
SHAPE_REPRESENTATION_RELATIONSHIP() );
#1405 = ITEM_DEFINED_TRANSFORMATION('','',#11,#43);
#1406 = PRODUCT_DEFINITION_SHAPE('Placement','Placement of an item',
  #1407);
#1407 = NEXT_ASSEMBLY_USAGE_OCCURRENCE('8','=>[0:1:1:9]','',#5,#1398,$);
#1408 = PRODUCT_RELATED_PRODUCT_CATEGORY('part',$,(#1400));
#1409 = ADVANCED_BREP_SHAPE_REPRESENTATION('',(#11,#1410),#1422);
#1410 = MANIFOLD_SOLID_BREP('',#1411);
#1411 = CLOSED_SHELL('',(#1412));
#1412 = ADVANCED_FACE('',(#1413),#1417,.T.);
#1413 = FACE_BOUND('',#1414,.T.);
#1414 = VERTEX_LOOP('',#1415);
#1415 = VERTEX_POINT('',#1416);
#1416 = CARTESIAN_POINT('',(1.071565949254E-17,-2.624579619658E-33,
    -0.175));
#1417 = SPHERICAL_SURFACE('',#1418,0.175);
#1418 = AXIS2_PLACEMENT_3D('',#1419,#1420,#1421);
#1419 = CARTESIAN_POINT('',(0.,0.,0.));
#1420 = DIRECTION('',(0.,0.,1.));
#1421 = DIRECTION('',(1.,0.,-0.));
#1422 = ( GEOMETRIC_REPRESENTATION_CONTEXT(3) 
GLOBAL_UNCERTAINTY_ASSIGNED_CONTEXT((#1426)) 
GLOBAL_UNIT_ASSIGNED_CONTEXT((#1423,#1424,#1425)) REPRESENTATION_CONTEXT
('Context #1','3D Context with UNIT and UNCERTAINTY') );
#1423 = ( LENGTH_UNIT() NAMED_UNIT(*) SI_UNIT(.MILLI.,.METRE.) );
#1424 = ( NAMED_UNIT(*) PLANE_ANGLE_UNIT() SI_UNIT($,.RADIAN.) );
#1425 = ( NAMED_UNIT(*) SI_UNIT($,.STERADIAN.) SOLID_ANGLE_UNIT() );
#1426 = UNCERTAINTY_MEASURE_WITH_UNIT(LENGTH_MEASURE(1.E-07),#1423,
  'distance_accuracy_value','confusion accuracy');
#1427 = SHAPE_DEFINITION_REPRESENTATION(#1428,#1409);
#1428 = PRODUCT_DEFINITION_SHAPE('','',#1429);
#1429 = PRODUCT_DEFINITION('design','',#1430,#1433);
#1430 = PRODUCT_DEFINITION_FORMATION('','',#1431);
#1431 = PRODUCT('A16','A16','',(#1432));
#1432 = PRODUCT_CONTEXT('',#2,'mechanical');
#1433 = PRODUCT_DEFINITION_CONTEXT('part definition',#2,'design');
#1434 = CONTEXT_DEPENDENT_SHAPE_REPRESENTATION(#1435,#1437);
#1435 = ( REPRESENTATION_RELATIONSHIP('','',#1409,#10) 
REPRESENTATION_RELATIONSHIP_WITH_TRANSFORMATION(#1436) 
SHAPE_REPRESENTATION_RELATIONSHIP() );
#1436 = ITEM_DEFINED_TRANSFORMATION('','',#11,#47);
#1437 = PRODUCT_DEFINITION_SHAPE('Placement','Placement of an item',
  #1438);
#1438 = NEXT_ASSEMBLY_USAGE_OCCURRENCE('9','=>[0:1:1:10]','',#5,#1429,$
  );
#1439 = PRODUCT_RELATED_PRODUCT_CATEGORY('part',$,(#1431));
#1440 = ADVANCED_BREP_SHAPE_REPRESENTATION('',(#11,#1441),#1453);
#1441 = MANIFOLD_SOLID_BREP('',#1442);
#1442 = CLOSED_SHELL('',(#1443));
#1443 = ADVANCED_FACE('',(#1444),#1448,.T.);
#1444 = FACE_BOUND('',#1445,.T.);
#1445 = VERTEX_LOOP('',#1446);
#1446 = VERTEX_POINT('',#1447);
#1447 = CARTESIAN_POINT('',(1.071565949254E-17,-2.624579619658E-33,
    -0.175));
#1448 = SPHERICAL_SURFACE('',#1449,0.175);
#1449 = AXIS2_PLACEMENT_3D('',#1450,#1451,#1452);
#1450 = CARTESIAN_POINT('',(0.,0.,0.));
#1451 = DIRECTION('',(0.,0.,1.));
#1452 = DIRECTION('',(1.,0.,-0.));
#1453 = ( GEOMETRIC_REPRESENTATION_CONTEXT(3) 
GLOBAL_UNCERTAINTY_ASSIGNED_CONTEXT((#1457)) 
GLOBAL_UNIT_ASSIGNED_CONTEXT((#1454,#1455,#1456)) REPRESENTATION_CONTEXT
('Context #1','3D Context with UNIT and UNCERTAINTY') );
#1454 = ( LENGTH_UNIT() NAMED_UNIT(*) SI_UNIT(.MILLI.,.METRE.) );
#1455 = ( NAMED_UNIT(*) PLANE_ANGLE_UNIT() SI_UNIT($,.RADIAN.) );
#1456 = ( NAMED_UNIT(*) SI_UNIT($,.STERADIAN.) SOLID_ANGLE_UNIT() );
#1457 = UNCERTAINTY_MEASURE_WITH_UNIT(LENGTH_MEASURE(1.E-07),#1454,
  'distance_accuracy_value','confusion accuracy');
#1458 = SHAPE_DEFINITION_REPRESENTATION(#1459,#1440);
#1459 = PRODUCT_DEFINITION_SHAPE('','',#1460);
#1460 = PRODUCT_DEFINITION('design','',#1461,#1464);
#1461 = PRODUCT_DEFINITION_FORMATION('','',#1462);
#1462 = PRODUCT('A18','A18','',(#1463));
#1463 = PRODUCT_CONTEXT('',#2,'mechanical');
#1464 = PRODUCT_DEFINITION_CONTEXT('part definition',#2,'design');
#1465 = CONTEXT_DEPENDENT_SHAPE_REPRESENTATION(#1466,#1468);
#1466 = ( REPRESENTATION_RELATIONSHIP('','',#1440,#10) 
REPRESENTATION_RELATIONSHIP_WITH_TRANSFORMATION(#1467) 
SHAPE_REPRESENTATION_RELATIONSHIP() );
#1467 = ITEM_DEFINED_TRANSFORMATION('','',#11,#51);
#1468 = PRODUCT_DEFINITION_SHAPE('Placement','Placement of an item',
  #1469);
#1469 = NEXT_ASSEMBLY_USAGE_OCCURRENCE('10','=>[0:1:1:11]','',#5,#1460,$
  );
#1470 = PRODUCT_RELATED_PRODUCT_CATEGORY('part',$,(#1462));
#1471 = ADVANCED_BREP_SHAPE_REPRESENTATION('',(#11,#1472),#1484);
#1472 = MANIFOLD_SOLID_BREP('',#1473);
#1473 = CLOSED_SHELL('',(#1474));
#1474 = ADVANCED_FACE('',(#1475),#1479,.T.);
#1475 = FACE_BOUND('',#1476,.T.);
#1476 = VERTEX_LOOP('',#1477);
#1477 = VERTEX_POINT('',#1478);
#1478 = CARTESIAN_POINT('',(1.071565949254E-17,-2.624579619658E-33,
    -0.175));
#1479 = SPHERICAL_SURFACE('',#1480,0.175);
#1480 = AXIS2_PLACEMENT_3D('',#1481,#1482,#1483);
#1481 = CARTESIAN_POINT('',(0.,0.,0.));
#1482 = DIRECTION('',(0.,0.,1.));
#1483 = DIRECTION('',(1.,0.,-0.));
#1484 = ( GEOMETRIC_REPRESENTATION_CONTEXT(3) 
GLOBAL_UNCERTAINTY_ASSIGNED_CONTEXT((#1488)) 
GLOBAL_UNIT_ASSIGNED_CONTEXT((#1485,#1486,#1487)) REPRESENTATION_CONTEXT
('Context #1','3D Context with UNIT and UNCERTAINTY') );
#1485 = ( LENGTH_UNIT() NAMED_UNIT(*) SI_UNIT(.MILLI.,.METRE.) );
#1486 = ( NAMED_UNIT(*) PLANE_ANGLE_UNIT() SI_UNIT($,.RADIAN.) );
#1487 = ( NAMED_UNIT(*) SI_UNIT($,.STERADIAN.) SOLID_ANGLE_UNIT() );
#1488 = UNCERTAINTY_MEASURE_WITH_UNIT(LENGTH_MEASURE(1.E-07),#1485,
  'distance_accuracy_value','confusion accuracy');
#1489 = SHAPE_DEFINITION_REPRESENTATION(#1490,#1471);
#1490 = PRODUCT_DEFINITION_SHAPE('','',#1491);
#1491 = PRODUCT_DEFINITION('design','',#1492,#1495);
#1492 = PRODUCT_DEFINITION_FORMATION('','',#1493);
#1493 = PRODUCT('A19','A19','',(#1494));
#1494 = PRODUCT_CONTEXT('',#2,'mechanical');
#1495 = PRODUCT_DEFINITION_CONTEXT('part definition',#2,'design');
#1496 = CONTEXT_DEPENDENT_SHAPE_REPRESENTATION(#1497,#1499);
#1497 = ( REPRESENTATION_RELATIONSHIP('','',#1471,#10) 
REPRESENTATION_RELATIONSHIP_WITH_TRANSFORMATION(#1498) 
SHAPE_REPRESENTATION_RELATIONSHIP() );
#1498 = ITEM_DEFINED_TRANSFORMATION('','',#11,#55);
#1499 = PRODUCT_DEFINITION_SHAPE('Placement','Placement of an item',
  #1500);
#1500 = NEXT_ASSEMBLY_USAGE_OCCURRENCE('11','=>[0:1:1:12]','',#5,#1491,$
  );
#1501 = PRODUCT_RELATED_PRODUCT_CATEGORY('part',$,(#1493));
#1502 = ADVANCED_BREP_SHAPE_REPRESENTATION('',(#11,#1503),#1515);
#1503 = MANIFOLD_SOLID_BREP('',#1504);
#1504 = CLOSED_SHELL('',(#1505));
#1505 = ADVANCED_FACE('',(#1506),#1510,.T.);
#1506 = FACE_BOUND('',#1507,.T.);
#1507 = VERTEX_LOOP('',#1508);
#1508 = VERTEX_POINT('',#1509);
#1509 = CARTESIAN_POINT('',(1.071565949254E-17,-2.624579619658E-33,
    -0.175));
#1510 = SPHERICAL_SURFACE('',#1511,0.175);
#1511 = AXIS2_PLACEMENT_3D('',#1512,#1513,#1514);
#1512 = CARTESIAN_POINT('',(0.,0.,0.));
#1513 = DIRECTION('',(0.,0.,1.));
#1514 = DIRECTION('',(1.,0.,-0.));
#1515 = ( GEOMETRIC_REPRESENTATION_CONTEXT(3) 
GLOBAL_UNCERTAINTY_ASSIGNED_CONTEXT((#1519)) 
GLOBAL_UNIT_ASSIGNED_CONTEXT((#1516,#1517,#1518)) REPRESENTATION_CONTEXT
('Context #1','3D Context with UNIT and UNCERTAINTY') );
#1516 = ( LENGTH_UNIT() NAMED_UNIT(*) SI_UNIT(.MILLI.,.METRE.) );
#1517 = ( NAMED_UNIT(*) PLANE_ANGLE_UNIT() SI_UNIT($,.RADIAN.) );
#1518 = ( NAMED_UNIT(*) SI_UNIT($,.STERADIAN.) SOLID_ANGLE_UNIT() );
#1519 = UNCERTAINTY_MEASURE_WITH_UNIT(LENGTH_MEASURE(1.E-07),#1516,
  'distance_accuracy_value','confusion accuracy');
#1520 = SHAPE_DEFINITION_REPRESENTATION(#1521,#1502);
#1521 = PRODUCT_DEFINITION_SHAPE('','',#1522);
#1522 = PRODUCT_DEFINITION('design','',#1523,#1526);
#1523 = PRODUCT_DEFINITION_FORMATION('','',#1524);
#1524 = PRODUCT('A20','A20','',(#1525));
#1525 = PRODUCT_CONTEXT('',#2,'mechanical');
#1526 = PRODUCT_DEFINITION_CONTEXT('part definition',#2,'design');
#1527 = CONTEXT_DEPENDENT_SHAPE_REPRESENTATION(#1528,#1530);
#1528 = ( REPRESENTATION_RELATIONSHIP('','',#1502,#10) 
REPRESENTATION_RELATIONSHIP_WITH_TRANSFORMATION(#1529) 
SHAPE_REPRESENTATION_RELATIONSHIP() );
#1529 = ITEM_DEFINED_TRANSFORMATION('','',#11,#59);
#1530 = PRODUCT_DEFINITION_SHAPE('Placement','Placement of an item',
  #1531);
#1531 = NEXT_ASSEMBLY_USAGE_OCCURRENCE('12','=>[0:1:1:13]','',#5,#1522,$
  );
#1532 = PRODUCT_RELATED_PRODUCT_CATEGORY('part',$,(#1524));
#1533 = ADVANCED_BREP_SHAPE_REPRESENTATION('',(#11,#1534),#1546);
#1534 = MANIFOLD_SOLID_BREP('',#1535);
#1535 = CLOSED_SHELL('',(#1536));
#1536 = ADVANCED_FACE('',(#1537),#1541,.T.);
#1537 = FACE_BOUND('',#1538,.T.);
#1538 = VERTEX_LOOP('',#1539);
#1539 = VERTEX_POINT('',#1540);
#1540 = CARTESIAN_POINT('',(1.071565949254E-17,-2.624579619658E-33,
    -0.175));
#1541 = SPHERICAL_SURFACE('',#1542,0.175);
#1542 = AXIS2_PLACEMENT_3D('',#1543,#1544,#1545);
#1543 = CARTESIAN_POINT('',(0.,0.,0.));
#1544 = DIRECTION('',(0.,0.,1.));
#1545 = DIRECTION('',(1.,0.,-0.));
#1546 = ( GEOMETRIC_REPRESENTATION_CONTEXT(3) 
GLOBAL_UNCERTAINTY_ASSIGNED_CONTEXT((#1550)) 
GLOBAL_UNIT_ASSIGNED_CONTEXT((#1547,#1548,#1549)) REPRESENTATION_CONTEXT
('Context #1','3D Context with UNIT and UNCERTAINTY') );
#1547 = ( LENGTH_UNIT() NAMED_UNIT(*) SI_UNIT(.MILLI.,.METRE.) );
#1548 = ( NAMED_UNIT(*) PLANE_ANGLE_UNIT() SI_UNIT($,.RADIAN.) );
#1549 = ( NAMED_UNIT(*) SI_UNIT($,.STERADIAN.) SOLID_ANGLE_UNIT() );
#1550 = UNCERTAINTY_MEASURE_WITH_UNIT(LENGTH_MEASURE(1.E-07),#1547,
  'distance_accuracy_value','confusion accuracy');
#1551 = SHAPE_DEFINITION_REPRESENTATION(#1552,#1533);
#1552 = PRODUCT_DEFINITION_SHAPE('','',#1553);
#1553 = PRODUCT_DEFINITION('design','',#1554,#1557);
#1554 = PRODUCT_DEFINITION_FORMATION('','',#1555);
#1555 = PRODUCT('A21','A21','',(#1556));
#1556 = PRODUCT_CONTEXT('',#2,'mechanical');
#1557 = PRODUCT_DEFINITION_CONTEXT('part definition',#2,'design');
#1558 = CONTEXT_DEPENDENT_SHAPE_REPRESENTATION(#1559,#1561);
#1559 = ( REPRESENTATION_RELATIONSHIP('','',#1533,#10) 
REPRESENTATION_RELATIONSHIP_WITH_TRANSFORMATION(#1560) 
SHAPE_REPRESENTATION_RELATIONSHIP() );
#1560 = ITEM_DEFINED_TRANSFORMATION('','',#11,#63);
#1561 = PRODUCT_DEFINITION_SHAPE('Placement','Placement of an item',
  #1562);
#1562 = NEXT_ASSEMBLY_USAGE_OCCURRENCE('13','=>[0:1:1:14]','',#5,#1553,$
  );
#1563 = PRODUCT_RELATED_PRODUCT_CATEGORY('part',$,(#1555));
#1564 = ADVANCED_BREP_SHAPE_REPRESENTATION('',(#11,#1565),#1577);
#1565 = MANIFOLD_SOLID_BREP('',#1566);
#1566 = CLOSED_SHELL('',(#1567));
#1567 = ADVANCED_FACE('',(#1568),#1572,.T.);
#1568 = FACE_BOUND('',#1569,.T.);
#1569 = VERTEX_LOOP('',#1570);
#1570 = VERTEX_POINT('',#1571);
#1571 = CARTESIAN_POINT('',(1.071565949254E-17,-2.624579619658E-33,
    -0.175));
#1572 = SPHERICAL_SURFACE('',#1573,0.175);
#1573 = AXIS2_PLACEMENT_3D('',#1574,#1575,#1576);
#1574 = CARTESIAN_POINT('',(0.,0.,0.));
#1575 = DIRECTION('',(0.,0.,1.));
#1576 = DIRECTION('',(1.,0.,-0.));
#1577 = ( GEOMETRIC_REPRESENTATION_CONTEXT(3) 
GLOBAL_UNCERTAINTY_ASSIGNED_CONTEXT((#1581)) 
GLOBAL_UNIT_ASSIGNED_CONTEXT((#1578,#1579,#1580)) REPRESENTATION_CONTEXT
('Context #1','3D Context with UNIT and UNCERTAINTY') );
#1578 = ( LENGTH_UNIT() NAMED_UNIT(*) SI_UNIT(.MILLI.,.METRE.) );
#1579 = ( NAMED_UNIT(*) PLANE_ANGLE_UNIT() SI_UNIT($,.RADIAN.) );
#1580 = ( NAMED_UNIT(*) SI_UNIT($,.STERADIAN.) SOLID_ANGLE_UNIT() );
#1581 = UNCERTAINTY_MEASURE_WITH_UNIT(LENGTH_MEASURE(1.E-07),#1578,
  'distance_accuracy_value','confusion accuracy');
#1582 = SHAPE_DEFINITION_REPRESENTATION(#1583,#1564);
#1583 = PRODUCT_DEFINITION_SHAPE('','',#1584);
#1584 = PRODUCT_DEFINITION('design','',#1585,#1588);
#1585 = PRODUCT_DEFINITION_FORMATION('','',#1586);
#1586 = PRODUCT('B1','B1','',(#1587));
#1587 = PRODUCT_CONTEXT('',#2,'mechanical');
#1588 = PRODUCT_DEFINITION_CONTEXT('part definition',#2,'design');
#1589 = CONTEXT_DEPENDENT_SHAPE_REPRESENTATION(#1590,#1592);
#1590 = ( REPRESENTATION_RELATIONSHIP('','',#1564,#10) 
REPRESENTATION_RELATIONSHIP_WITH_TRANSFORMATION(#1591) 
SHAPE_REPRESENTATION_RELATIONSHIP() );
#1591 = ITEM_DEFINED_TRANSFORMATION('','',#11,#67);
#1592 = PRODUCT_DEFINITION_SHAPE('Placement','Placement of an item',
  #1593);
#1593 = NEXT_ASSEMBLY_USAGE_OCCURRENCE('14','=>[0:1:1:15]','',#5,#1584,$
  );
#1594 = PRODUCT_RELATED_PRODUCT_CATEGORY('part',$,(#1586));
#1595 = ADVANCED_BREP_SHAPE_REPRESENTATION('',(#11,#1596),#1608);
#1596 = MANIFOLD_SOLID_BREP('',#1597);
#1597 = CLOSED_SHELL('',(#1598));
#1598 = ADVANCED_FACE('',(#1599),#1603,.T.);
#1599 = FACE_BOUND('',#1600,.T.);
#1600 = VERTEX_LOOP('',#1601);
#1601 = VERTEX_POINT('',#1602);
#1602 = CARTESIAN_POINT('',(1.071565949254E-17,-2.624579619658E-33,
    -0.175));
#1603 = SPHERICAL_SURFACE('',#1604,0.175);
#1604 = AXIS2_PLACEMENT_3D('',#1605,#1606,#1607);
#1605 = CARTESIAN_POINT('',(0.,0.,0.));
#1606 = DIRECTION('',(0.,0.,1.));
#1607 = DIRECTION('',(1.,0.,-0.));
#1608 = ( GEOMETRIC_REPRESENTATION_CONTEXT(3) 
GLOBAL_UNCERTAINTY_ASSIGNED_CONTEXT((#1612)) 
GLOBAL_UNIT_ASSIGNED_CONTEXT((#1609,#1610,#1611)) REPRESENTATION_CONTEXT
('Context #1','3D Context with UNIT and UNCERTAINTY') );
#1609 = ( LENGTH_UNIT() NAMED_UNIT(*) SI_UNIT(.MILLI.,.METRE.) );
#1610 = ( NAMED_UNIT(*) PLANE_ANGLE_UNIT() SI_UNIT($,.RADIAN.) );
#1611 = ( NAMED_UNIT(*) SI_UNIT($,.STERADIAN.) SOLID_ANGLE_UNIT() );
#1612 = UNCERTAINTY_MEASURE_WITH_UNIT(LENGTH_MEASURE(1.E-07),#1609,
  'distance_accuracy_value','confusion accuracy');
#1613 = SHAPE_DEFINITION_REPRESENTATION(#1614,#1595);
#1614 = PRODUCT_DEFINITION_SHAPE('','',#1615);
#1615 = PRODUCT_DEFINITION('design','',#1616,#1619);
#1616 = PRODUCT_DEFINITION_FORMATION('','',#1617);
#1617 = PRODUCT('B2','B2','',(#1618));
#1618 = PRODUCT_CONTEXT('',#2,'mechanical');
#1619 = PRODUCT_DEFINITION_CONTEXT('part definition',#2,'design');
#1620 = CONTEXT_DEPENDENT_SHAPE_REPRESENTATION(#1621,#1623);
#1621 = ( REPRESENTATION_RELATIONSHIP('','',#1595,#10) 
REPRESENTATION_RELATIONSHIP_WITH_TRANSFORMATION(#1622) 
SHAPE_REPRESENTATION_RELATIONSHIP() );
#1622 = ITEM_DEFINED_TRANSFORMATION('','',#11,#71);
#1623 = PRODUCT_DEFINITION_SHAPE('Placement','Placement of an item',
  #1624);
#1624 = NEXT_ASSEMBLY_USAGE_OCCURRENCE('15','=>[0:1:1:16]','',#5,#1615,$
  );
#1625 = PRODUCT_RELATED_PRODUCT_CATEGORY('part',$,(#1617));
#1626 = ADVANCED_BREP_SHAPE_REPRESENTATION('',(#11,#1627),#1639);
#1627 = MANIFOLD_SOLID_BREP('',#1628);
#1628 = CLOSED_SHELL('',(#1629));
#1629 = ADVANCED_FACE('',(#1630),#1634,.T.);
#1630 = FACE_BOUND('',#1631,.T.);
#1631 = VERTEX_LOOP('',#1632);
#1632 = VERTEX_POINT('',#1633);
#1633 = CARTESIAN_POINT('',(1.071565949254E-17,-2.624579619658E-33,
    -0.175));
#1634 = SPHERICAL_SURFACE('',#1635,0.175);
#1635 = AXIS2_PLACEMENT_3D('',#1636,#1637,#1638);
#1636 = CARTESIAN_POINT('',(0.,0.,0.));
#1637 = DIRECTION('',(0.,0.,1.));
#1638 = DIRECTION('',(1.,0.,-0.));
#1639 = ( GEOMETRIC_REPRESENTATION_CONTEXT(3) 
GLOBAL_UNCERTAINTY_ASSIGNED_CONTEXT((#1643)) 
GLOBAL_UNIT_ASSIGNED_CONTEXT((#1640,#1641,#1642)) REPRESENTATION_CONTEXT
('Context #1','3D Context with UNIT and UNCERTAINTY') );
#1640 = ( LENGTH_UNIT() NAMED_UNIT(*) SI_UNIT(.MILLI.,.METRE.) );
#1641 = ( NAMED_UNIT(*) PLANE_ANGLE_UNIT() SI_UNIT($,.RADIAN.) );
#1642 = ( NAMED_UNIT(*) SI_UNIT($,.STERADIAN.) SOLID_ANGLE_UNIT() );
#1643 = UNCERTAINTY_MEASURE_WITH_UNIT(LENGTH_MEASURE(1.E-07),#1640,
  'distance_accuracy_value','confusion accuracy');
#1644 = SHAPE_DEFINITION_REPRESENTATION(#1645,#1626);
#1645 = PRODUCT_DEFINITION_SHAPE('','',#1646);
#1646 = PRODUCT_DEFINITION('design','',#1647,#1650);
#1647 = PRODUCT_DEFINITION_FORMATION('','',#1648);
#1648 = PRODUCT('B3','B3','',(#1649));
#1649 = PRODUCT_CONTEXT('',#2,'mechanical');
#1650 = PRODUCT_DEFINITION_CONTEXT('part definition',#2,'design');
#1651 = CONTEXT_DEPENDENT_SHAPE_REPRESENTATION(#1652,#1654);
#1652 = ( REPRESENTATION_RELATIONSHIP('','',#1626,#10) 
REPRESENTATION_RELATIONSHIP_WITH_TRANSFORMATION(#1653) 
SHAPE_REPRESENTATION_RELATIONSHIP() );
#1653 = ITEM_DEFINED_TRANSFORMATION('','',#11,#75);
#1654 = PRODUCT_DEFINITION_SHAPE('Placement','Placement of an item',
  #1655);
#1655 = NEXT_ASSEMBLY_USAGE_OCCURRENCE('16','=>[0:1:1:17]','',#5,#1646,$
  );
#1656 = PRODUCT_RELATED_PRODUCT_CATEGORY('part',$,(#1648));
#1657 = ADVANCED_BREP_SHAPE_REPRESENTATION('',(#11,#1658),#1670);
#1658 = MANIFOLD_SOLID_BREP('',#1659);
#1659 = CLOSED_SHELL('',(#1660));
#1660 = ADVANCED_FACE('',(#1661),#1665,.T.);
#1661 = FACE_BOUND('',#1662,.T.);
#1662 = VERTEX_LOOP('',#1663);
#1663 = VERTEX_POINT('',#1664);
#1664 = CARTESIAN_POINT('',(1.071565949254E-17,-2.624579619658E-33,
    -0.175));
#1665 = SPHERICAL_SURFACE('',#1666,0.175);
#1666 = AXIS2_PLACEMENT_3D('',#1667,#1668,#1669);
#1667 = CARTESIAN_POINT('',(0.,0.,0.));
#1668 = DIRECTION('',(0.,0.,1.));
#1669 = DIRECTION('',(1.,0.,-0.));
#1670 = ( GEOMETRIC_REPRESENTATION_CONTEXT(3) 
GLOBAL_UNCERTAINTY_ASSIGNED_CONTEXT((#1674)) 
GLOBAL_UNIT_ASSIGNED_CONTEXT((#1671,#1672,#1673)) REPRESENTATION_CONTEXT
('Context #1','3D Context with UNIT and UNCERTAINTY') );
#1671 = ( LENGTH_UNIT() NAMED_UNIT(*) SI_UNIT(.MILLI.,.METRE.) );
#1672 = ( NAMED_UNIT(*) PLANE_ANGLE_UNIT() SI_UNIT($,.RADIAN.) );
#1673 = ( NAMED_UNIT(*) SI_UNIT($,.STERADIAN.) SOLID_ANGLE_UNIT() );
#1674 = UNCERTAINTY_MEASURE_WITH_UNIT(LENGTH_MEASURE(1.E-07),#1671,
  'distance_accuracy_value','confusion accuracy');
#1675 = SHAPE_DEFINITION_REPRESENTATION(#1676,#1657);
#1676 = PRODUCT_DEFINITION_SHAPE('','',#1677);
#1677 = PRODUCT_DEFINITION('design','',#1678,#1681);
#1678 = PRODUCT_DEFINITION_FORMATION('','',#1679);
#1679 = PRODUCT('B4','B4','',(#1680));
#1680 = PRODUCT_CONTEXT('',#2,'mechanical');
#1681 = PRODUCT_DEFINITION_CONTEXT('part definition',#2,'design');
#1682 = CONTEXT_DEPENDENT_SHAPE_REPRESENTATION(#1683,#1685);
#1683 = ( REPRESENTATION_RELATIONSHIP('','',#1657,#10) 
REPRESENTATION_RELATIONSHIP_WITH_TRANSFORMATION(#1684) 
SHAPE_REPRESENTATION_RELATIONSHIP() );
#1684 = ITEM_DEFINED_TRANSFORMATION('','',#11,#79);
#1685 = PRODUCT_DEFINITION_SHAPE('Placement','Placement of an item',
  #1686);
#1686 = NEXT_ASSEMBLY_USAGE_OCCURRENCE('17','=>[0:1:1:18]','',#5,#1677,$
  );
#1687 = PRODUCT_RELATED_PRODUCT_CATEGORY('part',$,(#1679));
#1688 = ADVANCED_BREP_SHAPE_REPRESENTATION('',(#11,#1689),#1701);
#1689 = MANIFOLD_SOLID_BREP('',#1690);
#1690 = CLOSED_SHELL('',(#1691));
#1691 = ADVANCED_FACE('',(#1692),#1696,.T.);
#1692 = FACE_BOUND('',#1693,.T.);
#1693 = VERTEX_LOOP('',#1694);
#1694 = VERTEX_POINT('',#1695);
#1695 = CARTESIAN_POINT('',(1.071565949254E-17,-2.624579619658E-33,
    -0.175));
#1696 = SPHERICAL_SURFACE('',#1697,0.175);
#1697 = AXIS2_PLACEMENT_3D('',#1698,#1699,#1700);
#1698 = CARTESIAN_POINT('',(0.,0.,0.));
#1699 = DIRECTION('',(0.,0.,1.));
#1700 = DIRECTION('',(1.,0.,-0.));
#1701 = ( GEOMETRIC_REPRESENTATION_CONTEXT(3) 
GLOBAL_UNCERTAINTY_ASSIGNED_CONTEXT((#1705)) 
GLOBAL_UNIT_ASSIGNED_CONTEXT((#1702,#1703,#1704)) REPRESENTATION_CONTEXT
('Context #1','3D Context with UNIT and UNCERTAINTY') );
#1702 = ( LENGTH_UNIT() NAMED_UNIT(*) SI_UNIT(.MILLI.,.METRE.) );
#1703 = ( NAMED_UNIT(*) PLANE_ANGLE_UNIT() SI_UNIT($,.RADIAN.) );
#1704 = ( NAMED_UNIT(*) SI_UNIT($,.STERADIAN.) SOLID_ANGLE_UNIT() );
#1705 = UNCERTAINTY_MEASURE_WITH_UNIT(LENGTH_MEASURE(1.E-07),#1702,
  'distance_accuracy_value','confusion accuracy');
#1706 = SHAPE_DEFINITION_REPRESENTATION(#1707,#1688);
#1707 = PRODUCT_DEFINITION_SHAPE('','',#1708);
#1708 = PRODUCT_DEFINITION('design','',#1709,#1712);
#1709 = PRODUCT_DEFINITION_FORMATION('','',#1710);
#1710 = PRODUCT('B5','B5','',(#1711));
#1711 = PRODUCT_CONTEXT('',#2,'mechanical');
#1712 = PRODUCT_DEFINITION_CONTEXT('part definition',#2,'design');
#1713 = CONTEXT_DEPENDENT_SHAPE_REPRESENTATION(#1714,#1716);
#1714 = ( REPRESENTATION_RELATIONSHIP('','',#1688,#10) 
REPRESENTATION_RELATIONSHIP_WITH_TRANSFORMATION(#1715) 
SHAPE_REPRESENTATION_RELATIONSHIP() );
#1715 = ITEM_DEFINED_TRANSFORMATION('','',#11,#83);
#1716 = PRODUCT_DEFINITION_SHAPE('Placement','Placement of an item',
  #1717);
#1717 = NEXT_ASSEMBLY_USAGE_OCCURRENCE('18','=>[0:1:1:19]','',#5,#1708,$
  );
#1718 = PRODUCT_RELATED_PRODUCT_CATEGORY('part',$,(#1710));
#1719 = ADVANCED_BREP_SHAPE_REPRESENTATION('',(#11,#1720),#1732);
#1720 = MANIFOLD_SOLID_BREP('',#1721);
#1721 = CLOSED_SHELL('',(#1722));
#1722 = ADVANCED_FACE('',(#1723),#1727,.T.);
#1723 = FACE_BOUND('',#1724,.T.);
#1724 = VERTEX_LOOP('',#1725);
#1725 = VERTEX_POINT('',#1726);
#1726 = CARTESIAN_POINT('',(1.071565949254E-17,-2.624579619658E-33,
    -0.175));
#1727 = SPHERICAL_SURFACE('',#1728,0.175);
#1728 = AXIS2_PLACEMENT_3D('',#1729,#1730,#1731);
#1729 = CARTESIAN_POINT('',(0.,0.,0.));
#1730 = DIRECTION('',(0.,0.,1.));
#1731 = DIRECTION('',(1.,0.,-0.));
#1732 = ( GEOMETRIC_REPRESENTATION_CONTEXT(3) 
GLOBAL_UNCERTAINTY_ASSIGNED_CONTEXT((#1736)) 
GLOBAL_UNIT_ASSIGNED_CONTEXT((#1733,#1734,#1735)) REPRESENTATION_CONTEXT
('Context #1','3D Context with UNIT and UNCERTAINTY') );
#1733 = ( LENGTH_UNIT() NAMED_UNIT(*) SI_UNIT(.MILLI.,.METRE.) );
#1734 = ( NAMED_UNIT(*) PLANE_ANGLE_UNIT() SI_UNIT($,.RADIAN.) );
#1735 = ( NAMED_UNIT(*) SI_UNIT($,.STERADIAN.) SOLID_ANGLE_UNIT() );
#1736 = UNCERTAINTY_MEASURE_WITH_UNIT(LENGTH_MEASURE(1.E-07),#1733,
  'distance_accuracy_value','confusion accuracy');
#1737 = SHAPE_DEFINITION_REPRESENTATION(#1738,#1719);
#1738 = PRODUCT_DEFINITION_SHAPE('','',#1739);
#1739 = PRODUCT_DEFINITION('design','',#1740,#1743);
#1740 = PRODUCT_DEFINITION_FORMATION('','',#1741);
#1741 = PRODUCT('B6','B6','',(#1742));
#1742 = PRODUCT_CONTEXT('',#2,'mechanical');
#1743 = PRODUCT_DEFINITION_CONTEXT('part definition',#2,'design');
#1744 = CONTEXT_DEPENDENT_SHAPE_REPRESENTATION(#1745,#1747);
#1745 = ( REPRESENTATION_RELATIONSHIP('','',#1719,#10) 
REPRESENTATION_RELATIONSHIP_WITH_TRANSFORMATION(#1746) 
SHAPE_REPRESENTATION_RELATIONSHIP() );
#1746 = ITEM_DEFINED_TRANSFORMATION('','',#11,#87);
#1747 = PRODUCT_DEFINITION_SHAPE('Placement','Placement of an item',
  #1748);
#1748 = NEXT_ASSEMBLY_USAGE_OCCURRENCE('19','=>[0:1:1:20]','',#5,#1739,$
  );
#1749 = PRODUCT_RELATED_PRODUCT_CATEGORY('part',$,(#1741));
#1750 = ADVANCED_BREP_SHAPE_REPRESENTATION('',(#11,#1751),#1763);
#1751 = MANIFOLD_SOLID_BREP('',#1752);
#1752 = CLOSED_SHELL('',(#1753));
#1753 = ADVANCED_FACE('',(#1754),#1758,.T.);
#1754 = FACE_BOUND('',#1755,.T.);
#1755 = VERTEX_LOOP('',#1756);
#1756 = VERTEX_POINT('',#1757);
#1757 = CARTESIAN_POINT('',(1.071565949254E-17,-2.624579619658E-33,
    -0.175));
#1758 = SPHERICAL_SURFACE('',#1759,0.175);
#1759 = AXIS2_PLACEMENT_3D('',#1760,#1761,#1762);
#1760 = CARTESIAN_POINT('',(0.,0.,0.));
#1761 = DIRECTION('',(0.,0.,1.));
#1762 = DIRECTION('',(1.,0.,-0.));
#1763 = ( GEOMETRIC_REPRESENTATION_CONTEXT(3) 
GLOBAL_UNCERTAINTY_ASSIGNED_CONTEXT((#1767)) 
GLOBAL_UNIT_ASSIGNED_CONTEXT((#1764,#1765,#1766)) REPRESENTATION_CONTEXT
('Context #1','3D Context with UNIT and UNCERTAINTY') );
#1764 = ( LENGTH_UNIT() NAMED_UNIT(*) SI_UNIT(.MILLI.,.METRE.) );
#1765 = ( NAMED_UNIT(*) PLANE_ANGLE_UNIT() SI_UNIT($,.RADIAN.) );
#1766 = ( NAMED_UNIT(*) SI_UNIT($,.STERADIAN.) SOLID_ANGLE_UNIT() );
#1767 = UNCERTAINTY_MEASURE_WITH_UNIT(LENGTH_MEASURE(1.E-07),#1764,
  'distance_accuracy_value','confusion accuracy');
#1768 = SHAPE_DEFINITION_REPRESENTATION(#1769,#1750);
#1769 = PRODUCT_DEFINITION_SHAPE('','',#1770);
#1770 = PRODUCT_DEFINITION('design','',#1771,#1774);
#1771 = PRODUCT_DEFINITION_FORMATION('','',#1772);
#1772 = PRODUCT('B7','B7','',(#1773));
#1773 = PRODUCT_CONTEXT('',#2,'mechanical');
#1774 = PRODUCT_DEFINITION_CONTEXT('part definition',#2,'design');
#1775 = CONTEXT_DEPENDENT_SHAPE_REPRESENTATION(#1776,#1778);
#1776 = ( REPRESENTATION_RELATIONSHIP('','',#1750,#10) 
REPRESENTATION_RELATIONSHIP_WITH_TRANSFORMATION(#1777) 
SHAPE_REPRESENTATION_RELATIONSHIP() );
#1777 = ITEM_DEFINED_TRANSFORMATION('','',#11,#91);
#1778 = PRODUCT_DEFINITION_SHAPE('Placement','Placement of an item',
  #1779);
#1779 = NEXT_ASSEMBLY_USAGE_OCCURRENCE('20','=>[0:1:1:21]','',#5,#1770,$
  );
#1780 = PRODUCT_RELATED_PRODUCT_CATEGORY('part',$,(#1772));
#1781 = ADVANCED_BREP_SHAPE_REPRESENTATION('',(#11,#1782),#1794);
#1782 = MANIFOLD_SOLID_BREP('',#1783);
#1783 = CLOSED_SHELL('',(#1784));
#1784 = ADVANCED_FACE('',(#1785),#1789,.T.);
#1785 = FACE_BOUND('',#1786,.T.);
#1786 = VERTEX_LOOP('',#1787);
#1787 = VERTEX_POINT('',#1788);
#1788 = CARTESIAN_POINT('',(1.071565949254E-17,-2.624579619658E-33,
    -0.175));
#1789 = SPHERICAL_SURFACE('',#1790,0.175);
#1790 = AXIS2_PLACEMENT_3D('',#1791,#1792,#1793);
#1791 = CARTESIAN_POINT('',(0.,0.,0.));
#1792 = DIRECTION('',(0.,0.,1.));
#1793 = DIRECTION('',(1.,0.,-0.));
#1794 = ( GEOMETRIC_REPRESENTATION_CONTEXT(3) 
GLOBAL_UNCERTAINTY_ASSIGNED_CONTEXT((#1798)) 
GLOBAL_UNIT_ASSIGNED_CONTEXT((#1795,#1796,#1797)) REPRESENTATION_CONTEXT
('Context #1','3D Context with UNIT and UNCERTAINTY') );
#1795 = ( LENGTH_UNIT() NAMED_UNIT(*) SI_UNIT(.MILLI.,.METRE.) );
#1796 = ( NAMED_UNIT(*) PLANE_ANGLE_UNIT() SI_UNIT($,.RADIAN.) );
#1797 = ( NAMED_UNIT(*) SI_UNIT($,.STERADIAN.) SOLID_ANGLE_UNIT() );
#1798 = UNCERTAINTY_MEASURE_WITH_UNIT(LENGTH_MEASURE(1.E-07),#1795,
  'distance_accuracy_value','confusion accuracy');
#1799 = SHAPE_DEFINITION_REPRESENTATION(#1800,#1781);
#1800 = PRODUCT_DEFINITION_SHAPE('','',#1801);
#1801 = PRODUCT_DEFINITION('design','',#1802,#1805);
#1802 = PRODUCT_DEFINITION_FORMATION('','',#1803);
#1803 = PRODUCT('B8','B8','',(#1804));
#1804 = PRODUCT_CONTEXT('',#2,'mechanical');
#1805 = PRODUCT_DEFINITION_CONTEXT('part definition',#2,'design');
#1806 = CONTEXT_DEPENDENT_SHAPE_REPRESENTATION(#1807,#1809);
#1807 = ( REPRESENTATION_RELATIONSHIP('','',#1781,#10) 
REPRESENTATION_RELATIONSHIP_WITH_TRANSFORMATION(#1808) 
SHAPE_REPRESENTATION_RELATIONSHIP() );
#1808 = ITEM_DEFINED_TRANSFORMATION('','',#11,#95);
#1809 = PRODUCT_DEFINITION_SHAPE('Placement','Placement of an item',
  #1810);
#1810 = NEXT_ASSEMBLY_USAGE_OCCURRENCE('21','=>[0:1:1:22]','',#5,#1801,$
  );
#1811 = PRODUCT_RELATED_PRODUCT_CATEGORY('part',$,(#1803));
#1812 = ADVANCED_BREP_SHAPE_REPRESENTATION('',(#11,#1813),#1825);
#1813 = MANIFOLD_SOLID_BREP('',#1814);
#1814 = CLOSED_SHELL('',(#1815));
#1815 = ADVANCED_FACE('',(#1816),#1820,.T.);
#1816 = FACE_BOUND('',#1817,.T.);
#1817 = VERTEX_LOOP('',#1818);
#1818 = VERTEX_POINT('',#1819);
#1819 = CARTESIAN_POINT('',(1.071565949254E-17,-2.624579619658E-33,
    -0.175));
#1820 = SPHERICAL_SURFACE('',#1821,0.175);
#1821 = AXIS2_PLACEMENT_3D('',#1822,#1823,#1824);
#1822 = CARTESIAN_POINT('',(0.,0.,0.));
#1823 = DIRECTION('',(0.,0.,1.));
#1824 = DIRECTION('',(1.,0.,-0.));
#1825 = ( GEOMETRIC_REPRESENTATION_CONTEXT(3) 
GLOBAL_UNCERTAINTY_ASSIGNED_CONTEXT((#1829)) 
GLOBAL_UNIT_ASSIGNED_CONTEXT((#1826,#1827,#1828)) REPRESENTATION_CONTEXT
('Context #1','3D Context with UNIT and UNCERTAINTY') );
#1826 = ( LENGTH_UNIT() NAMED_UNIT(*) SI_UNIT(.MILLI.,.METRE.) );
#1827 = ( NAMED_UNIT(*) PLANE_ANGLE_UNIT() SI_UNIT($,.RADIAN.) );
#1828 = ( NAMED_UNIT(*) SI_UNIT($,.STERADIAN.) SOLID_ANGLE_UNIT() );
#1829 = UNCERTAINTY_MEASURE_WITH_UNIT(LENGTH_MEASURE(1.E-07),#1826,
  'distance_accuracy_value','confusion accuracy');
#1830 = SHAPE_DEFINITION_REPRESENTATION(#1831,#1812);
#1831 = PRODUCT_DEFINITION_SHAPE('','',#1832);
#1832 = PRODUCT_DEFINITION('design','',#1833,#1836);
#1833 = PRODUCT_DEFINITION_FORMATION('','',#1834);
#1834 = PRODUCT('B9','B9','',(#1835));
#1835 = PRODUCT_CONTEXT('',#2,'mechanical');
#1836 = PRODUCT_DEFINITION_CONTEXT('part definition',#2,'design');
#1837 = CONTEXT_DEPENDENT_SHAPE_REPRESENTATION(#1838,#1840);
#1838 = ( REPRESENTATION_RELATIONSHIP('','',#1812,#10) 
REPRESENTATION_RELATIONSHIP_WITH_TRANSFORMATION(#1839) 
SHAPE_REPRESENTATION_RELATIONSHIP() );
#1839 = ITEM_DEFINED_TRANSFORMATION('','',#11,#99);
#1840 = PRODUCT_DEFINITION_SHAPE('Placement','Placement of an item',
  #1841);
#1841 = NEXT_ASSEMBLY_USAGE_OCCURRENCE('22','=>[0:1:1:23]','',#5,#1832,$
  );
#1842 = PRODUCT_RELATED_PRODUCT_CATEGORY('part',$,(#1834));
#1843 = ADVANCED_BREP_SHAPE_REPRESENTATION('',(#11,#1844),#1856);
#1844 = MANIFOLD_SOLID_BREP('',#1845);
#1845 = CLOSED_SHELL('',(#1846));
#1846 = ADVANCED_FACE('',(#1847),#1851,.T.);
#1847 = FACE_BOUND('',#1848,.T.);
#1848 = VERTEX_LOOP('',#1849);
#1849 = VERTEX_POINT('',#1850);
#1850 = CARTESIAN_POINT('',(1.071565949254E-17,-2.624579619658E-33,
    -0.175));
#1851 = SPHERICAL_SURFACE('',#1852,0.175);
#1852 = AXIS2_PLACEMENT_3D('',#1853,#1854,#1855);
#1853 = CARTESIAN_POINT('',(0.,0.,0.));
#1854 = DIRECTION('',(0.,0.,1.));
#1855 = DIRECTION('',(1.,0.,-0.));
#1856 = ( GEOMETRIC_REPRESENTATION_CONTEXT(3) 
GLOBAL_UNCERTAINTY_ASSIGNED_CONTEXT((#1860)) 
GLOBAL_UNIT_ASSIGNED_CONTEXT((#1857,#1858,#1859)) REPRESENTATION_CONTEXT
('Context #1','3D Context with UNIT and UNCERTAINTY') );
#1857 = ( LENGTH_UNIT() NAMED_UNIT(*) SI_UNIT(.MILLI.,.METRE.) );
#1858 = ( NAMED_UNIT(*) PLANE_ANGLE_UNIT() SI_UNIT($,.RADIAN.) );
#1859 = ( NAMED_UNIT(*) SI_UNIT($,.STERADIAN.) SOLID_ANGLE_UNIT() );
#1860 = UNCERTAINTY_MEASURE_WITH_UNIT(LENGTH_MEASURE(1.E-07),#1857,
  'distance_accuracy_value','confusion accuracy');
#1861 = SHAPE_DEFINITION_REPRESENTATION(#1862,#1843);
#1862 = PRODUCT_DEFINITION_SHAPE('','',#1863);
#1863 = PRODUCT_DEFINITION('design','',#1864,#1867);
#1864 = PRODUCT_DEFINITION_FORMATION('','',#1865);
#1865 = PRODUCT('B10','B10','',(#1866));
#1866 = PRODUCT_CONTEXT('',#2,'mechanical');
#1867 = PRODUCT_DEFINITION_CONTEXT('part definition',#2,'design');
#1868 = CONTEXT_DEPENDENT_SHAPE_REPRESENTATION(#1869,#1871);
#1869 = ( REPRESENTATION_RELATIONSHIP('','',#1843,#10) 
REPRESENTATION_RELATIONSHIP_WITH_TRANSFORMATION(#1870) 
SHAPE_REPRESENTATION_RELATIONSHIP() );
#1870 = ITEM_DEFINED_TRANSFORMATION('','',#11,#103);
#1871 = PRODUCT_DEFINITION_SHAPE('Placement','Placement of an item',
  #1872);
#1872 = NEXT_ASSEMBLY_USAGE_OCCURRENCE('23','=>[0:1:1:24]','',#5,#1863,$
  );
#1873 = PRODUCT_RELATED_PRODUCT_CATEGORY('part',$,(#1865));
#1874 = ADVANCED_BREP_SHAPE_REPRESENTATION('',(#11,#1875),#1887);
#1875 = MANIFOLD_SOLID_BREP('',#1876);
#1876 = CLOSED_SHELL('',(#1877));
#1877 = ADVANCED_FACE('',(#1878),#1882,.T.);
#1878 = FACE_BOUND('',#1879,.T.);
#1879 = VERTEX_LOOP('',#1880);
#1880 = VERTEX_POINT('',#1881);
#1881 = CARTESIAN_POINT('',(1.071565949254E-17,-2.624579619658E-33,
    -0.175));
#1882 = SPHERICAL_SURFACE('',#1883,0.175);
#1883 = AXIS2_PLACEMENT_3D('',#1884,#1885,#1886);
#1884 = CARTESIAN_POINT('',(0.,0.,0.));
#1885 = DIRECTION('',(0.,0.,1.));
#1886 = DIRECTION('',(1.,0.,-0.));
#1887 = ( GEOMETRIC_REPRESENTATION_CONTEXT(3) 
GLOBAL_UNCERTAINTY_ASSIGNED_CONTEXT((#1891)) 
GLOBAL_UNIT_ASSIGNED_CONTEXT((#1888,#1889,#1890)) REPRESENTATION_CONTEXT
('Context #1','3D Context with UNIT and UNCERTAINTY') );
#1888 = ( LENGTH_UNIT() NAMED_UNIT(*) SI_UNIT(.MILLI.,.METRE.) );
#1889 = ( NAMED_UNIT(*) PLANE_ANGLE_UNIT() SI_UNIT($,.RADIAN.) );
#1890 = ( NAMED_UNIT(*) SI_UNIT($,.STERADIAN.) SOLID_ANGLE_UNIT() );
#1891 = UNCERTAINTY_MEASURE_WITH_UNIT(LENGTH_MEASURE(1.E-07),#1888,
  'distance_accuracy_value','confusion accuracy');
#1892 = SHAPE_DEFINITION_REPRESENTATION(#1893,#1874);
#1893 = PRODUCT_DEFINITION_SHAPE('','',#1894);
#1894 = PRODUCT_DEFINITION('design','',#1895,#1898);
#1895 = PRODUCT_DEFINITION_FORMATION('','',#1896);
#1896 = PRODUCT('B11','B11','',(#1897));
#1897 = PRODUCT_CONTEXT('',#2,'mechanical');
#1898 = PRODUCT_DEFINITION_CONTEXT('part definition',#2,'design');
#1899 = CONTEXT_DEPENDENT_SHAPE_REPRESENTATION(#1900,#1902);
#1900 = ( REPRESENTATION_RELATIONSHIP('','',#1874,#10) 
REPRESENTATION_RELATIONSHIP_WITH_TRANSFORMATION(#1901) 
SHAPE_REPRESENTATION_RELATIONSHIP() );
#1901 = ITEM_DEFINED_TRANSFORMATION('','',#11,#107);
#1902 = PRODUCT_DEFINITION_SHAPE('Placement','Placement of an item',
  #1903);
#1903 = NEXT_ASSEMBLY_USAGE_OCCURRENCE('24','=>[0:1:1:25]','',#5,#1894,$
  );
#1904 = PRODUCT_RELATED_PRODUCT_CATEGORY('part',$,(#1896));
#1905 = ADVANCED_BREP_SHAPE_REPRESENTATION('',(#11,#1906),#1918);
#1906 = MANIFOLD_SOLID_BREP('',#1907);
#1907 = CLOSED_SHELL('',(#1908));
#1908 = ADVANCED_FACE('',(#1909),#1913,.T.);
#1909 = FACE_BOUND('',#1910,.T.);
#1910 = VERTEX_LOOP('',#1911);
#1911 = VERTEX_POINT('',#1912);
#1912 = CARTESIAN_POINT('',(1.071565949254E-17,-2.624579619658E-33,
    -0.175));
#1913 = SPHERICAL_SURFACE('',#1914,0.175);
#1914 = AXIS2_PLACEMENT_3D('',#1915,#1916,#1917);
#1915 = CARTESIAN_POINT('',(0.,0.,0.));
#1916 = DIRECTION('',(0.,0.,1.));
#1917 = DIRECTION('',(1.,0.,-0.));
#1918 = ( GEOMETRIC_REPRESENTATION_CONTEXT(3) 
GLOBAL_UNCERTAINTY_ASSIGNED_CONTEXT((#1922)) 
GLOBAL_UNIT_ASSIGNED_CONTEXT((#1919,#1920,#1921)) REPRESENTATION_CONTEXT
('Context #1','3D Context with UNIT and UNCERTAINTY') );
#1919 = ( LENGTH_UNIT() NAMED_UNIT(*) SI_UNIT(.MILLI.,.METRE.) );
#1920 = ( NAMED_UNIT(*) PLANE_ANGLE_UNIT() SI_UNIT($,.RADIAN.) );
#1921 = ( NAMED_UNIT(*) SI_UNIT($,.STERADIAN.) SOLID_ANGLE_UNIT() );
#1922 = UNCERTAINTY_MEASURE_WITH_UNIT(LENGTH_MEASURE(1.E-07),#1919,
  'distance_accuracy_value','confusion accuracy');
#1923 = SHAPE_DEFINITION_REPRESENTATION(#1924,#1905);
#1924 = PRODUCT_DEFINITION_SHAPE('','',#1925);
#1925 = PRODUCT_DEFINITION('design','',#1926,#1929);
#1926 = PRODUCT_DEFINITION_FORMATION('','',#1927);
#1927 = PRODUCT('B12','B12','',(#1928));
#1928 = PRODUCT_CONTEXT('',#2,'mechanical');
#1929 = PRODUCT_DEFINITION_CONTEXT('part definition',#2,'design');
#1930 = CONTEXT_DEPENDENT_SHAPE_REPRESENTATION(#1931,#1933);
#1931 = ( REPRESENTATION_RELATIONSHIP('','',#1905,#10) 
REPRESENTATION_RELATIONSHIP_WITH_TRANSFORMATION(#1932) 
SHAPE_REPRESENTATION_RELATIONSHIP() );
#1932 = ITEM_DEFINED_TRANSFORMATION('','',#11,#111);
#1933 = PRODUCT_DEFINITION_SHAPE('Placement','Placement of an item',
  #1934);
#1934 = NEXT_ASSEMBLY_USAGE_OCCURRENCE('25','=>[0:1:1:26]','',#5,#1925,$
  );
#1935 = PRODUCT_RELATED_PRODUCT_CATEGORY('part',$,(#1927));
#1936 = ADVANCED_BREP_SHAPE_REPRESENTATION('',(#11,#1937),#1949);
#1937 = MANIFOLD_SOLID_BREP('',#1938);
#1938 = CLOSED_SHELL('',(#1939));
#1939 = ADVANCED_FACE('',(#1940),#1944,.T.);
#1940 = FACE_BOUND('',#1941,.T.);
#1941 = VERTEX_LOOP('',#1942);
#1942 = VERTEX_POINT('',#1943);
#1943 = CARTESIAN_POINT('',(1.071565949254E-17,-2.624579619658E-33,
    -0.175));
#1944 = SPHERICAL_SURFACE('',#1945,0.175);
#1945 = AXIS2_PLACEMENT_3D('',#1946,#1947,#1948);
#1946 = CARTESIAN_POINT('',(0.,0.,0.));
#1947 = DIRECTION('',(0.,0.,1.));
#1948 = DIRECTION('',(1.,0.,-0.));
#1949 = ( GEOMETRIC_REPRESENTATION_CONTEXT(3) 
GLOBAL_UNCERTAINTY_ASSIGNED_CONTEXT((#1953)) 
GLOBAL_UNIT_ASSIGNED_CONTEXT((#1950,#1951,#1952)) REPRESENTATION_CONTEXT
('Context #1','3D Context with UNIT and UNCERTAINTY') );
#1950 = ( LENGTH_UNIT() NAMED_UNIT(*) SI_UNIT(.MILLI.,.METRE.) );
#1951 = ( NAMED_UNIT(*) PLANE_ANGLE_UNIT() SI_UNIT($,.RADIAN.) );
#1952 = ( NAMED_UNIT(*) SI_UNIT($,.STERADIAN.) SOLID_ANGLE_UNIT() );
#1953 = UNCERTAINTY_MEASURE_WITH_UNIT(LENGTH_MEASURE(1.E-07),#1950,
  'distance_accuracy_value','confusion accuracy');
#1954 = SHAPE_DEFINITION_REPRESENTATION(#1955,#1936);
#1955 = PRODUCT_DEFINITION_SHAPE('','',#1956);
#1956 = PRODUCT_DEFINITION('design','',#1957,#1960);
#1957 = PRODUCT_DEFINITION_FORMATION('','',#1958);
#1958 = PRODUCT('B13','B13','',(#1959));
#1959 = PRODUCT_CONTEXT('',#2,'mechanical');
#1960 = PRODUCT_DEFINITION_CONTEXT('part definition',#2,'design');
#1961 = CONTEXT_DEPENDENT_SHAPE_REPRESENTATION(#1962,#1964);
#1962 = ( REPRESENTATION_RELATIONSHIP('','',#1936,#10) 
REPRESENTATION_RELATIONSHIP_WITH_TRANSFORMATION(#1963) 
SHAPE_REPRESENTATION_RELATIONSHIP() );
#1963 = ITEM_DEFINED_TRANSFORMATION('','',#11,#115);
#1964 = PRODUCT_DEFINITION_SHAPE('Placement','Placement of an item',
  #1965);
#1965 = NEXT_ASSEMBLY_USAGE_OCCURRENCE('26','=>[0:1:1:27]','',#5,#1956,$
  );
#1966 = PRODUCT_RELATED_PRODUCT_CATEGORY('part',$,(#1958));
#1967 = ADVANCED_BREP_SHAPE_REPRESENTATION('',(#11,#1968),#1980);
#1968 = MANIFOLD_SOLID_BREP('',#1969);
#1969 = CLOSED_SHELL('',(#1970));
#1970 = ADVANCED_FACE('',(#1971),#1975,.T.);
#1971 = FACE_BOUND('',#1972,.T.);
#1972 = VERTEX_LOOP('',#1973);
#1973 = VERTEX_POINT('',#1974);
#1974 = CARTESIAN_POINT('',(1.071565949254E-17,-2.624579619658E-33,
    -0.175));
#1975 = SPHERICAL_SURFACE('',#1976,0.175);
#1976 = AXIS2_PLACEMENT_3D('',#1977,#1978,#1979);
#1977 = CARTESIAN_POINT('',(0.,0.,0.));
#1978 = DIRECTION('',(0.,0.,1.));
#1979 = DIRECTION('',(1.,0.,-0.));
#1980 = ( GEOMETRIC_REPRESENTATION_CONTEXT(3) 
GLOBAL_UNCERTAINTY_ASSIGNED_CONTEXT((#1984)) 
GLOBAL_UNIT_ASSIGNED_CONTEXT((#1981,#1982,#1983)) REPRESENTATION_CONTEXT
('Context #1','3D Context with UNIT and UNCERTAINTY') );
#1981 = ( LENGTH_UNIT() NAMED_UNIT(*) SI_UNIT(.MILLI.,.METRE.) );
#1982 = ( NAMED_UNIT(*) PLANE_ANGLE_UNIT() SI_UNIT($,.RADIAN.) );
#1983 = ( NAMED_UNIT(*) SI_UNIT($,.STERADIAN.) SOLID_ANGLE_UNIT() );
#1984 = UNCERTAINTY_MEASURE_WITH_UNIT(LENGTH_MEASURE(1.E-07),#1981,
  'distance_accuracy_value','confusion accuracy');
#1985 = SHAPE_DEFINITION_REPRESENTATION(#1986,#1967);
#1986 = PRODUCT_DEFINITION_SHAPE('','',#1987);
#1987 = PRODUCT_DEFINITION('design','',#1988,#1991);
#1988 = PRODUCT_DEFINITION_FORMATION('','',#1989);
#1989 = PRODUCT('B14','B14','',(#1990));
#1990 = PRODUCT_CONTEXT('',#2,'mechanical');
#1991 = PRODUCT_DEFINITION_CONTEXT('part definition',#2,'design');
#1992 = CONTEXT_DEPENDENT_SHAPE_REPRESENTATION(#1993,#1995);
#1993 = ( REPRESENTATION_RELATIONSHIP('','',#1967,#10) 
REPRESENTATION_RELATIONSHIP_WITH_TRANSFORMATION(#1994) 
SHAPE_REPRESENTATION_RELATIONSHIP() );
#1994 = ITEM_DEFINED_TRANSFORMATION('','',#11,#119);
#1995 = PRODUCT_DEFINITION_SHAPE('Placement','Placement of an item',
  #1996);
#1996 = NEXT_ASSEMBLY_USAGE_OCCURRENCE('27','=>[0:1:1:28]','',#5,#1987,$
  );
#1997 = PRODUCT_RELATED_PRODUCT_CATEGORY('part',$,(#1989));
#1998 = ADVANCED_BREP_SHAPE_REPRESENTATION('',(#11,#1999),#2011);
#1999 = MANIFOLD_SOLID_BREP('',#2000);
#2000 = CLOSED_SHELL('',(#2001));
#2001 = ADVANCED_FACE('',(#2002),#2006,.T.);
#2002 = FACE_BOUND('',#2003,.T.);
#2003 = VERTEX_LOOP('',#2004);
#2004 = VERTEX_POINT('',#2005);
#2005 = CARTESIAN_POINT('',(1.071565949254E-17,-2.624579619658E-33,
    -0.175));
#2006 = SPHERICAL_SURFACE('',#2007,0.175);
#2007 = AXIS2_PLACEMENT_3D('',#2008,#2009,#2010);
#2008 = CARTESIAN_POINT('',(0.,0.,0.));
#2009 = DIRECTION('',(0.,0.,1.));
#2010 = DIRECTION('',(1.,0.,-0.));
#2011 = ( GEOMETRIC_REPRESENTATION_CONTEXT(3) 
GLOBAL_UNCERTAINTY_ASSIGNED_CONTEXT((#2015)) 
GLOBAL_UNIT_ASSIGNED_CONTEXT((#2012,#2013,#2014)) REPRESENTATION_CONTEXT
('Context #1','3D Context with UNIT and UNCERTAINTY') );
#2012 = ( LENGTH_UNIT() NAMED_UNIT(*) SI_UNIT(.MILLI.,.METRE.) );
#2013 = ( NAMED_UNIT(*) PLANE_ANGLE_UNIT() SI_UNIT($,.RADIAN.) );
#2014 = ( NAMED_UNIT(*) SI_UNIT($,.STERADIAN.) SOLID_ANGLE_UNIT() );
#2015 = UNCERTAINTY_MEASURE_WITH_UNIT(LENGTH_MEASURE(1.E-07),#2012,
  'distance_accuracy_value','confusion accuracy');
#2016 = SHAPE_DEFINITION_REPRESENTATION(#2017,#1998);
#2017 = PRODUCT_DEFINITION_SHAPE('','',#2018);
#2018 = PRODUCT_DEFINITION('design','',#2019,#2022);
#2019 = PRODUCT_DEFINITION_FORMATION('','',#2020);
#2020 = PRODUCT('B15','B15','',(#2021));
#2021 = PRODUCT_CONTEXT('',#2,'mechanical');
#2022 = PRODUCT_DEFINITION_CONTEXT('part definition',#2,'design');
#2023 = CONTEXT_DEPENDENT_SHAPE_REPRESENTATION(#2024,#2026);
#2024 = ( REPRESENTATION_RELATIONSHIP('','',#1998,#10) 
REPRESENTATION_RELATIONSHIP_WITH_TRANSFORMATION(#2025) 
SHAPE_REPRESENTATION_RELATIONSHIP() );
#2025 = ITEM_DEFINED_TRANSFORMATION('','',#11,#123);
#2026 = PRODUCT_DEFINITION_SHAPE('Placement','Placement of an item',
  #2027);
#2027 = NEXT_ASSEMBLY_USAGE_OCCURRENCE('28','=>[0:1:1:29]','',#5,#2018,$
  );
#2028 = PRODUCT_RELATED_PRODUCT_CATEGORY('part',$,(#2020));
#2029 = ADVANCED_BREP_SHAPE_REPRESENTATION('',(#11,#2030),#2042);
#2030 = MANIFOLD_SOLID_BREP('',#2031);
#2031 = CLOSED_SHELL('',(#2032));
#2032 = ADVANCED_FACE('',(#2033),#2037,.T.);
#2033 = FACE_BOUND('',#2034,.T.);
#2034 = VERTEX_LOOP('',#2035);
#2035 = VERTEX_POINT('',#2036);
#2036 = CARTESIAN_POINT('',(1.071565949254E-17,-2.624579619658E-33,
    -0.175));
#2037 = SPHERICAL_SURFACE('',#2038,0.175);
#2038 = AXIS2_PLACEMENT_3D('',#2039,#2040,#2041);
#2039 = CARTESIAN_POINT('',(0.,0.,0.));
#2040 = DIRECTION('',(0.,0.,1.));
#2041 = DIRECTION('',(1.,0.,-0.));
#2042 = ( GEOMETRIC_REPRESENTATION_CONTEXT(3) 
GLOBAL_UNCERTAINTY_ASSIGNED_CONTEXT((#2046)) 
GLOBAL_UNIT_ASSIGNED_CONTEXT((#2043,#2044,#2045)) REPRESENTATION_CONTEXT
('Context #1','3D Context with UNIT and UNCERTAINTY') );
#2043 = ( LENGTH_UNIT() NAMED_UNIT(*) SI_UNIT(.MILLI.,.METRE.) );
#2044 = ( NAMED_UNIT(*) PLANE_ANGLE_UNIT() SI_UNIT($,.RADIAN.) );
#2045 = ( NAMED_UNIT(*) SI_UNIT($,.STERADIAN.) SOLID_ANGLE_UNIT() );
#2046 = UNCERTAINTY_MEASURE_WITH_UNIT(LENGTH_MEASURE(1.E-07),#2043,
  'distance_accuracy_value','confusion accuracy');
#2047 = SHAPE_DEFINITION_REPRESENTATION(#2048,#2029);
#2048 = PRODUCT_DEFINITION_SHAPE('','',#2049);
#2049 = PRODUCT_DEFINITION('design','',#2050,#2053);
#2050 = PRODUCT_DEFINITION_FORMATION('','',#2051);
#2051 = PRODUCT('B16','B16','',(#2052));
#2052 = PRODUCT_CONTEXT('',#2,'mechanical');
#2053 = PRODUCT_DEFINITION_CONTEXT('part definition',#2,'design');
#2054 = CONTEXT_DEPENDENT_SHAPE_REPRESENTATION(#2055,#2057);
#2055 = ( REPRESENTATION_RELATIONSHIP('','',#2029,#10) 
REPRESENTATION_RELATIONSHIP_WITH_TRANSFORMATION(#2056) 
SHAPE_REPRESENTATION_RELATIONSHIP() );
#2056 = ITEM_DEFINED_TRANSFORMATION('','',#11,#127);
#2057 = PRODUCT_DEFINITION_SHAPE('Placement','Placement of an item',
  #2058);
#2058 = NEXT_ASSEMBLY_USAGE_OCCURRENCE('29','=>[0:1:1:30]','',#5,#2049,$
  );
#2059 = PRODUCT_RELATED_PRODUCT_CATEGORY('part',$,(#2051));
#2060 = ADVANCED_BREP_SHAPE_REPRESENTATION('',(#11,#2061),#2073);
#2061 = MANIFOLD_SOLID_BREP('',#2062);
#2062 = CLOSED_SHELL('',(#2063));
#2063 = ADVANCED_FACE('',(#2064),#2068,.T.);
#2064 = FACE_BOUND('',#2065,.T.);
#2065 = VERTEX_LOOP('',#2066);
#2066 = VERTEX_POINT('',#2067);
#2067 = CARTESIAN_POINT('',(1.071565949254E-17,-2.624579619658E-33,
    -0.175));
#2068 = SPHERICAL_SURFACE('',#2069,0.175);
#2069 = AXIS2_PLACEMENT_3D('',#2070,#2071,#2072);
#2070 = CARTESIAN_POINT('',(0.,0.,0.));
#2071 = DIRECTION('',(0.,0.,1.));
#2072 = DIRECTION('',(1.,0.,-0.));
#2073 = ( GEOMETRIC_REPRESENTATION_CONTEXT(3) 
GLOBAL_UNCERTAINTY_ASSIGNED_CONTEXT((#2077)) 
GLOBAL_UNIT_ASSIGNED_CONTEXT((#2074,#2075,#2076)) REPRESENTATION_CONTEXT
('Context #1','3D Context with UNIT and UNCERTAINTY') );
#2074 = ( LENGTH_UNIT() NAMED_UNIT(*) SI_UNIT(.MILLI.,.METRE.) );
#2075 = ( NAMED_UNIT(*) PLANE_ANGLE_UNIT() SI_UNIT($,.RADIAN.) );
#2076 = ( NAMED_UNIT(*) SI_UNIT($,.STERADIAN.) SOLID_ANGLE_UNIT() );
#2077 = UNCERTAINTY_MEASURE_WITH_UNIT(LENGTH_MEASURE(1.E-07),#2074,
  'distance_accuracy_value','confusion accuracy');
#2078 = SHAPE_DEFINITION_REPRESENTATION(#2079,#2060);
#2079 = PRODUCT_DEFINITION_SHAPE('','',#2080);
#2080 = PRODUCT_DEFINITION('design','',#2081,#2084);
#2081 = PRODUCT_DEFINITION_FORMATION('','',#2082);
#2082 = PRODUCT('B17','B17','',(#2083));
#2083 = PRODUCT_CONTEXT('',#2,'mechanical');
#2084 = PRODUCT_DEFINITION_CONTEXT('part definition',#2,'design');
#2085 = CONTEXT_DEPENDENT_SHAPE_REPRESENTATION(#2086,#2088);
#2086 = ( REPRESENTATION_RELATIONSHIP('','',#2060,#10) 
REPRESENTATION_RELATIONSHIP_WITH_TRANSFORMATION(#2087) 
SHAPE_REPRESENTATION_RELATIONSHIP() );
#2087 = ITEM_DEFINED_TRANSFORMATION('','',#11,#131);
#2088 = PRODUCT_DEFINITION_SHAPE('Placement','Placement of an item',
  #2089);
#2089 = NEXT_ASSEMBLY_USAGE_OCCURRENCE('30','=>[0:1:1:31]','',#5,#2080,$
  );
#2090 = PRODUCT_RELATED_PRODUCT_CATEGORY('part',$,(#2082));
#2091 = ADVANCED_BREP_SHAPE_REPRESENTATION('',(#11,#2092),#2104);
#2092 = MANIFOLD_SOLID_BREP('',#2093);
#2093 = CLOSED_SHELL('',(#2094));
#2094 = ADVANCED_FACE('',(#2095),#2099,.T.);
#2095 = FACE_BOUND('',#2096,.T.);
#2096 = VERTEX_LOOP('',#2097);
#2097 = VERTEX_POINT('',#2098);
#2098 = CARTESIAN_POINT('',(1.071565949254E-17,-2.624579619658E-33,
    -0.175));
#2099 = SPHERICAL_SURFACE('',#2100,0.175);
#2100 = AXIS2_PLACEMENT_3D('',#2101,#2102,#2103);
#2101 = CARTESIAN_POINT('',(0.,0.,0.));
#2102 = DIRECTION('',(0.,0.,1.));
#2103 = DIRECTION('',(1.,0.,-0.));
#2104 = ( GEOMETRIC_REPRESENTATION_CONTEXT(3) 
GLOBAL_UNCERTAINTY_ASSIGNED_CONTEXT((#2108)) 
GLOBAL_UNIT_ASSIGNED_CONTEXT((#2105,#2106,#2107)) REPRESENTATION_CONTEXT
('Context #1','3D Context with UNIT and UNCERTAINTY') );
#2105 = ( LENGTH_UNIT() NAMED_UNIT(*) SI_UNIT(.MILLI.,.METRE.) );
#2106 = ( NAMED_UNIT(*) PLANE_ANGLE_UNIT() SI_UNIT($,.RADIAN.) );
#2107 = ( NAMED_UNIT(*) SI_UNIT($,.STERADIAN.) SOLID_ANGLE_UNIT() );
#2108 = UNCERTAINTY_MEASURE_WITH_UNIT(LENGTH_MEASURE(1.E-07),#2105,
  'distance_accuracy_value','confusion accuracy');
#2109 = SHAPE_DEFINITION_REPRESENTATION(#2110,#2091);
#2110 = PRODUCT_DEFINITION_SHAPE('','',#2111);
#2111 = PRODUCT_DEFINITION('design','',#2112,#2115);
#2112 = PRODUCT_DEFINITION_FORMATION('','',#2113);
#2113 = PRODUCT('B18','B18','',(#2114));
#2114 = PRODUCT_CONTEXT('',#2,'mechanical');
#2115 = PRODUCT_DEFINITION_CONTEXT('part definition',#2,'design');
#2116 = CONTEXT_DEPENDENT_SHAPE_REPRESENTATION(#2117,#2119);
#2117 = ( REPRESENTATION_RELATIONSHIP('','',#2091,#10) 
REPRESENTATION_RELATIONSHIP_WITH_TRANSFORMATION(#2118) 
SHAPE_REPRESENTATION_RELATIONSHIP() );
#2118 = ITEM_DEFINED_TRANSFORMATION('','',#11,#135);
#2119 = PRODUCT_DEFINITION_SHAPE('Placement','Placement of an item',
  #2120);
#2120 = NEXT_ASSEMBLY_USAGE_OCCURRENCE('31','=>[0:1:1:32]','',#5,#2111,$
  );
#2121 = PRODUCT_RELATED_PRODUCT_CATEGORY('part',$,(#2113));
#2122 = ADVANCED_BREP_SHAPE_REPRESENTATION('',(#11,#2123),#2135);
#2123 = MANIFOLD_SOLID_BREP('',#2124);
#2124 = CLOSED_SHELL('',(#2125));
#2125 = ADVANCED_FACE('',(#2126),#2130,.T.);
#2126 = FACE_BOUND('',#2127,.T.);
#2127 = VERTEX_LOOP('',#2128);
#2128 = VERTEX_POINT('',#2129);
#2129 = CARTESIAN_POINT('',(1.071565949254E-17,-2.624579619658E-33,
    -0.175));
#2130 = SPHERICAL_SURFACE('',#2131,0.175);
#2131 = AXIS2_PLACEMENT_3D('',#2132,#2133,#2134);
#2132 = CARTESIAN_POINT('',(0.,0.,0.));
#2133 = DIRECTION('',(0.,0.,1.));
#2134 = DIRECTION('',(1.,0.,-0.));
#2135 = ( GEOMETRIC_REPRESENTATION_CONTEXT(3) 
GLOBAL_UNCERTAINTY_ASSIGNED_CONTEXT((#2139)) 
GLOBAL_UNIT_ASSIGNED_CONTEXT((#2136,#2137,#2138)) REPRESENTATION_CONTEXT
('Context #1','3D Context with UNIT and UNCERTAINTY') );
#2136 = ( LENGTH_UNIT() NAMED_UNIT(*) SI_UNIT(.MILLI.,.METRE.) );
#2137 = ( NAMED_UNIT(*) PLANE_ANGLE_UNIT() SI_UNIT($,.RADIAN.) );
#2138 = ( NAMED_UNIT(*) SI_UNIT($,.STERADIAN.) SOLID_ANGLE_UNIT() );
#2139 = UNCERTAINTY_MEASURE_WITH_UNIT(LENGTH_MEASURE(1.E-07),#2136,
  'distance_accuracy_value','confusion accuracy');
#2140 = SHAPE_DEFINITION_REPRESENTATION(#2141,#2122);
#2141 = PRODUCT_DEFINITION_SHAPE('','',#2142);
#2142 = PRODUCT_DEFINITION('design','',#2143,#2146);
#2143 = PRODUCT_DEFINITION_FORMATION('','',#2144);
#2144 = PRODUCT('B19','B19','',(#2145));
#2145 = PRODUCT_CONTEXT('',#2,'mechanical');
#2146 = PRODUCT_DEFINITION_CONTEXT('part definition',#2,'design');
#2147 = CONTEXT_DEPENDENT_SHAPE_REPRESENTATION(#2148,#2150);
#2148 = ( REPRESENTATION_RELATIONSHIP('','',#2122,#10) 
REPRESENTATION_RELATIONSHIP_WITH_TRANSFORMATION(#2149) 
SHAPE_REPRESENTATION_RELATIONSHIP() );
#2149 = ITEM_DEFINED_TRANSFORMATION('','',#11,#139);
#2150 = PRODUCT_DEFINITION_SHAPE('Placement','Placement of an item',
  #2151);
#2151 = NEXT_ASSEMBLY_USAGE_OCCURRENCE('32','=>[0:1:1:33]','',#5,#2142,$
  );
#2152 = PRODUCT_RELATED_PRODUCT_CATEGORY('part',$,(#2144));
#2153 = ADVANCED_BREP_SHAPE_REPRESENTATION('',(#11,#2154),#2166);
#2154 = MANIFOLD_SOLID_BREP('',#2155);
#2155 = CLOSED_SHELL('',(#2156));
#2156 = ADVANCED_FACE('',(#2157),#2161,.T.);
#2157 = FACE_BOUND('',#2158,.T.);
#2158 = VERTEX_LOOP('',#2159);
#2159 = VERTEX_POINT('',#2160);
#2160 = CARTESIAN_POINT('',(1.071565949254E-17,-2.624579619658E-33,
    -0.175));
#2161 = SPHERICAL_SURFACE('',#2162,0.175);
#2162 = AXIS2_PLACEMENT_3D('',#2163,#2164,#2165);
#2163 = CARTESIAN_POINT('',(0.,0.,0.));
#2164 = DIRECTION('',(0.,0.,1.));
#2165 = DIRECTION('',(1.,0.,-0.));
#2166 = ( GEOMETRIC_REPRESENTATION_CONTEXT(3) 
GLOBAL_UNCERTAINTY_ASSIGNED_CONTEXT((#2170)) 
GLOBAL_UNIT_ASSIGNED_CONTEXT((#2167,#2168,#2169)) REPRESENTATION_CONTEXT
('Context #1','3D Context with UNIT and UNCERTAINTY') );
#2167 = ( LENGTH_UNIT() NAMED_UNIT(*) SI_UNIT(.MILLI.,.METRE.) );
#2168 = ( NAMED_UNIT(*) PLANE_ANGLE_UNIT() SI_UNIT($,.RADIAN.) );
#2169 = ( NAMED_UNIT(*) SI_UNIT($,.STERADIAN.) SOLID_ANGLE_UNIT() );
#2170 = UNCERTAINTY_MEASURE_WITH_UNIT(LENGTH_MEASURE(1.E-07),#2167,
  'distance_accuracy_value','confusion accuracy');
#2171 = SHAPE_DEFINITION_REPRESENTATION(#2172,#2153);
#2172 = PRODUCT_DEFINITION_SHAPE('','',#2173);
#2173 = PRODUCT_DEFINITION('design','',#2174,#2177);
#2174 = PRODUCT_DEFINITION_FORMATION('','',#2175);
#2175 = PRODUCT('B20','B20','',(#2176));
#2176 = PRODUCT_CONTEXT('',#2,'mechanical');
#2177 = PRODUCT_DEFINITION_CONTEXT('part definition',#2,'design');
#2178 = CONTEXT_DEPENDENT_SHAPE_REPRESENTATION(#2179,#2181);
#2179 = ( REPRESENTATION_RELATIONSHIP('','',#2153,#10) 
REPRESENTATION_RELATIONSHIP_WITH_TRANSFORMATION(#2180) 
SHAPE_REPRESENTATION_RELATIONSHIP() );
#2180 = ITEM_DEFINED_TRANSFORMATION('','',#11,#143);
#2181 = PRODUCT_DEFINITION_SHAPE('Placement','Placement of an item',
  #2182);
#2182 = NEXT_ASSEMBLY_USAGE_OCCURRENCE('33','=>[0:1:1:34]','',#5,#2173,$
  );
#2183 = PRODUCT_RELATED_PRODUCT_CATEGORY('part',$,(#2175));
#2184 = ADVANCED_BREP_SHAPE_REPRESENTATION('',(#11,#2185),#2197);
#2185 = MANIFOLD_SOLID_BREP('',#2186);
#2186 = CLOSED_SHELL('',(#2187));
#2187 = ADVANCED_FACE('',(#2188),#2192,.T.);
#2188 = FACE_BOUND('',#2189,.T.);
#2189 = VERTEX_LOOP('',#2190);
#2190 = VERTEX_POINT('',#2191);
#2191 = CARTESIAN_POINT('',(1.071565949254E-17,-2.624579619658E-33,
    -0.175));
#2192 = SPHERICAL_SURFACE('',#2193,0.175);
#2193 = AXIS2_PLACEMENT_3D('',#2194,#2195,#2196);
#2194 = CARTESIAN_POINT('',(0.,0.,0.));
#2195 = DIRECTION('',(0.,0.,1.));
#2196 = DIRECTION('',(1.,0.,-0.));
#2197 = ( GEOMETRIC_REPRESENTATION_CONTEXT(3) 
GLOBAL_UNCERTAINTY_ASSIGNED_CONTEXT((#2201)) 
GLOBAL_UNIT_ASSIGNED_CONTEXT((#2198,#2199,#2200)) REPRESENTATION_CONTEXT
('Context #1','3D Context with UNIT and UNCERTAINTY') );
#2198 = ( LENGTH_UNIT() NAMED_UNIT(*) SI_UNIT(.MILLI.,.METRE.) );
#2199 = ( NAMED_UNIT(*) PLANE_ANGLE_UNIT() SI_UNIT($,.RADIAN.) );
#2200 = ( NAMED_UNIT(*) SI_UNIT($,.STERADIAN.) SOLID_ANGLE_UNIT() );
#2201 = UNCERTAINTY_MEASURE_WITH_UNIT(LENGTH_MEASURE(1.E-07),#2198,
  'distance_accuracy_value','confusion accuracy');
#2202 = SHAPE_DEFINITION_REPRESENTATION(#2203,#2184);
#2203 = PRODUCT_DEFINITION_SHAPE('','',#2204);
#2204 = PRODUCT_DEFINITION('design','',#2205,#2208);
#2205 = PRODUCT_DEFINITION_FORMATION('','',#2206);
#2206 = PRODUCT('B21','B21','',(#2207));
#2207 = PRODUCT_CONTEXT('',#2,'mechanical');
#2208 = PRODUCT_DEFINITION_CONTEXT('part definition',#2,'design');
#2209 = CONTEXT_DEPENDENT_SHAPE_REPRESENTATION(#2210,#2212);
#2210 = ( REPRESENTATION_RELATIONSHIP('','',#2184,#10) 
REPRESENTATION_RELATIONSHIP_WITH_TRANSFORMATION(#2211) 
SHAPE_REPRESENTATION_RELATIONSHIP() );
#2211 = ITEM_DEFINED_TRANSFORMATION('','',#11,#147);
#2212 = PRODUCT_DEFINITION_SHAPE('Placement','Placement of an item',
  #2213);
#2213 = NEXT_ASSEMBLY_USAGE_OCCURRENCE('34','=>[0:1:1:35]','',#5,#2204,$
  );
#2214 = PRODUCT_RELATED_PRODUCT_CATEGORY('part',$,(#2206));
#2215 = ADVANCED_BREP_SHAPE_REPRESENTATION('',(#11,#2216),#2228);
#2216 = MANIFOLD_SOLID_BREP('',#2217);
#2217 = CLOSED_SHELL('',(#2218));
#2218 = ADVANCED_FACE('',(#2219),#2223,.T.);
#2219 = FACE_BOUND('',#2220,.T.);
#2220 = VERTEX_LOOP('',#2221);
#2221 = VERTEX_POINT('',#2222);
#2222 = CARTESIAN_POINT('',(1.071565949254E-17,-2.624579619658E-33,
    -0.175));
#2223 = SPHERICAL_SURFACE('',#2224,0.175);
#2224 = AXIS2_PLACEMENT_3D('',#2225,#2226,#2227);
#2225 = CARTESIAN_POINT('',(0.,0.,0.));
#2226 = DIRECTION('',(0.,0.,1.));
#2227 = DIRECTION('',(1.,0.,-0.));
#2228 = ( GEOMETRIC_REPRESENTATION_CONTEXT(3) 
GLOBAL_UNCERTAINTY_ASSIGNED_CONTEXT((#2232)) 
GLOBAL_UNIT_ASSIGNED_CONTEXT((#2229,#2230,#2231)) REPRESENTATION_CONTEXT
('Context #1','3D Context with UNIT and UNCERTAINTY') );
#2229 = ( LENGTH_UNIT() NAMED_UNIT(*) SI_UNIT(.MILLI.,.METRE.) );
#2230 = ( NAMED_UNIT(*) PLANE_ANGLE_UNIT() SI_UNIT($,.RADIAN.) );
#2231 = ( NAMED_UNIT(*) SI_UNIT($,.STERADIAN.) SOLID_ANGLE_UNIT() );
#2232 = UNCERTAINTY_MEASURE_WITH_UNIT(LENGTH_MEASURE(1.E-07),#2229,
  'distance_accuracy_value','confusion accuracy');
#2233 = SHAPE_DEFINITION_REPRESENTATION(#2234,#2215);
#2234 = PRODUCT_DEFINITION_SHAPE('','',#2235);
#2235 = PRODUCT_DEFINITION('design','',#2236,#2239);
#2236 = PRODUCT_DEFINITION_FORMATION('','',#2237);
#2237 = PRODUCT('C1','C1','',(#2238));
#2238 = PRODUCT_CONTEXT('',#2,'mechanical');
#2239 = PRODUCT_DEFINITION_CONTEXT('part definition',#2,'design');
#2240 = CONTEXT_DEPENDENT_SHAPE_REPRESENTATION(#2241,#2243);
#2241 = ( REPRESENTATION_RELATIONSHIP('','',#2215,#10) 
REPRESENTATION_RELATIONSHIP_WITH_TRANSFORMATION(#2242) 
SHAPE_REPRESENTATION_RELATIONSHIP() );
#2242 = ITEM_DEFINED_TRANSFORMATION('','',#11,#151);
#2243 = PRODUCT_DEFINITION_SHAPE('Placement','Placement of an item',
  #2244);
#2244 = NEXT_ASSEMBLY_USAGE_OCCURRENCE('35','=>[0:1:1:36]','',#5,#2235,$
  );
#2245 = PRODUCT_RELATED_PRODUCT_CATEGORY('part',$,(#2237));
#2246 = ADVANCED_BREP_SHAPE_REPRESENTATION('',(#11,#2247),#2259);
#2247 = MANIFOLD_SOLID_BREP('',#2248);
#2248 = CLOSED_SHELL('',(#2249));
#2249 = ADVANCED_FACE('',(#2250),#2254,.T.);
#2250 = FACE_BOUND('',#2251,.T.);
#2251 = VERTEX_LOOP('',#2252);
#2252 = VERTEX_POINT('',#2253);
#2253 = CARTESIAN_POINT('',(1.071565949254E-17,-2.624579619658E-33,
    -0.175));
#2254 = SPHERICAL_SURFACE('',#2255,0.175);
#2255 = AXIS2_PLACEMENT_3D('',#2256,#2257,#2258);
#2256 = CARTESIAN_POINT('',(0.,0.,0.));
#2257 = DIRECTION('',(0.,0.,1.));
#2258 = DIRECTION('',(1.,0.,-0.));
#2259 = ( GEOMETRIC_REPRESENTATION_CONTEXT(3) 
GLOBAL_UNCERTAINTY_ASSIGNED_CONTEXT((#2263)) 
GLOBAL_UNIT_ASSIGNED_CONTEXT((#2260,#2261,#2262)) REPRESENTATION_CONTEXT
('Context #1','3D Context with UNIT and UNCERTAINTY') );
#2260 = ( LENGTH_UNIT() NAMED_UNIT(*) SI_UNIT(.MILLI.,.METRE.) );
#2261 = ( NAMED_UNIT(*) PLANE_ANGLE_UNIT() SI_UNIT($,.RADIAN.) );
#2262 = ( NAMED_UNIT(*) SI_UNIT($,.STERADIAN.) SOLID_ANGLE_UNIT() );
#2263 = UNCERTAINTY_MEASURE_WITH_UNIT(LENGTH_MEASURE(1.E-07),#2260,
  'distance_accuracy_value','confusion accuracy');
#2264 = SHAPE_DEFINITION_REPRESENTATION(#2265,#2246);
#2265 = PRODUCT_DEFINITION_SHAPE('','',#2266);
#2266 = PRODUCT_DEFINITION('design','',#2267,#2270);
#2267 = PRODUCT_DEFINITION_FORMATION('','',#2268);
#2268 = PRODUCT('C2','C2','',(#2269));
#2269 = PRODUCT_CONTEXT('',#2,'mechanical');
#2270 = PRODUCT_DEFINITION_CONTEXT('part definition',#2,'design');
#2271 = CONTEXT_DEPENDENT_SHAPE_REPRESENTATION(#2272,#2274);
#2272 = ( REPRESENTATION_RELATIONSHIP('','',#2246,#10) 
REPRESENTATION_RELATIONSHIP_WITH_TRANSFORMATION(#2273) 
SHAPE_REPRESENTATION_RELATIONSHIP() );
#2273 = ITEM_DEFINED_TRANSFORMATION('','',#11,#155);
#2274 = PRODUCT_DEFINITION_SHAPE('Placement','Placement of an item',
  #2275);
#2275 = NEXT_ASSEMBLY_USAGE_OCCURRENCE('36','=>[0:1:1:37]','',#5,#2266,$
  );
#2276 = PRODUCT_RELATED_PRODUCT_CATEGORY('part',$,(#2268));
#2277 = ADVANCED_BREP_SHAPE_REPRESENTATION('',(#11,#2278),#2290);
#2278 = MANIFOLD_SOLID_BREP('',#2279);
#2279 = CLOSED_SHELL('',(#2280));
#2280 = ADVANCED_FACE('',(#2281),#2285,.T.);
#2281 = FACE_BOUND('',#2282,.T.);
#2282 = VERTEX_LOOP('',#2283);
#2283 = VERTEX_POINT('',#2284);
#2284 = CARTESIAN_POINT('',(1.071565949254E-17,-2.624579619658E-33,
    -0.175));
#2285 = SPHERICAL_SURFACE('',#2286,0.175);
#2286 = AXIS2_PLACEMENT_3D('',#2287,#2288,#2289);
#2287 = CARTESIAN_POINT('',(0.,0.,0.));
#2288 = DIRECTION('',(0.,0.,1.));
#2289 = DIRECTION('',(1.,0.,-0.));
#2290 = ( GEOMETRIC_REPRESENTATION_CONTEXT(3) 
GLOBAL_UNCERTAINTY_ASSIGNED_CONTEXT((#2294)) 
GLOBAL_UNIT_ASSIGNED_CONTEXT((#2291,#2292,#2293)) REPRESENTATION_CONTEXT
('Context #1','3D Context with UNIT and UNCERTAINTY') );
#2291 = ( LENGTH_UNIT() NAMED_UNIT(*) SI_UNIT(.MILLI.,.METRE.) );
#2292 = ( NAMED_UNIT(*) PLANE_ANGLE_UNIT() SI_UNIT($,.RADIAN.) );
#2293 = ( NAMED_UNIT(*) SI_UNIT($,.STERADIAN.) SOLID_ANGLE_UNIT() );
#2294 = UNCERTAINTY_MEASURE_WITH_UNIT(LENGTH_MEASURE(1.E-07),#2291,
  'distance_accuracy_value','confusion accuracy');
#2295 = SHAPE_DEFINITION_REPRESENTATION(#2296,#2277);
#2296 = PRODUCT_DEFINITION_SHAPE('','',#2297);
#2297 = PRODUCT_DEFINITION('design','',#2298,#2301);
#2298 = PRODUCT_DEFINITION_FORMATION('','',#2299);
#2299 = PRODUCT('C3','C3','',(#2300));
#2300 = PRODUCT_CONTEXT('',#2,'mechanical');
#2301 = PRODUCT_DEFINITION_CONTEXT('part definition',#2,'design');
#2302 = CONTEXT_DEPENDENT_SHAPE_REPRESENTATION(#2303,#2305);
#2303 = ( REPRESENTATION_RELATIONSHIP('','',#2277,#10) 
REPRESENTATION_RELATIONSHIP_WITH_TRANSFORMATION(#2304) 
SHAPE_REPRESENTATION_RELATIONSHIP() );
#2304 = ITEM_DEFINED_TRANSFORMATION('','',#11,#159);
#2305 = PRODUCT_DEFINITION_SHAPE('Placement','Placement of an item',
  #2306);
#2306 = NEXT_ASSEMBLY_USAGE_OCCURRENCE('37','=>[0:1:1:38]','',#5,#2297,$
  );
#2307 = PRODUCT_RELATED_PRODUCT_CATEGORY('part',$,(#2299));
#2308 = ADVANCED_BREP_SHAPE_REPRESENTATION('',(#11,#2309),#2321);
#2309 = MANIFOLD_SOLID_BREP('',#2310);
#2310 = CLOSED_SHELL('',(#2311));
#2311 = ADVANCED_FACE('',(#2312),#2316,.T.);
#2312 = FACE_BOUND('',#2313,.T.);
#2313 = VERTEX_LOOP('',#2314);
#2314 = VERTEX_POINT('',#2315);
#2315 = CARTESIAN_POINT('',(1.071565949254E-17,-2.624579619658E-33,
    -0.175));
#2316 = SPHERICAL_SURFACE('',#2317,0.175);
#2317 = AXIS2_PLACEMENT_3D('',#2318,#2319,#2320);
#2318 = CARTESIAN_POINT('',(0.,0.,0.));
#2319 = DIRECTION('',(0.,0.,1.));
#2320 = DIRECTION('',(1.,0.,-0.));
#2321 = ( GEOMETRIC_REPRESENTATION_CONTEXT(3) 
GLOBAL_UNCERTAINTY_ASSIGNED_CONTEXT((#2325)) 
GLOBAL_UNIT_ASSIGNED_CONTEXT((#2322,#2323,#2324)) REPRESENTATION_CONTEXT
('Context #1','3D Context with UNIT and UNCERTAINTY') );
#2322 = ( LENGTH_UNIT() NAMED_UNIT(*) SI_UNIT(.MILLI.,.METRE.) );
#2323 = ( NAMED_UNIT(*) PLANE_ANGLE_UNIT() SI_UNIT($,.RADIAN.) );
#2324 = ( NAMED_UNIT(*) SI_UNIT($,.STERADIAN.) SOLID_ANGLE_UNIT() );
#2325 = UNCERTAINTY_MEASURE_WITH_UNIT(LENGTH_MEASURE(1.E-07),#2322,
  'distance_accuracy_value','confusion accuracy');
#2326 = SHAPE_DEFINITION_REPRESENTATION(#2327,#2308);
#2327 = PRODUCT_DEFINITION_SHAPE('','',#2328);
#2328 = PRODUCT_DEFINITION('design','',#2329,#2332);
#2329 = PRODUCT_DEFINITION_FORMATION('','',#2330);
#2330 = PRODUCT('C4','C4','',(#2331));
#2331 = PRODUCT_CONTEXT('',#2,'mechanical');
#2332 = PRODUCT_DEFINITION_CONTEXT('part definition',#2,'design');
#2333 = CONTEXT_DEPENDENT_SHAPE_REPRESENTATION(#2334,#2336);
#2334 = ( REPRESENTATION_RELATIONSHIP('','',#2308,#10) 
REPRESENTATION_RELATIONSHIP_WITH_TRANSFORMATION(#2335) 
SHAPE_REPRESENTATION_RELATIONSHIP() );
#2335 = ITEM_DEFINED_TRANSFORMATION('','',#11,#163);
#2336 = PRODUCT_DEFINITION_SHAPE('Placement','Placement of an item',
  #2337);
#2337 = NEXT_ASSEMBLY_USAGE_OCCURRENCE('38','=>[0:1:1:39]','',#5,#2328,$
  );
#2338 = PRODUCT_RELATED_PRODUCT_CATEGORY('part',$,(#2330));
#2339 = ADVANCED_BREP_SHAPE_REPRESENTATION('',(#11,#2340),#2352);
#2340 = MANIFOLD_SOLID_BREP('',#2341);
#2341 = CLOSED_SHELL('',(#2342));
#2342 = ADVANCED_FACE('',(#2343),#2347,.T.);
#2343 = FACE_BOUND('',#2344,.T.);
#2344 = VERTEX_LOOP('',#2345);
#2345 = VERTEX_POINT('',#2346);
#2346 = CARTESIAN_POINT('',(1.071565949254E-17,-2.624579619658E-33,
    -0.175));
#2347 = SPHERICAL_SURFACE('',#2348,0.175);
#2348 = AXIS2_PLACEMENT_3D('',#2349,#2350,#2351);
#2349 = CARTESIAN_POINT('',(0.,0.,0.));
#2350 = DIRECTION('',(0.,0.,1.));
#2351 = DIRECTION('',(1.,0.,-0.));
#2352 = ( GEOMETRIC_REPRESENTATION_CONTEXT(3) 
GLOBAL_UNCERTAINTY_ASSIGNED_CONTEXT((#2356)) 
GLOBAL_UNIT_ASSIGNED_CONTEXT((#2353,#2354,#2355)) REPRESENTATION_CONTEXT
('Context #1','3D Context with UNIT and UNCERTAINTY') );
#2353 = ( LENGTH_UNIT() NAMED_UNIT(*) SI_UNIT(.MILLI.,.METRE.) );
#2354 = ( NAMED_UNIT(*) PLANE_ANGLE_UNIT() SI_UNIT($,.RADIAN.) );
#2355 = ( NAMED_UNIT(*) SI_UNIT($,.STERADIAN.) SOLID_ANGLE_UNIT() );
#2356 = UNCERTAINTY_MEASURE_WITH_UNIT(LENGTH_MEASURE(1.E-07),#2353,
  'distance_accuracy_value','confusion accuracy');
#2357 = SHAPE_DEFINITION_REPRESENTATION(#2358,#2339);
#2358 = PRODUCT_DEFINITION_SHAPE('','',#2359);
#2359 = PRODUCT_DEFINITION('design','',#2360,#2363);
#2360 = PRODUCT_DEFINITION_FORMATION('','',#2361);
#2361 = PRODUCT('C5','C5','',(#2362));
#2362 = PRODUCT_CONTEXT('',#2,'mechanical');
#2363 = PRODUCT_DEFINITION_CONTEXT('part definition',#2,'design');
#2364 = CONTEXT_DEPENDENT_SHAPE_REPRESENTATION(#2365,#2367);
#2365 = ( REPRESENTATION_RELATIONSHIP('','',#2339,#10) 
REPRESENTATION_RELATIONSHIP_WITH_TRANSFORMATION(#2366) 
SHAPE_REPRESENTATION_RELATIONSHIP() );
#2366 = ITEM_DEFINED_TRANSFORMATION('','',#11,#167);
#2367 = PRODUCT_DEFINITION_SHAPE('Placement','Placement of an item',
  #2368);
#2368 = NEXT_ASSEMBLY_USAGE_OCCURRENCE('39','=>[0:1:1:40]','',#5,#2359,$
  );
#2369 = PRODUCT_RELATED_PRODUCT_CATEGORY('part',$,(#2361));
#2370 = ADVANCED_BREP_SHAPE_REPRESENTATION('',(#11,#2371),#2383);
#2371 = MANIFOLD_SOLID_BREP('',#2372);
#2372 = CLOSED_SHELL('',(#2373));
#2373 = ADVANCED_FACE('',(#2374),#2378,.T.);
#2374 = FACE_BOUND('',#2375,.T.);
#2375 = VERTEX_LOOP('',#2376);
#2376 = VERTEX_POINT('',#2377);
#2377 = CARTESIAN_POINT('',(1.071565949254E-17,-2.624579619658E-33,
    -0.175));
#2378 = SPHERICAL_SURFACE('',#2379,0.175);
#2379 = AXIS2_PLACEMENT_3D('',#2380,#2381,#2382);
#2380 = CARTESIAN_POINT('',(0.,0.,0.));
#2381 = DIRECTION('',(0.,0.,1.));
#2382 = DIRECTION('',(1.,0.,-0.));
#2383 = ( GEOMETRIC_REPRESENTATION_CONTEXT(3) 
GLOBAL_UNCERTAINTY_ASSIGNED_CONTEXT((#2387)) 
GLOBAL_UNIT_ASSIGNED_CONTEXT((#2384,#2385,#2386)) REPRESENTATION_CONTEXT
('Context #1','3D Context with UNIT and UNCERTAINTY') );
#2384 = ( LENGTH_UNIT() NAMED_UNIT(*) SI_UNIT(.MILLI.,.METRE.) );
#2385 = ( NAMED_UNIT(*) PLANE_ANGLE_UNIT() SI_UNIT($,.RADIAN.) );
#2386 = ( NAMED_UNIT(*) SI_UNIT($,.STERADIAN.) SOLID_ANGLE_UNIT() );
#2387 = UNCERTAINTY_MEASURE_WITH_UNIT(LENGTH_MEASURE(1.E-07),#2384,
  'distance_accuracy_value','confusion accuracy');
#2388 = SHAPE_DEFINITION_REPRESENTATION(#2389,#2370);
#2389 = PRODUCT_DEFINITION_SHAPE('','',#2390);
#2390 = PRODUCT_DEFINITION('design','',#2391,#2394);
#2391 = PRODUCT_DEFINITION_FORMATION('','',#2392);
#2392 = PRODUCT('C6','C6','',(#2393));
#2393 = PRODUCT_CONTEXT('',#2,'mechanical');
#2394 = PRODUCT_DEFINITION_CONTEXT('part definition',#2,'design');
#2395 = CONTEXT_DEPENDENT_SHAPE_REPRESENTATION(#2396,#2398);
#2396 = ( REPRESENTATION_RELATIONSHIP('','',#2370,#10) 
REPRESENTATION_RELATIONSHIP_WITH_TRANSFORMATION(#2397) 
SHAPE_REPRESENTATION_RELATIONSHIP() );
#2397 = ITEM_DEFINED_TRANSFORMATION('','',#11,#171);
#2398 = PRODUCT_DEFINITION_SHAPE('Placement','Placement of an item',
  #2399);
#2399 = NEXT_ASSEMBLY_USAGE_OCCURRENCE('40','=>[0:1:1:41]','',#5,#2390,$
  );
#2400 = PRODUCT_RELATED_PRODUCT_CATEGORY('part',$,(#2392));
#2401 = ADVANCED_BREP_SHAPE_REPRESENTATION('',(#11,#2402),#2414);
#2402 = MANIFOLD_SOLID_BREP('',#2403);
#2403 = CLOSED_SHELL('',(#2404));
#2404 = ADVANCED_FACE('',(#2405),#2409,.T.);
#2405 = FACE_BOUND('',#2406,.T.);
#2406 = VERTEX_LOOP('',#2407);
#2407 = VERTEX_POINT('',#2408);
#2408 = CARTESIAN_POINT('',(1.071565949254E-17,-2.624579619658E-33,
    -0.175));
#2409 = SPHERICAL_SURFACE('',#2410,0.175);
#2410 = AXIS2_PLACEMENT_3D('',#2411,#2412,#2413);
#2411 = CARTESIAN_POINT('',(0.,0.,0.));
#2412 = DIRECTION('',(0.,0.,1.));
#2413 = DIRECTION('',(1.,0.,-0.));
#2414 = ( GEOMETRIC_REPRESENTATION_CONTEXT(3) 
GLOBAL_UNCERTAINTY_ASSIGNED_CONTEXT((#2418)) 
GLOBAL_UNIT_ASSIGNED_CONTEXT((#2415,#2416,#2417)) REPRESENTATION_CONTEXT
('Context #1','3D Context with UNIT and UNCERTAINTY') );
#2415 = ( LENGTH_UNIT() NAMED_UNIT(*) SI_UNIT(.MILLI.,.METRE.) );
#2416 = ( NAMED_UNIT(*) PLANE_ANGLE_UNIT() SI_UNIT($,.RADIAN.) );
#2417 = ( NAMED_UNIT(*) SI_UNIT($,.STERADIAN.) SOLID_ANGLE_UNIT() );
#2418 = UNCERTAINTY_MEASURE_WITH_UNIT(LENGTH_MEASURE(1.E-07),#2415,
  'distance_accuracy_value','confusion accuracy');
#2419 = SHAPE_DEFINITION_REPRESENTATION(#2420,#2401);
#2420 = PRODUCT_DEFINITION_SHAPE('','',#2421);
#2421 = PRODUCT_DEFINITION('design','',#2422,#2425);
#2422 = PRODUCT_DEFINITION_FORMATION('','',#2423);
#2423 = PRODUCT('C7','C7','',(#2424));
#2424 = PRODUCT_CONTEXT('',#2,'mechanical');
#2425 = PRODUCT_DEFINITION_CONTEXT('part definition',#2,'design');
#2426 = CONTEXT_DEPENDENT_SHAPE_REPRESENTATION(#2427,#2429);
#2427 = ( REPRESENTATION_RELATIONSHIP('','',#2401,#10) 
REPRESENTATION_RELATIONSHIP_WITH_TRANSFORMATION(#2428) 
SHAPE_REPRESENTATION_RELATIONSHIP() );
#2428 = ITEM_DEFINED_TRANSFORMATION('','',#11,#175);
#2429 = PRODUCT_DEFINITION_SHAPE('Placement','Placement of an item',
  #2430);
#2430 = NEXT_ASSEMBLY_USAGE_OCCURRENCE('41','=>[0:1:1:42]','',#5,#2421,$
  );
#2431 = PRODUCT_RELATED_PRODUCT_CATEGORY('part',$,(#2423));
#2432 = ADVANCED_BREP_SHAPE_REPRESENTATION('',(#11,#2433),#2445);
#2433 = MANIFOLD_SOLID_BREP('',#2434);
#2434 = CLOSED_SHELL('',(#2435));
#2435 = ADVANCED_FACE('',(#2436),#2440,.T.);
#2436 = FACE_BOUND('',#2437,.T.);
#2437 = VERTEX_LOOP('',#2438);
#2438 = VERTEX_POINT('',#2439);
#2439 = CARTESIAN_POINT('',(1.071565949254E-17,-2.624579619658E-33,
    -0.175));
#2440 = SPHERICAL_SURFACE('',#2441,0.175);
#2441 = AXIS2_PLACEMENT_3D('',#2442,#2443,#2444);
#2442 = CARTESIAN_POINT('',(0.,0.,0.));
#2443 = DIRECTION('',(0.,0.,1.));
#2444 = DIRECTION('',(1.,0.,-0.));
#2445 = ( GEOMETRIC_REPRESENTATION_CONTEXT(3) 
GLOBAL_UNCERTAINTY_ASSIGNED_CONTEXT((#2449)) 
GLOBAL_UNIT_ASSIGNED_CONTEXT((#2446,#2447,#2448)) REPRESENTATION_CONTEXT
('Context #1','3D Context with UNIT and UNCERTAINTY') );
#2446 = ( LENGTH_UNIT() NAMED_UNIT(*) SI_UNIT(.MILLI.,.METRE.) );
#2447 = ( NAMED_UNIT(*) PLANE_ANGLE_UNIT() SI_UNIT($,.RADIAN.) );
#2448 = ( NAMED_UNIT(*) SI_UNIT($,.STERADIAN.) SOLID_ANGLE_UNIT() );
#2449 = UNCERTAINTY_MEASURE_WITH_UNIT(LENGTH_MEASURE(1.E-07),#2446,
  'distance_accuracy_value','confusion accuracy');
#2450 = SHAPE_DEFINITION_REPRESENTATION(#2451,#2432);
#2451 = PRODUCT_DEFINITION_SHAPE('','',#2452);
#2452 = PRODUCT_DEFINITION('design','',#2453,#2456);
#2453 = PRODUCT_DEFINITION_FORMATION('','',#2454);
#2454 = PRODUCT('C8','C8','',(#2455));
#2455 = PRODUCT_CONTEXT('',#2,'mechanical');
#2456 = PRODUCT_DEFINITION_CONTEXT('part definition',#2,'design');
#2457 = CONTEXT_DEPENDENT_SHAPE_REPRESENTATION(#2458,#2460);
#2458 = ( REPRESENTATION_RELATIONSHIP('','',#2432,#10) 
REPRESENTATION_RELATIONSHIP_WITH_TRANSFORMATION(#2459) 
SHAPE_REPRESENTATION_RELATIONSHIP() );
#2459 = ITEM_DEFINED_TRANSFORMATION('','',#11,#179);
#2460 = PRODUCT_DEFINITION_SHAPE('Placement','Placement of an item',
  #2461);
#2461 = NEXT_ASSEMBLY_USAGE_OCCURRENCE('42','=>[0:1:1:43]','',#5,#2452,$
  );
#2462 = PRODUCT_RELATED_PRODUCT_CATEGORY('part',$,(#2454));
#2463 = ADVANCED_BREP_SHAPE_REPRESENTATION('',(#11,#2464),#2476);
#2464 = MANIFOLD_SOLID_BREP('',#2465);
#2465 = CLOSED_SHELL('',(#2466));
#2466 = ADVANCED_FACE('',(#2467),#2471,.T.);
#2467 = FACE_BOUND('',#2468,.T.);
#2468 = VERTEX_LOOP('',#2469);
#2469 = VERTEX_POINT('',#2470);
#2470 = CARTESIAN_POINT('',(1.071565949254E-17,-2.624579619658E-33,
    -0.175));
#2471 = SPHERICAL_SURFACE('',#2472,0.175);
#2472 = AXIS2_PLACEMENT_3D('',#2473,#2474,#2475);
#2473 = CARTESIAN_POINT('',(0.,0.,0.));
#2474 = DIRECTION('',(0.,0.,1.));
#2475 = DIRECTION('',(1.,0.,-0.));
#2476 = ( GEOMETRIC_REPRESENTATION_CONTEXT(3) 
GLOBAL_UNCERTAINTY_ASSIGNED_CONTEXT((#2480)) 
GLOBAL_UNIT_ASSIGNED_CONTEXT((#2477,#2478,#2479)) REPRESENTATION_CONTEXT
('Context #1','3D Context with UNIT and UNCERTAINTY') );
#2477 = ( LENGTH_UNIT() NAMED_UNIT(*) SI_UNIT(.MILLI.,.METRE.) );
#2478 = ( NAMED_UNIT(*) PLANE_ANGLE_UNIT() SI_UNIT($,.RADIAN.) );
#2479 = ( NAMED_UNIT(*) SI_UNIT($,.STERADIAN.) SOLID_ANGLE_UNIT() );
#2480 = UNCERTAINTY_MEASURE_WITH_UNIT(LENGTH_MEASURE(1.E-07),#2477,
  'distance_accuracy_value','confusion accuracy');
#2481 = SHAPE_DEFINITION_REPRESENTATION(#2482,#2463);
#2482 = PRODUCT_DEFINITION_SHAPE('','',#2483);
#2483 = PRODUCT_DEFINITION('design','',#2484,#2487);
#2484 = PRODUCT_DEFINITION_FORMATION('','',#2485);
#2485 = PRODUCT('C9','C9','',(#2486));
#2486 = PRODUCT_CONTEXT('',#2,'mechanical');
#2487 = PRODUCT_DEFINITION_CONTEXT('part definition',#2,'design');
#2488 = CONTEXT_DEPENDENT_SHAPE_REPRESENTATION(#2489,#2491);
#2489 = ( REPRESENTATION_RELATIONSHIP('','',#2463,#10) 
REPRESENTATION_RELATIONSHIP_WITH_TRANSFORMATION(#2490) 
SHAPE_REPRESENTATION_RELATIONSHIP() );
#2490 = ITEM_DEFINED_TRANSFORMATION('','',#11,#183);
#2491 = PRODUCT_DEFINITION_SHAPE('Placement','Placement of an item',
  #2492);
#2492 = NEXT_ASSEMBLY_USAGE_OCCURRENCE('43','=>[0:1:1:44]','',#5,#2483,$
  );
#2493 = PRODUCT_RELATED_PRODUCT_CATEGORY('part',$,(#2485));
#2494 = ADVANCED_BREP_SHAPE_REPRESENTATION('',(#11,#2495),#2507);
#2495 = MANIFOLD_SOLID_BREP('',#2496);
#2496 = CLOSED_SHELL('',(#2497));
#2497 = ADVANCED_FACE('',(#2498),#2502,.T.);
#2498 = FACE_BOUND('',#2499,.T.);
#2499 = VERTEX_LOOP('',#2500);
#2500 = VERTEX_POINT('',#2501);
#2501 = CARTESIAN_POINT('',(1.071565949254E-17,-2.624579619658E-33,
    -0.175));
#2502 = SPHERICAL_SURFACE('',#2503,0.175);
#2503 = AXIS2_PLACEMENT_3D('',#2504,#2505,#2506);
#2504 = CARTESIAN_POINT('',(0.,0.,0.));
#2505 = DIRECTION('',(0.,0.,1.));
#2506 = DIRECTION('',(1.,0.,-0.));
#2507 = ( GEOMETRIC_REPRESENTATION_CONTEXT(3) 
GLOBAL_UNCERTAINTY_ASSIGNED_CONTEXT((#2511)) 
GLOBAL_UNIT_ASSIGNED_CONTEXT((#2508,#2509,#2510)) REPRESENTATION_CONTEXT
('Context #1','3D Context with UNIT and UNCERTAINTY') );
#2508 = ( LENGTH_UNIT() NAMED_UNIT(*) SI_UNIT(.MILLI.,.METRE.) );
#2509 = ( NAMED_UNIT(*) PLANE_ANGLE_UNIT() SI_UNIT($,.RADIAN.) );
#2510 = ( NAMED_UNIT(*) SI_UNIT($,.STERADIAN.) SOLID_ANGLE_UNIT() );
#2511 = UNCERTAINTY_MEASURE_WITH_UNIT(LENGTH_MEASURE(1.E-07),#2508,
  'distance_accuracy_value','confusion accuracy');
#2512 = SHAPE_DEFINITION_REPRESENTATION(#2513,#2494);
#2513 = PRODUCT_DEFINITION_SHAPE('','',#2514);
#2514 = PRODUCT_DEFINITION('design','',#2515,#2518);
#2515 = PRODUCT_DEFINITION_FORMATION('','',#2516);
#2516 = PRODUCT('C10','C10','',(#2517));
#2517 = PRODUCT_CONTEXT('',#2,'mechanical');
#2518 = PRODUCT_DEFINITION_CONTEXT('part definition',#2,'design');
#2519 = CONTEXT_DEPENDENT_SHAPE_REPRESENTATION(#2520,#2522);
#2520 = ( REPRESENTATION_RELATIONSHIP('','',#2494,#10) 
REPRESENTATION_RELATIONSHIP_WITH_TRANSFORMATION(#2521) 
SHAPE_REPRESENTATION_RELATIONSHIP() );
#2521 = ITEM_DEFINED_TRANSFORMATION('','',#11,#187);
#2522 = PRODUCT_DEFINITION_SHAPE('Placement','Placement of an item',
  #2523);
#2523 = NEXT_ASSEMBLY_USAGE_OCCURRENCE('44','=>[0:1:1:45]','',#5,#2514,$
  );
#2524 = PRODUCT_RELATED_PRODUCT_CATEGORY('part',$,(#2516));
#2525 = ADVANCED_BREP_SHAPE_REPRESENTATION('',(#11,#2526),#2538);
#2526 = MANIFOLD_SOLID_BREP('',#2527);
#2527 = CLOSED_SHELL('',(#2528));
#2528 = ADVANCED_FACE('',(#2529),#2533,.T.);
#2529 = FACE_BOUND('',#2530,.T.);
#2530 = VERTEX_LOOP('',#2531);
#2531 = VERTEX_POINT('',#2532);
#2532 = CARTESIAN_POINT('',(1.071565949254E-17,-2.624579619658E-33,
    -0.175));
#2533 = SPHERICAL_SURFACE('',#2534,0.175);
#2534 = AXIS2_PLACEMENT_3D('',#2535,#2536,#2537);
#2535 = CARTESIAN_POINT('',(0.,0.,0.));
#2536 = DIRECTION('',(0.,0.,1.));
#2537 = DIRECTION('',(1.,0.,-0.));
#2538 = ( GEOMETRIC_REPRESENTATION_CONTEXT(3) 
GLOBAL_UNCERTAINTY_ASSIGNED_CONTEXT((#2542)) 
GLOBAL_UNIT_ASSIGNED_CONTEXT((#2539,#2540,#2541)) REPRESENTATION_CONTEXT
('Context #1','3D Context with UNIT and UNCERTAINTY') );
#2539 = ( LENGTH_UNIT() NAMED_UNIT(*) SI_UNIT(.MILLI.,.METRE.) );
#2540 = ( NAMED_UNIT(*) PLANE_ANGLE_UNIT() SI_UNIT($,.RADIAN.) );
#2541 = ( NAMED_UNIT(*) SI_UNIT($,.STERADIAN.) SOLID_ANGLE_UNIT() );
#2542 = UNCERTAINTY_MEASURE_WITH_UNIT(LENGTH_MEASURE(1.E-07),#2539,
  'distance_accuracy_value','confusion accuracy');
#2543 = SHAPE_DEFINITION_REPRESENTATION(#2544,#2525);
#2544 = PRODUCT_DEFINITION_SHAPE('','',#2545);
#2545 = PRODUCT_DEFINITION('design','',#2546,#2549);
#2546 = PRODUCT_DEFINITION_FORMATION('','',#2547);
#2547 = PRODUCT('C11','C11','',(#2548));
#2548 = PRODUCT_CONTEXT('',#2,'mechanical');
#2549 = PRODUCT_DEFINITION_CONTEXT('part definition',#2,'design');
#2550 = CONTEXT_DEPENDENT_SHAPE_REPRESENTATION(#2551,#2553);
#2551 = ( REPRESENTATION_RELATIONSHIP('','',#2525,#10) 
REPRESENTATION_RELATIONSHIP_WITH_TRANSFORMATION(#2552) 
SHAPE_REPRESENTATION_RELATIONSHIP() );
#2552 = ITEM_DEFINED_TRANSFORMATION('','',#11,#191);
#2553 = PRODUCT_DEFINITION_SHAPE('Placement','Placement of an item',
  #2554);
#2554 = NEXT_ASSEMBLY_USAGE_OCCURRENCE('45','=>[0:1:1:46]','',#5,#2545,$
  );
#2555 = PRODUCT_RELATED_PRODUCT_CATEGORY('part',$,(#2547));
#2556 = ADVANCED_BREP_SHAPE_REPRESENTATION('',(#11,#2557),#2569);
#2557 = MANIFOLD_SOLID_BREP('',#2558);
#2558 = CLOSED_SHELL('',(#2559));
#2559 = ADVANCED_FACE('',(#2560),#2564,.T.);
#2560 = FACE_BOUND('',#2561,.T.);
#2561 = VERTEX_LOOP('',#2562);
#2562 = VERTEX_POINT('',#2563);
#2563 = CARTESIAN_POINT('',(1.071565949254E-17,-2.624579619658E-33,
    -0.175));
#2564 = SPHERICAL_SURFACE('',#2565,0.175);
#2565 = AXIS2_PLACEMENT_3D('',#2566,#2567,#2568);
#2566 = CARTESIAN_POINT('',(0.,0.,0.));
#2567 = DIRECTION('',(0.,0.,1.));
#2568 = DIRECTION('',(1.,0.,-0.));
#2569 = ( GEOMETRIC_REPRESENTATION_CONTEXT(3) 
GLOBAL_UNCERTAINTY_ASSIGNED_CONTEXT((#2573)) 
GLOBAL_UNIT_ASSIGNED_CONTEXT((#2570,#2571,#2572)) REPRESENTATION_CONTEXT
('Context #1','3D Context with UNIT and UNCERTAINTY') );
#2570 = ( LENGTH_UNIT() NAMED_UNIT(*) SI_UNIT(.MILLI.,.METRE.) );
#2571 = ( NAMED_UNIT(*) PLANE_ANGLE_UNIT() SI_UNIT($,.RADIAN.) );
#2572 = ( NAMED_UNIT(*) SI_UNIT($,.STERADIAN.) SOLID_ANGLE_UNIT() );
#2573 = UNCERTAINTY_MEASURE_WITH_UNIT(LENGTH_MEASURE(1.E-07),#2570,
  'distance_accuracy_value','confusion accuracy');
#2574 = SHAPE_DEFINITION_REPRESENTATION(#2575,#2556);
#2575 = PRODUCT_DEFINITION_SHAPE('','',#2576);
#2576 = PRODUCT_DEFINITION('design','',#2577,#2580);
#2577 = PRODUCT_DEFINITION_FORMATION('','',#2578);
#2578 = PRODUCT('C12','C12','',(#2579));
#2579 = PRODUCT_CONTEXT('',#2,'mechanical');
#2580 = PRODUCT_DEFINITION_CONTEXT('part definition',#2,'design');
#2581 = CONTEXT_DEPENDENT_SHAPE_REPRESENTATION(#2582,#2584);
#2582 = ( REPRESENTATION_RELATIONSHIP('','',#2556,#10) 
REPRESENTATION_RELATIONSHIP_WITH_TRANSFORMATION(#2583) 
SHAPE_REPRESENTATION_RELATIONSHIP() );
#2583 = ITEM_DEFINED_TRANSFORMATION('','',#11,#195);
#2584 = PRODUCT_DEFINITION_SHAPE('Placement','Placement of an item',
  #2585);
#2585 = NEXT_ASSEMBLY_USAGE_OCCURRENCE('46','=>[0:1:1:47]','',#5,#2576,$
  );
#2586 = PRODUCT_RELATED_PRODUCT_CATEGORY('part',$,(#2578));
#2587 = ADVANCED_BREP_SHAPE_REPRESENTATION('',(#11,#2588),#2600);
#2588 = MANIFOLD_SOLID_BREP('',#2589);
#2589 = CLOSED_SHELL('',(#2590));
#2590 = ADVANCED_FACE('',(#2591),#2595,.T.);
#2591 = FACE_BOUND('',#2592,.T.);
#2592 = VERTEX_LOOP('',#2593);
#2593 = VERTEX_POINT('',#2594);
#2594 = CARTESIAN_POINT('',(1.071565949254E-17,-2.624579619658E-33,
    -0.175));
#2595 = SPHERICAL_SURFACE('',#2596,0.175);
#2596 = AXIS2_PLACEMENT_3D('',#2597,#2598,#2599);
#2597 = CARTESIAN_POINT('',(0.,0.,0.));
#2598 = DIRECTION('',(0.,0.,1.));
#2599 = DIRECTION('',(1.,0.,-0.));
#2600 = ( GEOMETRIC_REPRESENTATION_CONTEXT(3) 
GLOBAL_UNCERTAINTY_ASSIGNED_CONTEXT((#2604)) 
GLOBAL_UNIT_ASSIGNED_CONTEXT((#2601,#2602,#2603)) REPRESENTATION_CONTEXT
('Context #1','3D Context with UNIT and UNCERTAINTY') );
#2601 = ( LENGTH_UNIT() NAMED_UNIT(*) SI_UNIT(.MILLI.,.METRE.) );
#2602 = ( NAMED_UNIT(*) PLANE_ANGLE_UNIT() SI_UNIT($,.RADIAN.) );
#2603 = ( NAMED_UNIT(*) SI_UNIT($,.STERADIAN.) SOLID_ANGLE_UNIT() );
#2604 = UNCERTAINTY_MEASURE_WITH_UNIT(LENGTH_MEASURE(1.E-07),#2601,
  'distance_accuracy_value','confusion accuracy');
#2605 = SHAPE_DEFINITION_REPRESENTATION(#2606,#2587);
#2606 = PRODUCT_DEFINITION_SHAPE('','',#2607);
#2607 = PRODUCT_DEFINITION('design','',#2608,#2611);
#2608 = PRODUCT_DEFINITION_FORMATION('','',#2609);
#2609 = PRODUCT('C13','C13','',(#2610));
#2610 = PRODUCT_CONTEXT('',#2,'mechanical');
#2611 = PRODUCT_DEFINITION_CONTEXT('part definition',#2,'design');
#2612 = CONTEXT_DEPENDENT_SHAPE_REPRESENTATION(#2613,#2615);
#2613 = ( REPRESENTATION_RELATIONSHIP('','',#2587,#10) 
REPRESENTATION_RELATIONSHIP_WITH_TRANSFORMATION(#2614) 
SHAPE_REPRESENTATION_RELATIONSHIP() );
#2614 = ITEM_DEFINED_TRANSFORMATION('','',#11,#199);
#2615 = PRODUCT_DEFINITION_SHAPE('Placement','Placement of an item',
  #2616);
#2616 = NEXT_ASSEMBLY_USAGE_OCCURRENCE('47','=>[0:1:1:48]','',#5,#2607,$
  );
#2617 = PRODUCT_RELATED_PRODUCT_CATEGORY('part',$,(#2609));
#2618 = ADVANCED_BREP_SHAPE_REPRESENTATION('',(#11,#2619),#2631);
#2619 = MANIFOLD_SOLID_BREP('',#2620);
#2620 = CLOSED_SHELL('',(#2621));
#2621 = ADVANCED_FACE('',(#2622),#2626,.T.);
#2622 = FACE_BOUND('',#2623,.T.);
#2623 = VERTEX_LOOP('',#2624);
#2624 = VERTEX_POINT('',#2625);
#2625 = CARTESIAN_POINT('',(1.071565949254E-17,-2.624579619658E-33,
    -0.175));
#2626 = SPHERICAL_SURFACE('',#2627,0.175);
#2627 = AXIS2_PLACEMENT_3D('',#2628,#2629,#2630);
#2628 = CARTESIAN_POINT('',(0.,0.,0.));
#2629 = DIRECTION('',(0.,0.,1.));
#2630 = DIRECTION('',(1.,0.,-0.));
#2631 = ( GEOMETRIC_REPRESENTATION_CONTEXT(3) 
GLOBAL_UNCERTAINTY_ASSIGNED_CONTEXT((#2635)) 
GLOBAL_UNIT_ASSIGNED_CONTEXT((#2632,#2633,#2634)) REPRESENTATION_CONTEXT
('Context #1','3D Context with UNIT and UNCERTAINTY') );
#2632 = ( LENGTH_UNIT() NAMED_UNIT(*) SI_UNIT(.MILLI.,.METRE.) );
#2633 = ( NAMED_UNIT(*) PLANE_ANGLE_UNIT() SI_UNIT($,.RADIAN.) );
#2634 = ( NAMED_UNIT(*) SI_UNIT($,.STERADIAN.) SOLID_ANGLE_UNIT() );
#2635 = UNCERTAINTY_MEASURE_WITH_UNIT(LENGTH_MEASURE(1.E-07),#2632,
  'distance_accuracy_value','confusion accuracy');
#2636 = SHAPE_DEFINITION_REPRESENTATION(#2637,#2618);
#2637 = PRODUCT_DEFINITION_SHAPE('','',#2638);
#2638 = PRODUCT_DEFINITION('design','',#2639,#2642);
#2639 = PRODUCT_DEFINITION_FORMATION('','',#2640);
#2640 = PRODUCT('C14','C14','',(#2641));
#2641 = PRODUCT_CONTEXT('',#2,'mechanical');
#2642 = PRODUCT_DEFINITION_CONTEXT('part definition',#2,'design');
#2643 = CONTEXT_DEPENDENT_SHAPE_REPRESENTATION(#2644,#2646);
#2644 = ( REPRESENTATION_RELATIONSHIP('','',#2618,#10) 
REPRESENTATION_RELATIONSHIP_WITH_TRANSFORMATION(#2645) 
SHAPE_REPRESENTATION_RELATIONSHIP() );
#2645 = ITEM_DEFINED_TRANSFORMATION('','',#11,#203);
#2646 = PRODUCT_DEFINITION_SHAPE('Placement','Placement of an item',
  #2647);
#2647 = NEXT_ASSEMBLY_USAGE_OCCURRENCE('48','=>[0:1:1:49]','',#5,#2638,$
  );
#2648 = PRODUCT_RELATED_PRODUCT_CATEGORY('part',$,(#2640));
#2649 = ADVANCED_BREP_SHAPE_REPRESENTATION('',(#11,#2650),#2662);
#2650 = MANIFOLD_SOLID_BREP('',#2651);
#2651 = CLOSED_SHELL('',(#2652));
#2652 = ADVANCED_FACE('',(#2653),#2657,.T.);
#2653 = FACE_BOUND('',#2654,.T.);
#2654 = VERTEX_LOOP('',#2655);
#2655 = VERTEX_POINT('',#2656);
#2656 = CARTESIAN_POINT('',(1.071565949254E-17,-2.624579619658E-33,
    -0.175));
#2657 = SPHERICAL_SURFACE('',#2658,0.175);
#2658 = AXIS2_PLACEMENT_3D('',#2659,#2660,#2661);
#2659 = CARTESIAN_POINT('',(0.,0.,0.));
#2660 = DIRECTION('',(0.,0.,1.));
#2661 = DIRECTION('',(1.,0.,-0.));
#2662 = ( GEOMETRIC_REPRESENTATION_CONTEXT(3) 
GLOBAL_UNCERTAINTY_ASSIGNED_CONTEXT((#2666)) 
GLOBAL_UNIT_ASSIGNED_CONTEXT((#2663,#2664,#2665)) REPRESENTATION_CONTEXT
('Context #1','3D Context with UNIT and UNCERTAINTY') );
#2663 = ( LENGTH_UNIT() NAMED_UNIT(*) SI_UNIT(.MILLI.,.METRE.) );
#2664 = ( NAMED_UNIT(*) PLANE_ANGLE_UNIT() SI_UNIT($,.RADIAN.) );
#2665 = ( NAMED_UNIT(*) SI_UNIT($,.STERADIAN.) SOLID_ANGLE_UNIT() );
#2666 = UNCERTAINTY_MEASURE_WITH_UNIT(LENGTH_MEASURE(1.E-07),#2663,
  'distance_accuracy_value','confusion accuracy');
#2667 = SHAPE_DEFINITION_REPRESENTATION(#2668,#2649);
#2668 = PRODUCT_DEFINITION_SHAPE('','',#2669);
#2669 = PRODUCT_DEFINITION('design','',#2670,#2673);
#2670 = PRODUCT_DEFINITION_FORMATION('','',#2671);
#2671 = PRODUCT('C15','C15','',(#2672));
#2672 = PRODUCT_CONTEXT('',#2,'mechanical');
#2673 = PRODUCT_DEFINITION_CONTEXT('part definition',#2,'design');
#2674 = CONTEXT_DEPENDENT_SHAPE_REPRESENTATION(#2675,#2677);
#2675 = ( REPRESENTATION_RELATIONSHIP('','',#2649,#10) 
REPRESENTATION_RELATIONSHIP_WITH_TRANSFORMATION(#2676) 
SHAPE_REPRESENTATION_RELATIONSHIP() );
#2676 = ITEM_DEFINED_TRANSFORMATION('','',#11,#207);
#2677 = PRODUCT_DEFINITION_SHAPE('Placement','Placement of an item',
  #2678);
#2678 = NEXT_ASSEMBLY_USAGE_OCCURRENCE('49','=>[0:1:1:50]','',#5,#2669,$
  );
#2679 = PRODUCT_RELATED_PRODUCT_CATEGORY('part',$,(#2671));
#2680 = ADVANCED_BREP_SHAPE_REPRESENTATION('',(#11,#2681),#2693);
#2681 = MANIFOLD_SOLID_BREP('',#2682);
#2682 = CLOSED_SHELL('',(#2683));
#2683 = ADVANCED_FACE('',(#2684),#2688,.T.);
#2684 = FACE_BOUND('',#2685,.T.);
#2685 = VERTEX_LOOP('',#2686);
#2686 = VERTEX_POINT('',#2687);
#2687 = CARTESIAN_POINT('',(1.071565949254E-17,-2.624579619658E-33,
    -0.175));
#2688 = SPHERICAL_SURFACE('',#2689,0.175);
#2689 = AXIS2_PLACEMENT_3D('',#2690,#2691,#2692);
#2690 = CARTESIAN_POINT('',(0.,0.,0.));
#2691 = DIRECTION('',(0.,0.,1.));
#2692 = DIRECTION('',(1.,0.,-0.));
#2693 = ( GEOMETRIC_REPRESENTATION_CONTEXT(3) 
GLOBAL_UNCERTAINTY_ASSIGNED_CONTEXT((#2697)) 
GLOBAL_UNIT_ASSIGNED_CONTEXT((#2694,#2695,#2696)) REPRESENTATION_CONTEXT
('Context #1','3D Context with UNIT and UNCERTAINTY') );
#2694 = ( LENGTH_UNIT() NAMED_UNIT(*) SI_UNIT(.MILLI.,.METRE.) );
#2695 = ( NAMED_UNIT(*) PLANE_ANGLE_UNIT() SI_UNIT($,.RADIAN.) );
#2696 = ( NAMED_UNIT(*) SI_UNIT($,.STERADIAN.) SOLID_ANGLE_UNIT() );
#2697 = UNCERTAINTY_MEASURE_WITH_UNIT(LENGTH_MEASURE(1.E-07),#2694,
  'distance_accuracy_value','confusion accuracy');
#2698 = SHAPE_DEFINITION_REPRESENTATION(#2699,#2680);
#2699 = PRODUCT_DEFINITION_SHAPE('','',#2700);
#2700 = PRODUCT_DEFINITION('design','',#2701,#2704);
#2701 = PRODUCT_DEFINITION_FORMATION('','',#2702);
#2702 = PRODUCT('C16','C16','',(#2703));
#2703 = PRODUCT_CONTEXT('',#2,'mechanical');
#2704 = PRODUCT_DEFINITION_CONTEXT('part definition',#2,'design');
#2705 = CONTEXT_DEPENDENT_SHAPE_REPRESENTATION(#2706,#2708);
#2706 = ( REPRESENTATION_RELATIONSHIP('','',#2680,#10) 
REPRESENTATION_RELATIONSHIP_WITH_TRANSFORMATION(#2707) 
SHAPE_REPRESENTATION_RELATIONSHIP() );
#2707 = ITEM_DEFINED_TRANSFORMATION('','',#11,#211);
#2708 = PRODUCT_DEFINITION_SHAPE('Placement','Placement of an item',
  #2709);
#2709 = NEXT_ASSEMBLY_USAGE_OCCURRENCE('50','=>[0:1:1:51]','',#5,#2700,$
  );
#2710 = PRODUCT_RELATED_PRODUCT_CATEGORY('part',$,(#2702));
#2711 = ADVANCED_BREP_SHAPE_REPRESENTATION('',(#11,#2712),#2724);
#2712 = MANIFOLD_SOLID_BREP('',#2713);
#2713 = CLOSED_SHELL('',(#2714));
#2714 = ADVANCED_FACE('',(#2715),#2719,.T.);
#2715 = FACE_BOUND('',#2716,.T.);
#2716 = VERTEX_LOOP('',#2717);
#2717 = VERTEX_POINT('',#2718);
#2718 = CARTESIAN_POINT('',(1.071565949254E-17,-2.624579619658E-33,
    -0.175));
#2719 = SPHERICAL_SURFACE('',#2720,0.175);
#2720 = AXIS2_PLACEMENT_3D('',#2721,#2722,#2723);
#2721 = CARTESIAN_POINT('',(0.,0.,0.));
#2722 = DIRECTION('',(0.,0.,1.));
#2723 = DIRECTION('',(1.,0.,-0.));
#2724 = ( GEOMETRIC_REPRESENTATION_CONTEXT(3) 
GLOBAL_UNCERTAINTY_ASSIGNED_CONTEXT((#2728)) 
GLOBAL_UNIT_ASSIGNED_CONTEXT((#2725,#2726,#2727)) REPRESENTATION_CONTEXT
('Context #1','3D Context with UNIT and UNCERTAINTY') );
#2725 = ( LENGTH_UNIT() NAMED_UNIT(*) SI_UNIT(.MILLI.,.METRE.) );
#2726 = ( NAMED_UNIT(*) PLANE_ANGLE_UNIT() SI_UNIT($,.RADIAN.) );
#2727 = ( NAMED_UNIT(*) SI_UNIT($,.STERADIAN.) SOLID_ANGLE_UNIT() );
#2728 = UNCERTAINTY_MEASURE_WITH_UNIT(LENGTH_MEASURE(1.E-07),#2725,
  'distance_accuracy_value','confusion accuracy');
#2729 = SHAPE_DEFINITION_REPRESENTATION(#2730,#2711);
#2730 = PRODUCT_DEFINITION_SHAPE('','',#2731);
#2731 = PRODUCT_DEFINITION('design','',#2732,#2735);
#2732 = PRODUCT_DEFINITION_FORMATION('','',#2733);
#2733 = PRODUCT('C17','C17','',(#2734));
#2734 = PRODUCT_CONTEXT('',#2,'mechanical');
#2735 = PRODUCT_DEFINITION_CONTEXT('part definition',#2,'design');
#2736 = CONTEXT_DEPENDENT_SHAPE_REPRESENTATION(#2737,#2739);
#2737 = ( REPRESENTATION_RELATIONSHIP('','',#2711,#10) 
REPRESENTATION_RELATIONSHIP_WITH_TRANSFORMATION(#2738) 
SHAPE_REPRESENTATION_RELATIONSHIP() );
#2738 = ITEM_DEFINED_TRANSFORMATION('','',#11,#215);
#2739 = PRODUCT_DEFINITION_SHAPE('Placement','Placement of an item',
  #2740);
#2740 = NEXT_ASSEMBLY_USAGE_OCCURRENCE('51','=>[0:1:1:52]','',#5,#2731,$
  );
#2741 = PRODUCT_RELATED_PRODUCT_CATEGORY('part',$,(#2733));
#2742 = ADVANCED_BREP_SHAPE_REPRESENTATION('',(#11,#2743),#2755);
#2743 = MANIFOLD_SOLID_BREP('',#2744);
#2744 = CLOSED_SHELL('',(#2745));
#2745 = ADVANCED_FACE('',(#2746),#2750,.T.);
#2746 = FACE_BOUND('',#2747,.T.);
#2747 = VERTEX_LOOP('',#2748);
#2748 = VERTEX_POINT('',#2749);
#2749 = CARTESIAN_POINT('',(1.071565949254E-17,-2.624579619658E-33,
    -0.175));
#2750 = SPHERICAL_SURFACE('',#2751,0.175);
#2751 = AXIS2_PLACEMENT_3D('',#2752,#2753,#2754);
#2752 = CARTESIAN_POINT('',(0.,0.,0.));
#2753 = DIRECTION('',(0.,0.,1.));
#2754 = DIRECTION('',(1.,0.,-0.));
#2755 = ( GEOMETRIC_REPRESENTATION_CONTEXT(3) 
GLOBAL_UNCERTAINTY_ASSIGNED_CONTEXT((#2759)) 
GLOBAL_UNIT_ASSIGNED_CONTEXT((#2756,#2757,#2758)) REPRESENTATION_CONTEXT
('Context #1','3D Context with UNIT and UNCERTAINTY') );
#2756 = ( LENGTH_UNIT() NAMED_UNIT(*) SI_UNIT(.MILLI.,.METRE.) );
#2757 = ( NAMED_UNIT(*) PLANE_ANGLE_UNIT() SI_UNIT($,.RADIAN.) );
#2758 = ( NAMED_UNIT(*) SI_UNIT($,.STERADIAN.) SOLID_ANGLE_UNIT() );
#2759 = UNCERTAINTY_MEASURE_WITH_UNIT(LENGTH_MEASURE(1.E-07),#2756,
  'distance_accuracy_value','confusion accuracy');
#2760 = SHAPE_DEFINITION_REPRESENTATION(#2761,#2742);
#2761 = PRODUCT_DEFINITION_SHAPE('','',#2762);
#2762 = PRODUCT_DEFINITION('design','',#2763,#2766);
#2763 = PRODUCT_DEFINITION_FORMATION('','',#2764);
#2764 = PRODUCT('C18','C18','',(#2765));
#2765 = PRODUCT_CONTEXT('',#2,'mechanical');
#2766 = PRODUCT_DEFINITION_CONTEXT('part definition',#2,'design');
#2767 = CONTEXT_DEPENDENT_SHAPE_REPRESENTATION(#2768,#2770);
#2768 = ( REPRESENTATION_RELATIONSHIP('','',#2742,#10) 
REPRESENTATION_RELATIONSHIP_WITH_TRANSFORMATION(#2769) 
SHAPE_REPRESENTATION_RELATIONSHIP() );
#2769 = ITEM_DEFINED_TRANSFORMATION('','',#11,#219);
#2770 = PRODUCT_DEFINITION_SHAPE('Placement','Placement of an item',
  #2771);
#2771 = NEXT_ASSEMBLY_USAGE_OCCURRENCE('52','=>[0:1:1:53]','',#5,#2762,$
  );
#2772 = PRODUCT_RELATED_PRODUCT_CATEGORY('part',$,(#2764));
#2773 = ADVANCED_BREP_SHAPE_REPRESENTATION('',(#11,#2774),#2786);
#2774 = MANIFOLD_SOLID_BREP('',#2775);
#2775 = CLOSED_SHELL('',(#2776));
#2776 = ADVANCED_FACE('',(#2777),#2781,.T.);
#2777 = FACE_BOUND('',#2778,.T.);
#2778 = VERTEX_LOOP('',#2779);
#2779 = VERTEX_POINT('',#2780);
#2780 = CARTESIAN_POINT('',(1.071565949254E-17,-2.624579619658E-33,
    -0.175));
#2781 = SPHERICAL_SURFACE('',#2782,0.175);
#2782 = AXIS2_PLACEMENT_3D('',#2783,#2784,#2785);
#2783 = CARTESIAN_POINT('',(0.,0.,0.));
#2784 = DIRECTION('',(0.,0.,1.));
#2785 = DIRECTION('',(1.,0.,-0.));
#2786 = ( GEOMETRIC_REPRESENTATION_CONTEXT(3) 
GLOBAL_UNCERTAINTY_ASSIGNED_CONTEXT((#2790)) 
GLOBAL_UNIT_ASSIGNED_CONTEXT((#2787,#2788,#2789)) REPRESENTATION_CONTEXT
('Context #1','3D Context with UNIT and UNCERTAINTY') );
#2787 = ( LENGTH_UNIT() NAMED_UNIT(*) SI_UNIT(.MILLI.,.METRE.) );
#2788 = ( NAMED_UNIT(*) PLANE_ANGLE_UNIT() SI_UNIT($,.RADIAN.) );
#2789 = ( NAMED_UNIT(*) SI_UNIT($,.STERADIAN.) SOLID_ANGLE_UNIT() );
#2790 = UNCERTAINTY_MEASURE_WITH_UNIT(LENGTH_MEASURE(1.E-07),#2787,
  'distance_accuracy_value','confusion accuracy');
#2791 = SHAPE_DEFINITION_REPRESENTATION(#2792,#2773);
#2792 = PRODUCT_DEFINITION_SHAPE('','',#2793);
#2793 = PRODUCT_DEFINITION('design','',#2794,#2797);
#2794 = PRODUCT_DEFINITION_FORMATION('','',#2795);
#2795 = PRODUCT('C19','C19','',(#2796));
#2796 = PRODUCT_CONTEXT('',#2,'mechanical');
#2797 = PRODUCT_DEFINITION_CONTEXT('part definition',#2,'design');
#2798 = CONTEXT_DEPENDENT_SHAPE_REPRESENTATION(#2799,#2801);
#2799 = ( REPRESENTATION_RELATIONSHIP('','',#2773,#10) 
REPRESENTATION_RELATIONSHIP_WITH_TRANSFORMATION(#2800) 
SHAPE_REPRESENTATION_RELATIONSHIP() );
#2800 = ITEM_DEFINED_TRANSFORMATION('','',#11,#223);
#2801 = PRODUCT_DEFINITION_SHAPE('Placement','Placement of an item',
  #2802);
#2802 = NEXT_ASSEMBLY_USAGE_OCCURRENCE('53','=>[0:1:1:54]','',#5,#2793,$
  );
#2803 = PRODUCT_RELATED_PRODUCT_CATEGORY('part',$,(#2795));
#2804 = ADVANCED_BREP_SHAPE_REPRESENTATION('',(#11,#2805),#2817);
#2805 = MANIFOLD_SOLID_BREP('',#2806);
#2806 = CLOSED_SHELL('',(#2807));
#2807 = ADVANCED_FACE('',(#2808),#2812,.T.);
#2808 = FACE_BOUND('',#2809,.T.);
#2809 = VERTEX_LOOP('',#2810);
#2810 = VERTEX_POINT('',#2811);
#2811 = CARTESIAN_POINT('',(1.071565949254E-17,-2.624579619658E-33,
    -0.175));
#2812 = SPHERICAL_SURFACE('',#2813,0.175);
#2813 = AXIS2_PLACEMENT_3D('',#2814,#2815,#2816);
#2814 = CARTESIAN_POINT('',(0.,0.,0.));
#2815 = DIRECTION('',(0.,0.,1.));
#2816 = DIRECTION('',(1.,0.,-0.));
#2817 = ( GEOMETRIC_REPRESENTATION_CONTEXT(3) 
GLOBAL_UNCERTAINTY_ASSIGNED_CONTEXT((#2821)) 
GLOBAL_UNIT_ASSIGNED_CONTEXT((#2818,#2819,#2820)) REPRESENTATION_CONTEXT
('Context #1','3D Context with UNIT and UNCERTAINTY') );
#2818 = ( LENGTH_UNIT() NAMED_UNIT(*) SI_UNIT(.MILLI.,.METRE.) );
#2819 = ( NAMED_UNIT(*) PLANE_ANGLE_UNIT() SI_UNIT($,.RADIAN.) );
#2820 = ( NAMED_UNIT(*) SI_UNIT($,.STERADIAN.) SOLID_ANGLE_UNIT() );
#2821 = UNCERTAINTY_MEASURE_WITH_UNIT(LENGTH_MEASURE(1.E-07),#2818,
  'distance_accuracy_value','confusion accuracy');
#2822 = SHAPE_DEFINITION_REPRESENTATION(#2823,#2804);
#2823 = PRODUCT_DEFINITION_SHAPE('','',#2824);
#2824 = PRODUCT_DEFINITION('design','',#2825,#2828);
#2825 = PRODUCT_DEFINITION_FORMATION('','',#2826);
#2826 = PRODUCT('C20','C20','',(#2827));
#2827 = PRODUCT_CONTEXT('',#2,'mechanical');
#2828 = PRODUCT_DEFINITION_CONTEXT('part definition',#2,'design');
#2829 = CONTEXT_DEPENDENT_SHAPE_REPRESENTATION(#2830,#2832);
#2830 = ( REPRESENTATION_RELATIONSHIP('','',#2804,#10) 
REPRESENTATION_RELATIONSHIP_WITH_TRANSFORMATION(#2831) 
SHAPE_REPRESENTATION_RELATIONSHIP() );
#2831 = ITEM_DEFINED_TRANSFORMATION('','',#11,#227);
#2832 = PRODUCT_DEFINITION_SHAPE('Placement','Placement of an item',
  #2833);
#2833 = NEXT_ASSEMBLY_USAGE_OCCURRENCE('54','=>[0:1:1:55]','',#5,#2824,$
  );
#2834 = PRODUCT_RELATED_PRODUCT_CATEGORY('part',$,(#2826));
#2835 = ADVANCED_BREP_SHAPE_REPRESENTATION('',(#11,#2836),#2848);
#2836 = MANIFOLD_SOLID_BREP('',#2837);
#2837 = CLOSED_SHELL('',(#2838));
#2838 = ADVANCED_FACE('',(#2839),#2843,.T.);
#2839 = FACE_BOUND('',#2840,.T.);
#2840 = VERTEX_LOOP('',#2841);
#2841 = VERTEX_POINT('',#2842);
#2842 = CARTESIAN_POINT('',(1.071565949254E-17,-2.624579619658E-33,
    -0.175));
#2843 = SPHERICAL_SURFACE('',#2844,0.175);
#2844 = AXIS2_PLACEMENT_3D('',#2845,#2846,#2847);
#2845 = CARTESIAN_POINT('',(0.,0.,0.));
#2846 = DIRECTION('',(0.,0.,1.));
#2847 = DIRECTION('',(1.,0.,-0.));
#2848 = ( GEOMETRIC_REPRESENTATION_CONTEXT(3) 
GLOBAL_UNCERTAINTY_ASSIGNED_CONTEXT((#2852)) 
GLOBAL_UNIT_ASSIGNED_CONTEXT((#2849,#2850,#2851)) REPRESENTATION_CONTEXT
('Context #1','3D Context with UNIT and UNCERTAINTY') );
#2849 = ( LENGTH_UNIT() NAMED_UNIT(*) SI_UNIT(.MILLI.,.METRE.) );
#2850 = ( NAMED_UNIT(*) PLANE_ANGLE_UNIT() SI_UNIT($,.RADIAN.) );
#2851 = ( NAMED_UNIT(*) SI_UNIT($,.STERADIAN.) SOLID_ANGLE_UNIT() );
#2852 = UNCERTAINTY_MEASURE_WITH_UNIT(LENGTH_MEASURE(1.E-07),#2849,
  'distance_accuracy_value','confusion accuracy');
#2853 = SHAPE_DEFINITION_REPRESENTATION(#2854,#2835);
#2854 = PRODUCT_DEFINITION_SHAPE('','',#2855);
#2855 = PRODUCT_DEFINITION('design','',#2856,#2859);
#2856 = PRODUCT_DEFINITION_FORMATION('','',#2857);
#2857 = PRODUCT('D1','D1','',(#2858));
#2858 = PRODUCT_CONTEXT('',#2,'mechanical');
#2859 = PRODUCT_DEFINITION_CONTEXT('part definition',#2,'design');
#2860 = CONTEXT_DEPENDENT_SHAPE_REPRESENTATION(#2861,#2863);
#2861 = ( REPRESENTATION_RELATIONSHIP('','',#2835,#10) 
REPRESENTATION_RELATIONSHIP_WITH_TRANSFORMATION(#2862) 
SHAPE_REPRESENTATION_RELATIONSHIP() );
#2862 = ITEM_DEFINED_TRANSFORMATION('','',#11,#231);
#2863 = PRODUCT_DEFINITION_SHAPE('Placement','Placement of an item',
  #2864);
#2864 = NEXT_ASSEMBLY_USAGE_OCCURRENCE('55','=>[0:1:1:56]','',#5,#2855,$
  );
#2865 = PRODUCT_RELATED_PRODUCT_CATEGORY('part',$,(#2857));
#2866 = ADVANCED_BREP_SHAPE_REPRESENTATION('',(#11,#2867),#2879);
#2867 = MANIFOLD_SOLID_BREP('',#2868);
#2868 = CLOSED_SHELL('',(#2869));
#2869 = ADVANCED_FACE('',(#2870),#2874,.T.);
#2870 = FACE_BOUND('',#2871,.T.);
#2871 = VERTEX_LOOP('',#2872);
#2872 = VERTEX_POINT('',#2873);
#2873 = CARTESIAN_POINT('',(1.071565949254E-17,-2.624579619658E-33,
    -0.175));
#2874 = SPHERICAL_SURFACE('',#2875,0.175);
#2875 = AXIS2_PLACEMENT_3D('',#2876,#2877,#2878);
#2876 = CARTESIAN_POINT('',(0.,0.,0.));
#2877 = DIRECTION('',(0.,0.,1.));
#2878 = DIRECTION('',(1.,0.,-0.));
#2879 = ( GEOMETRIC_REPRESENTATION_CONTEXT(3) 
GLOBAL_UNCERTAINTY_ASSIGNED_CONTEXT((#2883)) 
GLOBAL_UNIT_ASSIGNED_CONTEXT((#2880,#2881,#2882)) REPRESENTATION_CONTEXT
('Context #1','3D Context with UNIT and UNCERTAINTY') );
#2880 = ( LENGTH_UNIT() NAMED_UNIT(*) SI_UNIT(.MILLI.,.METRE.) );
#2881 = ( NAMED_UNIT(*) PLANE_ANGLE_UNIT() SI_UNIT($,.RADIAN.) );
#2882 = ( NAMED_UNIT(*) SI_UNIT($,.STERADIAN.) SOLID_ANGLE_UNIT() );
#2883 = UNCERTAINTY_MEASURE_WITH_UNIT(LENGTH_MEASURE(1.E-07),#2880,
  'distance_accuracy_value','confusion accuracy');
#2884 = SHAPE_DEFINITION_REPRESENTATION(#2885,#2866);
#2885 = PRODUCT_DEFINITION_SHAPE('','',#2886);
#2886 = PRODUCT_DEFINITION('design','',#2887,#2890);
#2887 = PRODUCT_DEFINITION_FORMATION('','',#2888);
#2888 = PRODUCT('D2','D2','',(#2889));
#2889 = PRODUCT_CONTEXT('',#2,'mechanical');
#2890 = PRODUCT_DEFINITION_CONTEXT('part definition',#2,'design');
#2891 = CONTEXT_DEPENDENT_SHAPE_REPRESENTATION(#2892,#2894);
#2892 = ( REPRESENTATION_RELATIONSHIP('','',#2866,#10) 
REPRESENTATION_RELATIONSHIP_WITH_TRANSFORMATION(#2893) 
SHAPE_REPRESENTATION_RELATIONSHIP() );
#2893 = ITEM_DEFINED_TRANSFORMATION('','',#11,#235);
#2894 = PRODUCT_DEFINITION_SHAPE('Placement','Placement of an item',
  #2895);
#2895 = NEXT_ASSEMBLY_USAGE_OCCURRENCE('56','=>[0:1:1:57]','',#5,#2886,$
  );
#2896 = PRODUCT_RELATED_PRODUCT_CATEGORY('part',$,(#2888));
#2897 = ADVANCED_BREP_SHAPE_REPRESENTATION('',(#11,#2898),#2910);
#2898 = MANIFOLD_SOLID_BREP('',#2899);
#2899 = CLOSED_SHELL('',(#2900));
#2900 = ADVANCED_FACE('',(#2901),#2905,.T.);
#2901 = FACE_BOUND('',#2902,.T.);
#2902 = VERTEX_LOOP('',#2903);
#2903 = VERTEX_POINT('',#2904);
#2904 = CARTESIAN_POINT('',(1.071565949254E-17,-2.624579619658E-33,
    -0.175));
#2905 = SPHERICAL_SURFACE('',#2906,0.175);
#2906 = AXIS2_PLACEMENT_3D('',#2907,#2908,#2909);
#2907 = CARTESIAN_POINT('',(0.,0.,0.));
#2908 = DIRECTION('',(0.,0.,1.));
#2909 = DIRECTION('',(1.,0.,-0.));
#2910 = ( GEOMETRIC_REPRESENTATION_CONTEXT(3) 
GLOBAL_UNCERTAINTY_ASSIGNED_CONTEXT((#2914)) 
GLOBAL_UNIT_ASSIGNED_CONTEXT((#2911,#2912,#2913)) REPRESENTATION_CONTEXT
('Context #1','3D Context with UNIT and UNCERTAINTY') );
#2911 = ( LENGTH_UNIT() NAMED_UNIT(*) SI_UNIT(.MILLI.,.METRE.) );
#2912 = ( NAMED_UNIT(*) PLANE_ANGLE_UNIT() SI_UNIT($,.RADIAN.) );
#2913 = ( NAMED_UNIT(*) SI_UNIT($,.STERADIAN.) SOLID_ANGLE_UNIT() );
#2914 = UNCERTAINTY_MEASURE_WITH_UNIT(LENGTH_MEASURE(1.E-07),#2911,
  'distance_accuracy_value','confusion accuracy');
#2915 = SHAPE_DEFINITION_REPRESENTATION(#2916,#2897);
#2916 = PRODUCT_DEFINITION_SHAPE('','',#2917);
#2917 = PRODUCT_DEFINITION('design','',#2918,#2921);
#2918 = PRODUCT_DEFINITION_FORMATION('','',#2919);
#2919 = PRODUCT('D3','D3','',(#2920));
#2920 = PRODUCT_CONTEXT('',#2,'mechanical');
#2921 = PRODUCT_DEFINITION_CONTEXT('part definition',#2,'design');
#2922 = CONTEXT_DEPENDENT_SHAPE_REPRESENTATION(#2923,#2925);
#2923 = ( REPRESENTATION_RELATIONSHIP('','',#2897,#10) 
REPRESENTATION_RELATIONSHIP_WITH_TRANSFORMATION(#2924) 
SHAPE_REPRESENTATION_RELATIONSHIP() );
#2924 = ITEM_DEFINED_TRANSFORMATION('','',#11,#239);
#2925 = PRODUCT_DEFINITION_SHAPE('Placement','Placement of an item',
  #2926);
#2926 = NEXT_ASSEMBLY_USAGE_OCCURRENCE('57','=>[0:1:1:58]','',#5,#2917,$
  );
#2927 = PRODUCT_RELATED_PRODUCT_CATEGORY('part',$,(#2919));
#2928 = ADVANCED_BREP_SHAPE_REPRESENTATION('',(#11,#2929),#2941);
#2929 = MANIFOLD_SOLID_BREP('',#2930);
#2930 = CLOSED_SHELL('',(#2931));
#2931 = ADVANCED_FACE('',(#2932),#2936,.T.);
#2932 = FACE_BOUND('',#2933,.T.);
#2933 = VERTEX_LOOP('',#2934);
#2934 = VERTEX_POINT('',#2935);
#2935 = CARTESIAN_POINT('',(1.071565949254E-17,-2.624579619658E-33,
    -0.175));
#2936 = SPHERICAL_SURFACE('',#2937,0.175);
#2937 = AXIS2_PLACEMENT_3D('',#2938,#2939,#2940);
#2938 = CARTESIAN_POINT('',(0.,0.,0.));
#2939 = DIRECTION('',(0.,0.,1.));
#2940 = DIRECTION('',(1.,0.,-0.));
#2941 = ( GEOMETRIC_REPRESENTATION_CONTEXT(3) 
GLOBAL_UNCERTAINTY_ASSIGNED_CONTEXT((#2945)) 
GLOBAL_UNIT_ASSIGNED_CONTEXT((#2942,#2943,#2944)) REPRESENTATION_CONTEXT
('Context #1','3D Context with UNIT and UNCERTAINTY') );
#2942 = ( LENGTH_UNIT() NAMED_UNIT(*) SI_UNIT(.MILLI.,.METRE.) );
#2943 = ( NAMED_UNIT(*) PLANE_ANGLE_UNIT() SI_UNIT($,.RADIAN.) );
#2944 = ( NAMED_UNIT(*) SI_UNIT($,.STERADIAN.) SOLID_ANGLE_UNIT() );
#2945 = UNCERTAINTY_MEASURE_WITH_UNIT(LENGTH_MEASURE(1.E-07),#2942,
  'distance_accuracy_value','confusion accuracy');
#2946 = SHAPE_DEFINITION_REPRESENTATION(#2947,#2928);
#2947 = PRODUCT_DEFINITION_SHAPE('','',#2948);
#2948 = PRODUCT_DEFINITION('design','',#2949,#2952);
#2949 = PRODUCT_DEFINITION_FORMATION('','',#2950);
#2950 = PRODUCT('D4','D4','',(#2951));
#2951 = PRODUCT_CONTEXT('',#2,'mechanical');
#2952 = PRODUCT_DEFINITION_CONTEXT('part definition',#2,'design');
#2953 = CONTEXT_DEPENDENT_SHAPE_REPRESENTATION(#2954,#2956);
#2954 = ( REPRESENTATION_RELATIONSHIP('','',#2928,#10) 
REPRESENTATION_RELATIONSHIP_WITH_TRANSFORMATION(#2955) 
SHAPE_REPRESENTATION_RELATIONSHIP() );
#2955 = ITEM_DEFINED_TRANSFORMATION('','',#11,#243);
#2956 = PRODUCT_DEFINITION_SHAPE('Placement','Placement of an item',
  #2957);
#2957 = NEXT_ASSEMBLY_USAGE_OCCURRENCE('58','=>[0:1:1:59]','',#5,#2948,$
  );
#2958 = PRODUCT_RELATED_PRODUCT_CATEGORY('part',$,(#2950));
#2959 = ADVANCED_BREP_SHAPE_REPRESENTATION('',(#11,#2960),#2972);
#2960 = MANIFOLD_SOLID_BREP('',#2961);
#2961 = CLOSED_SHELL('',(#2962));
#2962 = ADVANCED_FACE('',(#2963),#2967,.T.);
#2963 = FACE_BOUND('',#2964,.T.);
#2964 = VERTEX_LOOP('',#2965);
#2965 = VERTEX_POINT('',#2966);
#2966 = CARTESIAN_POINT('',(1.071565949254E-17,-2.624579619658E-33,
    -0.175));
#2967 = SPHERICAL_SURFACE('',#2968,0.175);
#2968 = AXIS2_PLACEMENT_3D('',#2969,#2970,#2971);
#2969 = CARTESIAN_POINT('',(0.,0.,0.));
#2970 = DIRECTION('',(0.,0.,1.));
#2971 = DIRECTION('',(1.,0.,-0.));
#2972 = ( GEOMETRIC_REPRESENTATION_CONTEXT(3) 
GLOBAL_UNCERTAINTY_ASSIGNED_CONTEXT((#2976)) 
GLOBAL_UNIT_ASSIGNED_CONTEXT((#2973,#2974,#2975)) REPRESENTATION_CONTEXT
('Context #1','3D Context with UNIT and UNCERTAINTY') );
#2973 = ( LENGTH_UNIT() NAMED_UNIT(*) SI_UNIT(.MILLI.,.METRE.) );
#2974 = ( NAMED_UNIT(*) PLANE_ANGLE_UNIT() SI_UNIT($,.RADIAN.) );
#2975 = ( NAMED_UNIT(*) SI_UNIT($,.STERADIAN.) SOLID_ANGLE_UNIT() );
#2976 = UNCERTAINTY_MEASURE_WITH_UNIT(LENGTH_MEASURE(1.E-07),#2973,
  'distance_accuracy_value','confusion accuracy');
#2977 = SHAPE_DEFINITION_REPRESENTATION(#2978,#2959);
#2978 = PRODUCT_DEFINITION_SHAPE('','',#2979);
#2979 = PRODUCT_DEFINITION('design','',#2980,#2983);
#2980 = PRODUCT_DEFINITION_FORMATION('','',#2981);
#2981 = PRODUCT('D5','D5','',(#2982));
#2982 = PRODUCT_CONTEXT('',#2,'mechanical');
#2983 = PRODUCT_DEFINITION_CONTEXT('part definition',#2,'design');
#2984 = CONTEXT_DEPENDENT_SHAPE_REPRESENTATION(#2985,#2987);
#2985 = ( REPRESENTATION_RELATIONSHIP('','',#2959,#10) 
REPRESENTATION_RELATIONSHIP_WITH_TRANSFORMATION(#2986) 
SHAPE_REPRESENTATION_RELATIONSHIP() );
#2986 = ITEM_DEFINED_TRANSFORMATION('','',#11,#247);
#2987 = PRODUCT_DEFINITION_SHAPE('Placement','Placement of an item',
  #2988);
#2988 = NEXT_ASSEMBLY_USAGE_OCCURRENCE('59','=>[0:1:1:60]','',#5,#2979,$
  );
#2989 = PRODUCT_RELATED_PRODUCT_CATEGORY('part',$,(#2981));
#2990 = ADVANCED_BREP_SHAPE_REPRESENTATION('',(#11,#2991),#3003);
#2991 = MANIFOLD_SOLID_BREP('',#2992);
#2992 = CLOSED_SHELL('',(#2993));
#2993 = ADVANCED_FACE('',(#2994),#2998,.T.);
#2994 = FACE_BOUND('',#2995,.T.);
#2995 = VERTEX_LOOP('',#2996);
#2996 = VERTEX_POINT('',#2997);
#2997 = CARTESIAN_POINT('',(1.071565949254E-17,-2.624579619658E-33,
    -0.175));
#2998 = SPHERICAL_SURFACE('',#2999,0.175);
#2999 = AXIS2_PLACEMENT_3D('',#3000,#3001,#3002);
#3000 = CARTESIAN_POINT('',(0.,0.,0.));
#3001 = DIRECTION('',(0.,0.,1.));
#3002 = DIRECTION('',(1.,0.,-0.));
#3003 = ( GEOMETRIC_REPRESENTATION_CONTEXT(3) 
GLOBAL_UNCERTAINTY_ASSIGNED_CONTEXT((#3007)) 
GLOBAL_UNIT_ASSIGNED_CONTEXT((#3004,#3005,#3006)) REPRESENTATION_CONTEXT
('Context #1','3D Context with UNIT and UNCERTAINTY') );
#3004 = ( LENGTH_UNIT() NAMED_UNIT(*) SI_UNIT(.MILLI.,.METRE.) );
#3005 = ( NAMED_UNIT(*) PLANE_ANGLE_UNIT() SI_UNIT($,.RADIAN.) );
#3006 = ( NAMED_UNIT(*) SI_UNIT($,.STERADIAN.) SOLID_ANGLE_UNIT() );
#3007 = UNCERTAINTY_MEASURE_WITH_UNIT(LENGTH_MEASURE(1.E-07),#3004,
  'distance_accuracy_value','confusion accuracy');
#3008 = SHAPE_DEFINITION_REPRESENTATION(#3009,#2990);
#3009 = PRODUCT_DEFINITION_SHAPE('','',#3010);
#3010 = PRODUCT_DEFINITION('design','',#3011,#3014);
#3011 = PRODUCT_DEFINITION_FORMATION('','',#3012);
#3012 = PRODUCT('D7','D7','',(#3013));
#3013 = PRODUCT_CONTEXT('',#2,'mechanical');
#3014 = PRODUCT_DEFINITION_CONTEXT('part definition',#2,'design');
#3015 = CONTEXT_DEPENDENT_SHAPE_REPRESENTATION(#3016,#3018);
#3016 = ( REPRESENTATION_RELATIONSHIP('','',#2990,#10) 
REPRESENTATION_RELATIONSHIP_WITH_TRANSFORMATION(#3017) 
SHAPE_REPRESENTATION_RELATIONSHIP() );
#3017 = ITEM_DEFINED_TRANSFORMATION('','',#11,#251);
#3018 = PRODUCT_DEFINITION_SHAPE('Placement','Placement of an item',
  #3019);
#3019 = NEXT_ASSEMBLY_USAGE_OCCURRENCE('60','=>[0:1:1:61]','',#5,#3010,$
  );
#3020 = PRODUCT_RELATED_PRODUCT_CATEGORY('part',$,(#3012));
#3021 = ADVANCED_BREP_SHAPE_REPRESENTATION('',(#11,#3022),#3034);
#3022 = MANIFOLD_SOLID_BREP('',#3023);
#3023 = CLOSED_SHELL('',(#3024));
#3024 = ADVANCED_FACE('',(#3025),#3029,.T.);
#3025 = FACE_BOUND('',#3026,.T.);
#3026 = VERTEX_LOOP('',#3027);
#3027 = VERTEX_POINT('',#3028);
#3028 = CARTESIAN_POINT('',(1.071565949254E-17,-2.624579619658E-33,
    -0.175));
#3029 = SPHERICAL_SURFACE('',#3030,0.175);
#3030 = AXIS2_PLACEMENT_3D('',#3031,#3032,#3033);
#3031 = CARTESIAN_POINT('',(0.,0.,0.));
#3032 = DIRECTION('',(0.,0.,1.));
#3033 = DIRECTION('',(1.,0.,-0.));
#3034 = ( GEOMETRIC_REPRESENTATION_CONTEXT(3) 
GLOBAL_UNCERTAINTY_ASSIGNED_CONTEXT((#3038)) 
GLOBAL_UNIT_ASSIGNED_CONTEXT((#3035,#3036,#3037)) REPRESENTATION_CONTEXT
('Context #1','3D Context with UNIT and UNCERTAINTY') );
#3035 = ( LENGTH_UNIT() NAMED_UNIT(*) SI_UNIT(.MILLI.,.METRE.) );
#3036 = ( NAMED_UNIT(*) PLANE_ANGLE_UNIT() SI_UNIT($,.RADIAN.) );
#3037 = ( NAMED_UNIT(*) SI_UNIT($,.STERADIAN.) SOLID_ANGLE_UNIT() );
#3038 = UNCERTAINTY_MEASURE_WITH_UNIT(LENGTH_MEASURE(1.E-07),#3035,
  'distance_accuracy_value','confusion accuracy');
#3039 = SHAPE_DEFINITION_REPRESENTATION(#3040,#3021);
#3040 = PRODUCT_DEFINITION_SHAPE('','',#3041);
#3041 = PRODUCT_DEFINITION('design','',#3042,#3045);
#3042 = PRODUCT_DEFINITION_FORMATION('','',#3043);
#3043 = PRODUCT('D10','D10','',(#3044));
#3044 = PRODUCT_CONTEXT('',#2,'mechanical');
#3045 = PRODUCT_DEFINITION_CONTEXT('part definition',#2,'design');
#3046 = CONTEXT_DEPENDENT_SHAPE_REPRESENTATION(#3047,#3049);
#3047 = ( REPRESENTATION_RELATIONSHIP('','',#3021,#10) 
REPRESENTATION_RELATIONSHIP_WITH_TRANSFORMATION(#3048) 
SHAPE_REPRESENTATION_RELATIONSHIP() );
#3048 = ITEM_DEFINED_TRANSFORMATION('','',#11,#255);
#3049 = PRODUCT_DEFINITION_SHAPE('Placement','Placement of an item',
  #3050);
#3050 = NEXT_ASSEMBLY_USAGE_OCCURRENCE('61','=>[0:1:1:62]','',#5,#3041,$
  );
#3051 = PRODUCT_RELATED_PRODUCT_CATEGORY('part',$,(#3043));
#3052 = ADVANCED_BREP_SHAPE_REPRESENTATION('',(#11,#3053),#3065);
#3053 = MANIFOLD_SOLID_BREP('',#3054);
#3054 = CLOSED_SHELL('',(#3055));
#3055 = ADVANCED_FACE('',(#3056),#3060,.T.);
#3056 = FACE_BOUND('',#3057,.T.);
#3057 = VERTEX_LOOP('',#3058);
#3058 = VERTEX_POINT('',#3059);
#3059 = CARTESIAN_POINT('',(1.071565949254E-17,-2.624579619658E-33,
    -0.175));
#3060 = SPHERICAL_SURFACE('',#3061,0.175);
#3061 = AXIS2_PLACEMENT_3D('',#3062,#3063,#3064);
#3062 = CARTESIAN_POINT('',(0.,0.,0.));
#3063 = DIRECTION('',(0.,0.,1.));
#3064 = DIRECTION('',(1.,0.,-0.));
#3065 = ( GEOMETRIC_REPRESENTATION_CONTEXT(3) 
GLOBAL_UNCERTAINTY_ASSIGNED_CONTEXT((#3069)) 
GLOBAL_UNIT_ASSIGNED_CONTEXT((#3066,#3067,#3068)) REPRESENTATION_CONTEXT
('Context #1','3D Context with UNIT and UNCERTAINTY') );
#3066 = ( LENGTH_UNIT() NAMED_UNIT(*) SI_UNIT(.MILLI.,.METRE.) );
#3067 = ( NAMED_UNIT(*) PLANE_ANGLE_UNIT() SI_UNIT($,.RADIAN.) );
#3068 = ( NAMED_UNIT(*) SI_UNIT($,.STERADIAN.) SOLID_ANGLE_UNIT() );
#3069 = UNCERTAINTY_MEASURE_WITH_UNIT(LENGTH_MEASURE(1.E-07),#3066,
  'distance_accuracy_value','confusion accuracy');
#3070 = SHAPE_DEFINITION_REPRESENTATION(#3071,#3052);
#3071 = PRODUCT_DEFINITION_SHAPE('','',#3072);
#3072 = PRODUCT_DEFINITION('design','',#3073,#3076);
#3073 = PRODUCT_DEFINITION_FORMATION('','',#3074);
#3074 = PRODUCT('D11','D11','',(#3075));
#3075 = PRODUCT_CONTEXT('',#2,'mechanical');
#3076 = PRODUCT_DEFINITION_CONTEXT('part definition',#2,'design');
#3077 = CONTEXT_DEPENDENT_SHAPE_REPRESENTATION(#3078,#3080);
#3078 = ( REPRESENTATION_RELATIONSHIP('','',#3052,#10) 
REPRESENTATION_RELATIONSHIP_WITH_TRANSFORMATION(#3079) 
SHAPE_REPRESENTATION_RELATIONSHIP() );
#3079 = ITEM_DEFINED_TRANSFORMATION('','',#11,#259);
#3080 = PRODUCT_DEFINITION_SHAPE('Placement','Placement of an item',
  #3081);
#3081 = NEXT_ASSEMBLY_USAGE_OCCURRENCE('62','=>[0:1:1:63]','',#5,#3072,$
  );
#3082 = PRODUCT_RELATED_PRODUCT_CATEGORY('part',$,(#3074));
#3083 = ADVANCED_BREP_SHAPE_REPRESENTATION('',(#11,#3084),#3096);
#3084 = MANIFOLD_SOLID_BREP('',#3085);
#3085 = CLOSED_SHELL('',(#3086));
#3086 = ADVANCED_FACE('',(#3087),#3091,.T.);
#3087 = FACE_BOUND('',#3088,.T.);
#3088 = VERTEX_LOOP('',#3089);
#3089 = VERTEX_POINT('',#3090);
#3090 = CARTESIAN_POINT('',(1.071565949254E-17,-2.624579619658E-33,
    -0.175));
#3091 = SPHERICAL_SURFACE('',#3092,0.175);
#3092 = AXIS2_PLACEMENT_3D('',#3093,#3094,#3095);
#3093 = CARTESIAN_POINT('',(0.,0.,0.));
#3094 = DIRECTION('',(0.,0.,1.));
#3095 = DIRECTION('',(1.,0.,-0.));
#3096 = ( GEOMETRIC_REPRESENTATION_CONTEXT(3) 
GLOBAL_UNCERTAINTY_ASSIGNED_CONTEXT((#3100)) 
GLOBAL_UNIT_ASSIGNED_CONTEXT((#3097,#3098,#3099)) REPRESENTATION_CONTEXT
('Context #1','3D Context with UNIT and UNCERTAINTY') );
#3097 = ( LENGTH_UNIT() NAMED_UNIT(*) SI_UNIT(.MILLI.,.METRE.) );
#3098 = ( NAMED_UNIT(*) PLANE_ANGLE_UNIT() SI_UNIT($,.RADIAN.) );
#3099 = ( NAMED_UNIT(*) SI_UNIT($,.STERADIAN.) SOLID_ANGLE_UNIT() );
#3100 = UNCERTAINTY_MEASURE_WITH_UNIT(LENGTH_MEASURE(1.E-07),#3097,
  'distance_accuracy_value','confusion accuracy');
#3101 = SHAPE_DEFINITION_REPRESENTATION(#3102,#3083);
#3102 = PRODUCT_DEFINITION_SHAPE('','',#3103);
#3103 = PRODUCT_DEFINITION('design','',#3104,#3107);
#3104 = PRODUCT_DEFINITION_FORMATION('','',#3105);
#3105 = PRODUCT('D12','D12','',(#3106));
#3106 = PRODUCT_CONTEXT('',#2,'mechanical');
#3107 = PRODUCT_DEFINITION_CONTEXT('part definition',#2,'design');
#3108 = CONTEXT_DEPENDENT_SHAPE_REPRESENTATION(#3109,#3111);
#3109 = ( REPRESENTATION_RELATIONSHIP('','',#3083,#10) 
REPRESENTATION_RELATIONSHIP_WITH_TRANSFORMATION(#3110) 
SHAPE_REPRESENTATION_RELATIONSHIP() );
#3110 = ITEM_DEFINED_TRANSFORMATION('','',#11,#263);
#3111 = PRODUCT_DEFINITION_SHAPE('Placement','Placement of an item',
  #3112);
#3112 = NEXT_ASSEMBLY_USAGE_OCCURRENCE('63','=>[0:1:1:64]','',#5,#3103,$
  );
#3113 = PRODUCT_RELATED_PRODUCT_CATEGORY('part',$,(#3105));
#3114 = ADVANCED_BREP_SHAPE_REPRESENTATION('',(#11,#3115),#3127);
#3115 = MANIFOLD_SOLID_BREP('',#3116);
#3116 = CLOSED_SHELL('',(#3117));
#3117 = ADVANCED_FACE('',(#3118),#3122,.T.);
#3118 = FACE_BOUND('',#3119,.T.);
#3119 = VERTEX_LOOP('',#3120);
#3120 = VERTEX_POINT('',#3121);
#3121 = CARTESIAN_POINT('',(1.071565949254E-17,-2.624579619658E-33,
    -0.175));
#3122 = SPHERICAL_SURFACE('',#3123,0.175);
#3123 = AXIS2_PLACEMENT_3D('',#3124,#3125,#3126);
#3124 = CARTESIAN_POINT('',(0.,0.,0.));
#3125 = DIRECTION('',(0.,0.,1.));
#3126 = DIRECTION('',(1.,0.,-0.));
#3127 = ( GEOMETRIC_REPRESENTATION_CONTEXT(3) 
GLOBAL_UNCERTAINTY_ASSIGNED_CONTEXT((#3131)) 
GLOBAL_UNIT_ASSIGNED_CONTEXT((#3128,#3129,#3130)) REPRESENTATION_CONTEXT
('Context #1','3D Context with UNIT and UNCERTAINTY') );
#3128 = ( LENGTH_UNIT() NAMED_UNIT(*) SI_UNIT(.MILLI.,.METRE.) );
#3129 = ( NAMED_UNIT(*) PLANE_ANGLE_UNIT() SI_UNIT($,.RADIAN.) );
#3130 = ( NAMED_UNIT(*) SI_UNIT($,.STERADIAN.) SOLID_ANGLE_UNIT() );
#3131 = UNCERTAINTY_MEASURE_WITH_UNIT(LENGTH_MEASURE(1.E-07),#3128,
  'distance_accuracy_value','confusion accuracy');
#3132 = SHAPE_DEFINITION_REPRESENTATION(#3133,#3114);
#3133 = PRODUCT_DEFINITION_SHAPE('','',#3134);
#3134 = PRODUCT_DEFINITION('design','',#3135,#3138);
#3135 = PRODUCT_DEFINITION_FORMATION('','',#3136);
#3136 = PRODUCT('D13','D13','',(#3137));
#3137 = PRODUCT_CONTEXT('',#2,'mechanical');
#3138 = PRODUCT_DEFINITION_CONTEXT('part definition',#2,'design');
#3139 = CONTEXT_DEPENDENT_SHAPE_REPRESENTATION(#3140,#3142);
#3140 = ( REPRESENTATION_RELATIONSHIP('','',#3114,#10) 
REPRESENTATION_RELATIONSHIP_WITH_TRANSFORMATION(#3141) 
SHAPE_REPRESENTATION_RELATIONSHIP() );
#3141 = ITEM_DEFINED_TRANSFORMATION('','',#11,#267);
#3142 = PRODUCT_DEFINITION_SHAPE('Placement','Placement of an item',
  #3143);
#3143 = NEXT_ASSEMBLY_USAGE_OCCURRENCE('64','=>[0:1:1:65]','',#5,#3134,$
  );
#3144 = PRODUCT_RELATED_PRODUCT_CATEGORY('part',$,(#3136));
#3145 = ADVANCED_BREP_SHAPE_REPRESENTATION('',(#11,#3146),#3158);
#3146 = MANIFOLD_SOLID_BREP('',#3147);
#3147 = CLOSED_SHELL('',(#3148));
#3148 = ADVANCED_FACE('',(#3149),#3153,.T.);
#3149 = FACE_BOUND('',#3150,.T.);
#3150 = VERTEX_LOOP('',#3151);
#3151 = VERTEX_POINT('',#3152);
#3152 = CARTESIAN_POINT('',(1.071565949254E-17,-2.624579619658E-33,
    -0.175));
#3153 = SPHERICAL_SURFACE('',#3154,0.175);
#3154 = AXIS2_PLACEMENT_3D('',#3155,#3156,#3157);
#3155 = CARTESIAN_POINT('',(0.,0.,0.));
#3156 = DIRECTION('',(0.,0.,1.));
#3157 = DIRECTION('',(1.,0.,-0.));
#3158 = ( GEOMETRIC_REPRESENTATION_CONTEXT(3) 
GLOBAL_UNCERTAINTY_ASSIGNED_CONTEXT((#3162)) 
GLOBAL_UNIT_ASSIGNED_CONTEXT((#3159,#3160,#3161)) REPRESENTATION_CONTEXT
('Context #1','3D Context with UNIT and UNCERTAINTY') );
#3159 = ( LENGTH_UNIT() NAMED_UNIT(*) SI_UNIT(.MILLI.,.METRE.) );
#3160 = ( NAMED_UNIT(*) PLANE_ANGLE_UNIT() SI_UNIT($,.RADIAN.) );
#3161 = ( NAMED_UNIT(*) SI_UNIT($,.STERADIAN.) SOLID_ANGLE_UNIT() );
#3162 = UNCERTAINTY_MEASURE_WITH_UNIT(LENGTH_MEASURE(1.E-07),#3159,
  'distance_accuracy_value','confusion accuracy');
#3163 = SHAPE_DEFINITION_REPRESENTATION(#3164,#3145);
#3164 = PRODUCT_DEFINITION_SHAPE('','',#3165);
#3165 = PRODUCT_DEFINITION('design','',#3166,#3169);
#3166 = PRODUCT_DEFINITION_FORMATION('','',#3167);
#3167 = PRODUCT('D14','D14','',(#3168));
#3168 = PRODUCT_CONTEXT('',#2,'mechanical');
#3169 = PRODUCT_DEFINITION_CONTEXT('part definition',#2,'design');
#3170 = CONTEXT_DEPENDENT_SHAPE_REPRESENTATION(#3171,#3173);
#3171 = ( REPRESENTATION_RELATIONSHIP('','',#3145,#10) 
REPRESENTATION_RELATIONSHIP_WITH_TRANSFORMATION(#3172) 
SHAPE_REPRESENTATION_RELATIONSHIP() );
#3172 = ITEM_DEFINED_TRANSFORMATION('','',#11,#271);
#3173 = PRODUCT_DEFINITION_SHAPE('Placement','Placement of an item',
  #3174);
#3174 = NEXT_ASSEMBLY_USAGE_OCCURRENCE('65','=>[0:1:1:66]','',#5,#3165,$
  );
#3175 = PRODUCT_RELATED_PRODUCT_CATEGORY('part',$,(#3167));
#3176 = ADVANCED_BREP_SHAPE_REPRESENTATION('',(#11,#3177),#3189);
#3177 = MANIFOLD_SOLID_BREP('',#3178);
#3178 = CLOSED_SHELL('',(#3179));
#3179 = ADVANCED_FACE('',(#3180),#3184,.T.);
#3180 = FACE_BOUND('',#3181,.T.);
#3181 = VERTEX_LOOP('',#3182);
#3182 = VERTEX_POINT('',#3183);
#3183 = CARTESIAN_POINT('',(1.071565949254E-17,-2.624579619658E-33,
    -0.175));
#3184 = SPHERICAL_SURFACE('',#3185,0.175);
#3185 = AXIS2_PLACEMENT_3D('',#3186,#3187,#3188);
#3186 = CARTESIAN_POINT('',(0.,0.,0.));
#3187 = DIRECTION('',(0.,0.,1.));
#3188 = DIRECTION('',(1.,0.,-0.));
#3189 = ( GEOMETRIC_REPRESENTATION_CONTEXT(3) 
GLOBAL_UNCERTAINTY_ASSIGNED_CONTEXT((#3193)) 
GLOBAL_UNIT_ASSIGNED_CONTEXT((#3190,#3191,#3192)) REPRESENTATION_CONTEXT
('Context #1','3D Context with UNIT and UNCERTAINTY') );
#3190 = ( LENGTH_UNIT() NAMED_UNIT(*) SI_UNIT(.MILLI.,.METRE.) );
#3191 = ( NAMED_UNIT(*) PLANE_ANGLE_UNIT() SI_UNIT($,.RADIAN.) );
#3192 = ( NAMED_UNIT(*) SI_UNIT($,.STERADIAN.) SOLID_ANGLE_UNIT() );
#3193 = UNCERTAINTY_MEASURE_WITH_UNIT(LENGTH_MEASURE(1.E-07),#3190,
  'distance_accuracy_value','confusion accuracy');
#3194 = SHAPE_DEFINITION_REPRESENTATION(#3195,#3176);
#3195 = PRODUCT_DEFINITION_SHAPE('','',#3196);
#3196 = PRODUCT_DEFINITION('design','',#3197,#3200);
#3197 = PRODUCT_DEFINITION_FORMATION('','',#3198);
#3198 = PRODUCT('D15','D15','',(#3199));
#3199 = PRODUCT_CONTEXT('',#2,'mechanical');
#3200 = PRODUCT_DEFINITION_CONTEXT('part definition',#2,'design');
#3201 = CONTEXT_DEPENDENT_SHAPE_REPRESENTATION(#3202,#3204);
#3202 = ( REPRESENTATION_RELATIONSHIP('','',#3176,#10) 
REPRESENTATION_RELATIONSHIP_WITH_TRANSFORMATION(#3203) 
SHAPE_REPRESENTATION_RELATIONSHIP() );
#3203 = ITEM_DEFINED_TRANSFORMATION('','',#11,#275);
#3204 = PRODUCT_DEFINITION_SHAPE('Placement','Placement of an item',
  #3205);
#3205 = NEXT_ASSEMBLY_USAGE_OCCURRENCE('66','=>[0:1:1:67]','',#5,#3196,$
  );
#3206 = PRODUCT_RELATED_PRODUCT_CATEGORY('part',$,(#3198));
#3207 = ADVANCED_BREP_SHAPE_REPRESENTATION('',(#11,#3208),#3220);
#3208 = MANIFOLD_SOLID_BREP('',#3209);
#3209 = CLOSED_SHELL('',(#3210));
#3210 = ADVANCED_FACE('',(#3211),#3215,.T.);
#3211 = FACE_BOUND('',#3212,.T.);
#3212 = VERTEX_LOOP('',#3213);
#3213 = VERTEX_POINT('',#3214);
#3214 = CARTESIAN_POINT('',(1.071565949254E-17,-2.624579619658E-33,
    -0.175));
#3215 = SPHERICAL_SURFACE('',#3216,0.175);
#3216 = AXIS2_PLACEMENT_3D('',#3217,#3218,#3219);
#3217 = CARTESIAN_POINT('',(0.,0.,0.));
#3218 = DIRECTION('',(0.,0.,1.));
#3219 = DIRECTION('',(1.,0.,-0.));
#3220 = ( GEOMETRIC_REPRESENTATION_CONTEXT(3) 
GLOBAL_UNCERTAINTY_ASSIGNED_CONTEXT((#3224)) 
GLOBAL_UNIT_ASSIGNED_CONTEXT((#3221,#3222,#3223)) REPRESENTATION_CONTEXT
('Context #1','3D Context with UNIT and UNCERTAINTY') );
#3221 = ( LENGTH_UNIT() NAMED_UNIT(*) SI_UNIT(.MILLI.,.METRE.) );
#3222 = ( NAMED_UNIT(*) PLANE_ANGLE_UNIT() SI_UNIT($,.RADIAN.) );
#3223 = ( NAMED_UNIT(*) SI_UNIT($,.STERADIAN.) SOLID_ANGLE_UNIT() );
#3224 = UNCERTAINTY_MEASURE_WITH_UNIT(LENGTH_MEASURE(1.E-07),#3221,
  'distance_accuracy_value','confusion accuracy');
#3225 = SHAPE_DEFINITION_REPRESENTATION(#3226,#3207);
#3226 = PRODUCT_DEFINITION_SHAPE('','',#3227);
#3227 = PRODUCT_DEFINITION('design','',#3228,#3231);
#3228 = PRODUCT_DEFINITION_FORMATION('','',#3229);
#3229 = PRODUCT('D16','D16','',(#3230));
#3230 = PRODUCT_CONTEXT('',#2,'mechanical');
#3231 = PRODUCT_DEFINITION_CONTEXT('part definition',#2,'design');
#3232 = CONTEXT_DEPENDENT_SHAPE_REPRESENTATION(#3233,#3235);
#3233 = ( REPRESENTATION_RELATIONSHIP('','',#3207,#10) 
REPRESENTATION_RELATIONSHIP_WITH_TRANSFORMATION(#3234) 
SHAPE_REPRESENTATION_RELATIONSHIP() );
#3234 = ITEM_DEFINED_TRANSFORMATION('','',#11,#279);
#3235 = PRODUCT_DEFINITION_SHAPE('Placement','Placement of an item',
  #3236);
#3236 = NEXT_ASSEMBLY_USAGE_OCCURRENCE('67','=>[0:1:1:68]','',#5,#3227,$
  );
#3237 = PRODUCT_RELATED_PRODUCT_CATEGORY('part',$,(#3229));
#3238 = ADVANCED_BREP_SHAPE_REPRESENTATION('',(#11,#3239),#3251);
#3239 = MANIFOLD_SOLID_BREP('',#3240);
#3240 = CLOSED_SHELL('',(#3241));
#3241 = ADVANCED_FACE('',(#3242),#3246,.T.);
#3242 = FACE_BOUND('',#3243,.T.);
#3243 = VERTEX_LOOP('',#3244);
#3244 = VERTEX_POINT('',#3245);
#3245 = CARTESIAN_POINT('',(1.071565949254E-17,-2.624579619658E-33,
    -0.175));
#3246 = SPHERICAL_SURFACE('',#3247,0.175);
#3247 = AXIS2_PLACEMENT_3D('',#3248,#3249,#3250);
#3248 = CARTESIAN_POINT('',(0.,0.,0.));
#3249 = DIRECTION('',(0.,0.,1.));
#3250 = DIRECTION('',(1.,0.,-0.));
#3251 = ( GEOMETRIC_REPRESENTATION_CONTEXT(3) 
GLOBAL_UNCERTAINTY_ASSIGNED_CONTEXT((#3255)) 
GLOBAL_UNIT_ASSIGNED_CONTEXT((#3252,#3253,#3254)) REPRESENTATION_CONTEXT
('Context #1','3D Context with UNIT and UNCERTAINTY') );
#3252 = ( LENGTH_UNIT() NAMED_UNIT(*) SI_UNIT(.MILLI.,.METRE.) );
#3253 = ( NAMED_UNIT(*) PLANE_ANGLE_UNIT() SI_UNIT($,.RADIAN.) );
#3254 = ( NAMED_UNIT(*) SI_UNIT($,.STERADIAN.) SOLID_ANGLE_UNIT() );
#3255 = UNCERTAINTY_MEASURE_WITH_UNIT(LENGTH_MEASURE(1.E-07),#3252,
  'distance_accuracy_value','confusion accuracy');
#3256 = SHAPE_DEFINITION_REPRESENTATION(#3257,#3238);
#3257 = PRODUCT_DEFINITION_SHAPE('','',#3258);
#3258 = PRODUCT_DEFINITION('design','',#3259,#3262);
#3259 = PRODUCT_DEFINITION_FORMATION('','',#3260);
#3260 = PRODUCT('D18','D18','',(#3261));
#3261 = PRODUCT_CONTEXT('',#2,'mechanical');
#3262 = PRODUCT_DEFINITION_CONTEXT('part definition',#2,'design');
#3263 = CONTEXT_DEPENDENT_SHAPE_REPRESENTATION(#3264,#3266);
#3264 = ( REPRESENTATION_RELATIONSHIP('','',#3238,#10) 
REPRESENTATION_RELATIONSHIP_WITH_TRANSFORMATION(#3265) 
SHAPE_REPRESENTATION_RELATIONSHIP() );
#3265 = ITEM_DEFINED_TRANSFORMATION('','',#11,#283);
#3266 = PRODUCT_DEFINITION_SHAPE('Placement','Placement of an item',
  #3267);
#3267 = NEXT_ASSEMBLY_USAGE_OCCURRENCE('68','=>[0:1:1:69]','',#5,#3258,$
  );
#3268 = PRODUCT_RELATED_PRODUCT_CATEGORY('part',$,(#3260));
#3269 = ADVANCED_BREP_SHAPE_REPRESENTATION('',(#11,#3270),#3282);
#3270 = MANIFOLD_SOLID_BREP('',#3271);
#3271 = CLOSED_SHELL('',(#3272));
#3272 = ADVANCED_FACE('',(#3273),#3277,.T.);
#3273 = FACE_BOUND('',#3274,.T.);
#3274 = VERTEX_LOOP('',#3275);
#3275 = VERTEX_POINT('',#3276);
#3276 = CARTESIAN_POINT('',(1.071565949254E-17,-2.624579619658E-33,
    -0.175));
#3277 = SPHERICAL_SURFACE('',#3278,0.175);
#3278 = AXIS2_PLACEMENT_3D('',#3279,#3280,#3281);
#3279 = CARTESIAN_POINT('',(0.,0.,0.));
#3280 = DIRECTION('',(0.,0.,1.));
#3281 = DIRECTION('',(1.,0.,-0.));
#3282 = ( GEOMETRIC_REPRESENTATION_CONTEXT(3) 
GLOBAL_UNCERTAINTY_ASSIGNED_CONTEXT((#3286)) 
GLOBAL_UNIT_ASSIGNED_CONTEXT((#3283,#3284,#3285)) REPRESENTATION_CONTEXT
('Context #1','3D Context with UNIT and UNCERTAINTY') );
#3283 = ( LENGTH_UNIT() NAMED_UNIT(*) SI_UNIT(.MILLI.,.METRE.) );
#3284 = ( NAMED_UNIT(*) PLANE_ANGLE_UNIT() SI_UNIT($,.RADIAN.) );
#3285 = ( NAMED_UNIT(*) SI_UNIT($,.STERADIAN.) SOLID_ANGLE_UNIT() );
#3286 = UNCERTAINTY_MEASURE_WITH_UNIT(LENGTH_MEASURE(1.E-07),#3283,
  'distance_accuracy_value','confusion accuracy');
#3287 = SHAPE_DEFINITION_REPRESENTATION(#3288,#3269);
#3288 = PRODUCT_DEFINITION_SHAPE('','',#3289);
#3289 = PRODUCT_DEFINITION('design','',#3290,#3293);
#3290 = PRODUCT_DEFINITION_FORMATION('','',#3291);
#3291 = PRODUCT('D19','D19','',(#3292));
#3292 = PRODUCT_CONTEXT('',#2,'mechanical');
#3293 = PRODUCT_DEFINITION_CONTEXT('part definition',#2,'design');
#3294 = CONTEXT_DEPENDENT_SHAPE_REPRESENTATION(#3295,#3297);
#3295 = ( REPRESENTATION_RELATIONSHIP('','',#3269,#10) 
REPRESENTATION_RELATIONSHIP_WITH_TRANSFORMATION(#3296) 
SHAPE_REPRESENTATION_RELATIONSHIP() );
#3296 = ITEM_DEFINED_TRANSFORMATION('','',#11,#287);
#3297 = PRODUCT_DEFINITION_SHAPE('Placement','Placement of an item',
  #3298);
#3298 = NEXT_ASSEMBLY_USAGE_OCCURRENCE('69','=>[0:1:1:70]','',#5,#3289,$
  );
#3299 = PRODUCT_RELATED_PRODUCT_CATEGORY('part',$,(#3291));
#3300 = ADVANCED_BREP_SHAPE_REPRESENTATION('',(#11,#3301),#3313);
#3301 = MANIFOLD_SOLID_BREP('',#3302);
#3302 = CLOSED_SHELL('',(#3303));
#3303 = ADVANCED_FACE('',(#3304),#3308,.T.);
#3304 = FACE_BOUND('',#3305,.T.);
#3305 = VERTEX_LOOP('',#3306);
#3306 = VERTEX_POINT('',#3307);
#3307 = CARTESIAN_POINT('',(1.071565949254E-17,-2.624579619658E-33,
    -0.175));
#3308 = SPHERICAL_SURFACE('',#3309,0.175);
#3309 = AXIS2_PLACEMENT_3D('',#3310,#3311,#3312);
#3310 = CARTESIAN_POINT('',(0.,0.,0.));
#3311 = DIRECTION('',(0.,0.,1.));
#3312 = DIRECTION('',(1.,0.,-0.));
#3313 = ( GEOMETRIC_REPRESENTATION_CONTEXT(3) 
GLOBAL_UNCERTAINTY_ASSIGNED_CONTEXT((#3317)) 
GLOBAL_UNIT_ASSIGNED_CONTEXT((#3314,#3315,#3316)) REPRESENTATION_CONTEXT
('Context #1','3D Context with UNIT and UNCERTAINTY') );
#3314 = ( LENGTH_UNIT() NAMED_UNIT(*) SI_UNIT(.MILLI.,.METRE.) );
#3315 = ( NAMED_UNIT(*) PLANE_ANGLE_UNIT() SI_UNIT($,.RADIAN.) );
#3316 = ( NAMED_UNIT(*) SI_UNIT($,.STERADIAN.) SOLID_ANGLE_UNIT() );
#3317 = UNCERTAINTY_MEASURE_WITH_UNIT(LENGTH_MEASURE(1.E-07),#3314,
  'distance_accuracy_value','confusion accuracy');
#3318 = SHAPE_DEFINITION_REPRESENTATION(#3319,#3300);
#3319 = PRODUCT_DEFINITION_SHAPE('','',#3320);
#3320 = PRODUCT_DEFINITION('design','',#3321,#3324);
#3321 = PRODUCT_DEFINITION_FORMATION('','',#3322);
#3322 = PRODUCT('D20','D20','',(#3323));
#3323 = PRODUCT_CONTEXT('',#2,'mechanical');
#3324 = PRODUCT_DEFINITION_CONTEXT('part definition',#2,'design');
#3325 = CONTEXT_DEPENDENT_SHAPE_REPRESENTATION(#3326,#3328);
#3326 = ( REPRESENTATION_RELATIONSHIP('','',#3300,#10) 
REPRESENTATION_RELATIONSHIP_WITH_TRANSFORMATION(#3327) 
SHAPE_REPRESENTATION_RELATIONSHIP() );
#3327 = ITEM_DEFINED_TRANSFORMATION('','',#11,#291);
#3328 = PRODUCT_DEFINITION_SHAPE('Placement','Placement of an item',
  #3329);
#3329 = NEXT_ASSEMBLY_USAGE_OCCURRENCE('70','=>[0:1:1:71]','',#5,#3320,$
  );
#3330 = PRODUCT_RELATED_PRODUCT_CATEGORY('part',$,(#3322));
#3331 = ADVANCED_BREP_SHAPE_REPRESENTATION('',(#11,#3332),#3344);
#3332 = MANIFOLD_SOLID_BREP('',#3333);
#3333 = CLOSED_SHELL('',(#3334));
#3334 = ADVANCED_FACE('',(#3335),#3339,.T.);
#3335 = FACE_BOUND('',#3336,.T.);
#3336 = VERTEX_LOOP('',#3337);
#3337 = VERTEX_POINT('',#3338);
#3338 = CARTESIAN_POINT('',(1.071565949254E-17,-2.624579619658E-33,
    -0.175));
#3339 = SPHERICAL_SURFACE('',#3340,0.175);
#3340 = AXIS2_PLACEMENT_3D('',#3341,#3342,#3343);
#3341 = CARTESIAN_POINT('',(0.,0.,0.));
#3342 = DIRECTION('',(0.,0.,1.));
#3343 = DIRECTION('',(1.,0.,-0.));
#3344 = ( GEOMETRIC_REPRESENTATION_CONTEXT(3) 
GLOBAL_UNCERTAINTY_ASSIGNED_CONTEXT((#3348)) 
GLOBAL_UNIT_ASSIGNED_CONTEXT((#3345,#3346,#3347)) REPRESENTATION_CONTEXT
('Context #1','3D Context with UNIT and UNCERTAINTY') );
#3345 = ( LENGTH_UNIT() NAMED_UNIT(*) SI_UNIT(.MILLI.,.METRE.) );
#3346 = ( NAMED_UNIT(*) PLANE_ANGLE_UNIT() SI_UNIT($,.RADIAN.) );
#3347 = ( NAMED_UNIT(*) SI_UNIT($,.STERADIAN.) SOLID_ANGLE_UNIT() );
#3348 = UNCERTAINTY_MEASURE_WITH_UNIT(LENGTH_MEASURE(1.E-07),#3345,
  'distance_accuracy_value','confusion accuracy');
#3349 = SHAPE_DEFINITION_REPRESENTATION(#3350,#3331);
#3350 = PRODUCT_DEFINITION_SHAPE('','',#3351);
#3351 = PRODUCT_DEFINITION('design','',#3352,#3355);
#3352 = PRODUCT_DEFINITION_FORMATION('','',#3353);
#3353 = PRODUCT('D21','D21','',(#3354));
#3354 = PRODUCT_CONTEXT('',#2,'mechanical');
#3355 = PRODUCT_DEFINITION_CONTEXT('part definition',#2,'design');
#3356 = CONTEXT_DEPENDENT_SHAPE_REPRESENTATION(#3357,#3359);
#3357 = ( REPRESENTATION_RELATIONSHIP('','',#3331,#10) 
REPRESENTATION_RELATIONSHIP_WITH_TRANSFORMATION(#3358) 
SHAPE_REPRESENTATION_RELATIONSHIP() );
#3358 = ITEM_DEFINED_TRANSFORMATION('','',#11,#295);
#3359 = PRODUCT_DEFINITION_SHAPE('Placement','Placement of an item',
  #3360);
#3360 = NEXT_ASSEMBLY_USAGE_OCCURRENCE('71','=>[0:1:1:72]','',#5,#3351,$
  );
#3361 = PRODUCT_RELATED_PRODUCT_CATEGORY('part',$,(#3353));
#3362 = ADVANCED_BREP_SHAPE_REPRESENTATION('',(#11,#3363),#3375);
#3363 = MANIFOLD_SOLID_BREP('',#3364);
#3364 = CLOSED_SHELL('',(#3365));
#3365 = ADVANCED_FACE('',(#3366),#3370,.T.);
#3366 = FACE_BOUND('',#3367,.T.);
#3367 = VERTEX_LOOP('',#3368);
#3368 = VERTEX_POINT('',#3369);
#3369 = CARTESIAN_POINT('',(1.071565949254E-17,-2.624579619658E-33,
    -0.175));
#3370 = SPHERICAL_SURFACE('',#3371,0.175);
#3371 = AXIS2_PLACEMENT_3D('',#3372,#3373,#3374);
#3372 = CARTESIAN_POINT('',(0.,0.,0.));
#3373 = DIRECTION('',(0.,0.,1.));
#3374 = DIRECTION('',(1.,0.,-0.));
#3375 = ( GEOMETRIC_REPRESENTATION_CONTEXT(3) 
GLOBAL_UNCERTAINTY_ASSIGNED_CONTEXT((#3379)) 
GLOBAL_UNIT_ASSIGNED_CONTEXT((#3376,#3377,#3378)) REPRESENTATION_CONTEXT
('Context #1','3D Context with UNIT and UNCERTAINTY') );
#3376 = ( LENGTH_UNIT() NAMED_UNIT(*) SI_UNIT(.MILLI.,.METRE.) );
#3377 = ( NAMED_UNIT(*) PLANE_ANGLE_UNIT() SI_UNIT($,.RADIAN.) );
#3378 = ( NAMED_UNIT(*) SI_UNIT($,.STERADIAN.) SOLID_ANGLE_UNIT() );
#3379 = UNCERTAINTY_MEASURE_WITH_UNIT(LENGTH_MEASURE(1.E-07),#3376,
  'distance_accuracy_value','confusion accuracy');
#3380 = SHAPE_DEFINITION_REPRESENTATION(#3381,#3362);
#3381 = PRODUCT_DEFINITION_SHAPE('','',#3382);
#3382 = PRODUCT_DEFINITION('design','',#3383,#3386);
#3383 = PRODUCT_DEFINITION_FORMATION('','',#3384);
#3384 = PRODUCT('E2','E2','',(#3385));
#3385 = PRODUCT_CONTEXT('',#2,'mechanical');
#3386 = PRODUCT_DEFINITION_CONTEXT('part definition',#2,'design');
#3387 = CONTEXT_DEPENDENT_SHAPE_REPRESENTATION(#3388,#3390);
#3388 = ( REPRESENTATION_RELATIONSHIP('','',#3362,#10) 
REPRESENTATION_RELATIONSHIP_WITH_TRANSFORMATION(#3389) 
SHAPE_REPRESENTATION_RELATIONSHIP() );
#3389 = ITEM_DEFINED_TRANSFORMATION('','',#11,#299);
#3390 = PRODUCT_DEFINITION_SHAPE('Placement','Placement of an item',
  #3391);
#3391 = NEXT_ASSEMBLY_USAGE_OCCURRENCE('72','=>[0:1:1:73]','',#5,#3382,$
  );
#3392 = PRODUCT_RELATED_PRODUCT_CATEGORY('part',$,(#3384));
#3393 = ADVANCED_BREP_SHAPE_REPRESENTATION('',(#11,#3394),#3406);
#3394 = MANIFOLD_SOLID_BREP('',#3395);
#3395 = CLOSED_SHELL('',(#3396));
#3396 = ADVANCED_FACE('',(#3397),#3401,.T.);
#3397 = FACE_BOUND('',#3398,.T.);
#3398 = VERTEX_LOOP('',#3399);
#3399 = VERTEX_POINT('',#3400);
#3400 = CARTESIAN_POINT('',(1.071565949254E-17,-2.624579619658E-33,
    -0.175));
#3401 = SPHERICAL_SURFACE('',#3402,0.175);
#3402 = AXIS2_PLACEMENT_3D('',#3403,#3404,#3405);
#3403 = CARTESIAN_POINT('',(0.,0.,0.));
#3404 = DIRECTION('',(0.,0.,1.));
#3405 = DIRECTION('',(1.,0.,-0.));
#3406 = ( GEOMETRIC_REPRESENTATION_CONTEXT(3) 
GLOBAL_UNCERTAINTY_ASSIGNED_CONTEXT((#3410)) 
GLOBAL_UNIT_ASSIGNED_CONTEXT((#3407,#3408,#3409)) REPRESENTATION_CONTEXT
('Context #1','3D Context with UNIT and UNCERTAINTY') );
#3407 = ( LENGTH_UNIT() NAMED_UNIT(*) SI_UNIT(.MILLI.,.METRE.) );
#3408 = ( NAMED_UNIT(*) PLANE_ANGLE_UNIT() SI_UNIT($,.RADIAN.) );
#3409 = ( NAMED_UNIT(*) SI_UNIT($,.STERADIAN.) SOLID_ANGLE_UNIT() );
#3410 = UNCERTAINTY_MEASURE_WITH_UNIT(LENGTH_MEASURE(1.E-07),#3407,
  'distance_accuracy_value','confusion accuracy');
#3411 = SHAPE_DEFINITION_REPRESENTATION(#3412,#3393);
#3412 = PRODUCT_DEFINITION_SHAPE('','',#3413);
#3413 = PRODUCT_DEFINITION('design','',#3414,#3417);
#3414 = PRODUCT_DEFINITION_FORMATION('','',#3415);
#3415 = PRODUCT('E3','E3','',(#3416));
#3416 = PRODUCT_CONTEXT('',#2,'mechanical');
#3417 = PRODUCT_DEFINITION_CONTEXT('part definition',#2,'design');
#3418 = CONTEXT_DEPENDENT_SHAPE_REPRESENTATION(#3419,#3421);
#3419 = ( REPRESENTATION_RELATIONSHIP('','',#3393,#10) 
REPRESENTATION_RELATIONSHIP_WITH_TRANSFORMATION(#3420) 
SHAPE_REPRESENTATION_RELATIONSHIP() );
#3420 = ITEM_DEFINED_TRANSFORMATION('','',#11,#303);
#3421 = PRODUCT_DEFINITION_SHAPE('Placement','Placement of an item',
  #3422);
#3422 = NEXT_ASSEMBLY_USAGE_OCCURRENCE('73','=>[0:1:1:74]','',#5,#3413,$
  );
#3423 = PRODUCT_RELATED_PRODUCT_CATEGORY('part',$,(#3415));
#3424 = ADVANCED_BREP_SHAPE_REPRESENTATION('',(#11,#3425),#3437);
#3425 = MANIFOLD_SOLID_BREP('',#3426);
#3426 = CLOSED_SHELL('',(#3427));
#3427 = ADVANCED_FACE('',(#3428),#3432,.T.);
#3428 = FACE_BOUND('',#3429,.T.);
#3429 = VERTEX_LOOP('',#3430);
#3430 = VERTEX_POINT('',#3431);
#3431 = CARTESIAN_POINT('',(1.071565949254E-17,-2.624579619658E-33,
    -0.175));
#3432 = SPHERICAL_SURFACE('',#3433,0.175);
#3433 = AXIS2_PLACEMENT_3D('',#3434,#3435,#3436);
#3434 = CARTESIAN_POINT('',(0.,0.,0.));
#3435 = DIRECTION('',(0.,0.,1.));
#3436 = DIRECTION('',(1.,0.,-0.));
#3437 = ( GEOMETRIC_REPRESENTATION_CONTEXT(3) 
GLOBAL_UNCERTAINTY_ASSIGNED_CONTEXT((#3441)) 
GLOBAL_UNIT_ASSIGNED_CONTEXT((#3438,#3439,#3440)) REPRESENTATION_CONTEXT
('Context #1','3D Context with UNIT and UNCERTAINTY') );
#3438 = ( LENGTH_UNIT() NAMED_UNIT(*) SI_UNIT(.MILLI.,.METRE.) );
#3439 = ( NAMED_UNIT(*) PLANE_ANGLE_UNIT() SI_UNIT($,.RADIAN.) );
#3440 = ( NAMED_UNIT(*) SI_UNIT($,.STERADIAN.) SOLID_ANGLE_UNIT() );
#3441 = UNCERTAINTY_MEASURE_WITH_UNIT(LENGTH_MEASURE(1.E-07),#3438,
  'distance_accuracy_value','confusion accuracy');
#3442 = SHAPE_DEFINITION_REPRESENTATION(#3443,#3424);
#3443 = PRODUCT_DEFINITION_SHAPE('','',#3444);
#3444 = PRODUCT_DEFINITION('design','',#3445,#3448);
#3445 = PRODUCT_DEFINITION_FORMATION('','',#3446);
#3446 = PRODUCT('E4','E4','',(#3447));
#3447 = PRODUCT_CONTEXT('',#2,'mechanical');
#3448 = PRODUCT_DEFINITION_CONTEXT('part definition',#2,'design');
#3449 = CONTEXT_DEPENDENT_SHAPE_REPRESENTATION(#3450,#3452);
#3450 = ( REPRESENTATION_RELATIONSHIP('','',#3424,#10) 
REPRESENTATION_RELATIONSHIP_WITH_TRANSFORMATION(#3451) 
SHAPE_REPRESENTATION_RELATIONSHIP() );
#3451 = ITEM_DEFINED_TRANSFORMATION('','',#11,#307);
#3452 = PRODUCT_DEFINITION_SHAPE('Placement','Placement of an item',
  #3453);
#3453 = NEXT_ASSEMBLY_USAGE_OCCURRENCE('74','=>[0:1:1:75]','',#5,#3444,$
  );
#3454 = PRODUCT_RELATED_PRODUCT_CATEGORY('part',$,(#3446));
#3455 = ADVANCED_BREP_SHAPE_REPRESENTATION('',(#11,#3456),#3468);
#3456 = MANIFOLD_SOLID_BREP('',#3457);
#3457 = CLOSED_SHELL('',(#3458));
#3458 = ADVANCED_FACE('',(#3459),#3463,.T.);
#3459 = FACE_BOUND('',#3460,.T.);
#3460 = VERTEX_LOOP('',#3461);
#3461 = VERTEX_POINT('',#3462);
#3462 = CARTESIAN_POINT('',(1.071565949254E-17,-2.624579619658E-33,
    -0.175));
#3463 = SPHERICAL_SURFACE('',#3464,0.175);
#3464 = AXIS2_PLACEMENT_3D('',#3465,#3466,#3467);
#3465 = CARTESIAN_POINT('',(0.,0.,0.));
#3466 = DIRECTION('',(0.,0.,1.));
#3467 = DIRECTION('',(1.,0.,-0.));
#3468 = ( GEOMETRIC_REPRESENTATION_CONTEXT(3) 
GLOBAL_UNCERTAINTY_ASSIGNED_CONTEXT((#3472)) 
GLOBAL_UNIT_ASSIGNED_CONTEXT((#3469,#3470,#3471)) REPRESENTATION_CONTEXT
('Context #1','3D Context with UNIT and UNCERTAINTY') );
#3469 = ( LENGTH_UNIT() NAMED_UNIT(*) SI_UNIT(.MILLI.,.METRE.) );
#3470 = ( NAMED_UNIT(*) PLANE_ANGLE_UNIT() SI_UNIT($,.RADIAN.) );
#3471 = ( NAMED_UNIT(*) SI_UNIT($,.STERADIAN.) SOLID_ANGLE_UNIT() );
#3472 = UNCERTAINTY_MEASURE_WITH_UNIT(LENGTH_MEASURE(1.E-07),#3469,
  'distance_accuracy_value','confusion accuracy');
#3473 = SHAPE_DEFINITION_REPRESENTATION(#3474,#3455);
#3474 = PRODUCT_DEFINITION_SHAPE('','',#3475);
#3475 = PRODUCT_DEFINITION('design','',#3476,#3479);
#3476 = PRODUCT_DEFINITION_FORMATION('','',#3477);
#3477 = PRODUCT('E5','E5','',(#3478));
#3478 = PRODUCT_CONTEXT('',#2,'mechanical');
#3479 = PRODUCT_DEFINITION_CONTEXT('part definition',#2,'design');
#3480 = CONTEXT_DEPENDENT_SHAPE_REPRESENTATION(#3481,#3483);
#3481 = ( REPRESENTATION_RELATIONSHIP('','',#3455,#10) 
REPRESENTATION_RELATIONSHIP_WITH_TRANSFORMATION(#3482) 
SHAPE_REPRESENTATION_RELATIONSHIP() );
#3482 = ITEM_DEFINED_TRANSFORMATION('','',#11,#311);
#3483 = PRODUCT_DEFINITION_SHAPE('Placement','Placement of an item',
  #3484);
#3484 = NEXT_ASSEMBLY_USAGE_OCCURRENCE('75','=>[0:1:1:76]','',#5,#3475,$
  );
#3485 = PRODUCT_RELATED_PRODUCT_CATEGORY('part',$,(#3477));
#3486 = ADVANCED_BREP_SHAPE_REPRESENTATION('',(#11,#3487),#3499);
#3487 = MANIFOLD_SOLID_BREP('',#3488);
#3488 = CLOSED_SHELL('',(#3489));
#3489 = ADVANCED_FACE('',(#3490),#3494,.T.);
#3490 = FACE_BOUND('',#3491,.T.);
#3491 = VERTEX_LOOP('',#3492);
#3492 = VERTEX_POINT('',#3493);
#3493 = CARTESIAN_POINT('',(1.071565949254E-17,-2.624579619658E-33,
    -0.175));
#3494 = SPHERICAL_SURFACE('',#3495,0.175);
#3495 = AXIS2_PLACEMENT_3D('',#3496,#3497,#3498);
#3496 = CARTESIAN_POINT('',(0.,0.,0.));
#3497 = DIRECTION('',(0.,0.,1.));
#3498 = DIRECTION('',(1.,0.,-0.));
#3499 = ( GEOMETRIC_REPRESENTATION_CONTEXT(3) 
GLOBAL_UNCERTAINTY_ASSIGNED_CONTEXT((#3503)) 
GLOBAL_UNIT_ASSIGNED_CONTEXT((#3500,#3501,#3502)) REPRESENTATION_CONTEXT
('Context #1','3D Context with UNIT and UNCERTAINTY') );
#3500 = ( LENGTH_UNIT() NAMED_UNIT(*) SI_UNIT(.MILLI.,.METRE.) );
#3501 = ( NAMED_UNIT(*) PLANE_ANGLE_UNIT() SI_UNIT($,.RADIAN.) );
#3502 = ( NAMED_UNIT(*) SI_UNIT($,.STERADIAN.) SOLID_ANGLE_UNIT() );
#3503 = UNCERTAINTY_MEASURE_WITH_UNIT(LENGTH_MEASURE(1.E-07),#3500,
  'distance_accuracy_value','confusion accuracy');
#3504 = SHAPE_DEFINITION_REPRESENTATION(#3505,#3486);
#3505 = PRODUCT_DEFINITION_SHAPE('','',#3506);
#3506 = PRODUCT_DEFINITION('design','',#3507,#3510);
#3507 = PRODUCT_DEFINITION_FORMATION('','',#3508);
#3508 = PRODUCT('E6','E6','',(#3509));
#3509 = PRODUCT_CONTEXT('',#2,'mechanical');
#3510 = PRODUCT_DEFINITION_CONTEXT('part definition',#2,'design');
#3511 = CONTEXT_DEPENDENT_SHAPE_REPRESENTATION(#3512,#3514);
#3512 = ( REPRESENTATION_RELATIONSHIP('','',#3486,#10) 
REPRESENTATION_RELATIONSHIP_WITH_TRANSFORMATION(#3513) 
SHAPE_REPRESENTATION_RELATIONSHIP() );
#3513 = ITEM_DEFINED_TRANSFORMATION('','',#11,#315);
#3514 = PRODUCT_DEFINITION_SHAPE('Placement','Placement of an item',
  #3515);
#3515 = NEXT_ASSEMBLY_USAGE_OCCURRENCE('76','=>[0:1:1:77]','',#5,#3506,$
  );
#3516 = PRODUCT_RELATED_PRODUCT_CATEGORY('part',$,(#3508));
#3517 = ADVANCED_BREP_SHAPE_REPRESENTATION('',(#11,#3518),#3530);
#3518 = MANIFOLD_SOLID_BREP('',#3519);
#3519 = CLOSED_SHELL('',(#3520));
#3520 = ADVANCED_FACE('',(#3521),#3525,.T.);
#3521 = FACE_BOUND('',#3522,.T.);
#3522 = VERTEX_LOOP('',#3523);
#3523 = VERTEX_POINT('',#3524);
#3524 = CARTESIAN_POINT('',(1.071565949254E-17,-2.624579619658E-33,
    -0.175));
#3525 = SPHERICAL_SURFACE('',#3526,0.175);
#3526 = AXIS2_PLACEMENT_3D('',#3527,#3528,#3529);
#3527 = CARTESIAN_POINT('',(0.,0.,0.));
#3528 = DIRECTION('',(0.,0.,1.));
#3529 = DIRECTION('',(1.,0.,-0.));
#3530 = ( GEOMETRIC_REPRESENTATION_CONTEXT(3) 
GLOBAL_UNCERTAINTY_ASSIGNED_CONTEXT((#3534)) 
GLOBAL_UNIT_ASSIGNED_CONTEXT((#3531,#3532,#3533)) REPRESENTATION_CONTEXT
('Context #1','3D Context with UNIT and UNCERTAINTY') );
#3531 = ( LENGTH_UNIT() NAMED_UNIT(*) SI_UNIT(.MILLI.,.METRE.) );
#3532 = ( NAMED_UNIT(*) PLANE_ANGLE_UNIT() SI_UNIT($,.RADIAN.) );
#3533 = ( NAMED_UNIT(*) SI_UNIT($,.STERADIAN.) SOLID_ANGLE_UNIT() );
#3534 = UNCERTAINTY_MEASURE_WITH_UNIT(LENGTH_MEASURE(1.E-07),#3531,
  'distance_accuracy_value','confusion accuracy');
#3535 = SHAPE_DEFINITION_REPRESENTATION(#3536,#3517);
#3536 = PRODUCT_DEFINITION_SHAPE('','',#3537);
#3537 = PRODUCT_DEFINITION('design','',#3538,#3541);
#3538 = PRODUCT_DEFINITION_FORMATION('','',#3539);
#3539 = PRODUCT('E18','E18','',(#3540));
#3540 = PRODUCT_CONTEXT('',#2,'mechanical');
#3541 = PRODUCT_DEFINITION_CONTEXT('part definition',#2,'design');
#3542 = CONTEXT_DEPENDENT_SHAPE_REPRESENTATION(#3543,#3545);
#3543 = ( REPRESENTATION_RELATIONSHIP('','',#3517,#10) 
REPRESENTATION_RELATIONSHIP_WITH_TRANSFORMATION(#3544) 
SHAPE_REPRESENTATION_RELATIONSHIP() );
#3544 = ITEM_DEFINED_TRANSFORMATION('','',#11,#319);
#3545 = PRODUCT_DEFINITION_SHAPE('Placement','Placement of an item',
  #3546);
#3546 = NEXT_ASSEMBLY_USAGE_OCCURRENCE('77','=>[0:1:1:78]','',#5,#3537,$
  );
#3547 = PRODUCT_RELATED_PRODUCT_CATEGORY('part',$,(#3539));
#3548 = ADVANCED_BREP_SHAPE_REPRESENTATION('',(#11,#3549),#3561);
#3549 = MANIFOLD_SOLID_BREP('',#3550);
#3550 = CLOSED_SHELL('',(#3551));
#3551 = ADVANCED_FACE('',(#3552),#3556,.T.);
#3552 = FACE_BOUND('',#3553,.T.);
#3553 = VERTEX_LOOP('',#3554);
#3554 = VERTEX_POINT('',#3555);
#3555 = CARTESIAN_POINT('',(1.071565949254E-17,-2.624579619658E-33,
    -0.175));
#3556 = SPHERICAL_SURFACE('',#3557,0.175);
#3557 = AXIS2_PLACEMENT_3D('',#3558,#3559,#3560);
#3558 = CARTESIAN_POINT('',(0.,0.,0.));
#3559 = DIRECTION('',(0.,0.,1.));
#3560 = DIRECTION('',(1.,0.,-0.));
#3561 = ( GEOMETRIC_REPRESENTATION_CONTEXT(3) 
GLOBAL_UNCERTAINTY_ASSIGNED_CONTEXT((#3565)) 
GLOBAL_UNIT_ASSIGNED_CONTEXT((#3562,#3563,#3564)) REPRESENTATION_CONTEXT
('Context #1','3D Context with UNIT and UNCERTAINTY') );
#3562 = ( LENGTH_UNIT() NAMED_UNIT(*) SI_UNIT(.MILLI.,.METRE.) );
#3563 = ( NAMED_UNIT(*) PLANE_ANGLE_UNIT() SI_UNIT($,.RADIAN.) );
#3564 = ( NAMED_UNIT(*) SI_UNIT($,.STERADIAN.) SOLID_ANGLE_UNIT() );
#3565 = UNCERTAINTY_MEASURE_WITH_UNIT(LENGTH_MEASURE(1.E-07),#3562,
  'distance_accuracy_value','confusion accuracy');
#3566 = SHAPE_DEFINITION_REPRESENTATION(#3567,#3548);
#3567 = PRODUCT_DEFINITION_SHAPE('','',#3568);
#3568 = PRODUCT_DEFINITION('design','',#3569,#3572);
#3569 = PRODUCT_DEFINITION_FORMATION('','',#3570);
#3570 = PRODUCT('E19','E19','',(#3571));
#3571 = PRODUCT_CONTEXT('',#2,'mechanical');
#3572 = PRODUCT_DEFINITION_CONTEXT('part definition',#2,'design');
#3573 = CONTEXT_DEPENDENT_SHAPE_REPRESENTATION(#3574,#3576);
#3574 = ( REPRESENTATION_RELATIONSHIP('','',#3548,#10) 
REPRESENTATION_RELATIONSHIP_WITH_TRANSFORMATION(#3575) 
SHAPE_REPRESENTATION_RELATIONSHIP() );
#3575 = ITEM_DEFINED_TRANSFORMATION('','',#11,#323);
#3576 = PRODUCT_DEFINITION_SHAPE('Placement','Placement of an item',
  #3577);
#3577 = NEXT_ASSEMBLY_USAGE_OCCURRENCE('78','=>[0:1:1:79]','',#5,#3568,$
  );
#3578 = PRODUCT_RELATED_PRODUCT_CATEGORY('part',$,(#3570));
#3579 = ADVANCED_BREP_SHAPE_REPRESENTATION('',(#11,#3580),#3592);
#3580 = MANIFOLD_SOLID_BREP('',#3581);
#3581 = CLOSED_SHELL('',(#3582));
#3582 = ADVANCED_FACE('',(#3583),#3587,.T.);
#3583 = FACE_BOUND('',#3584,.T.);
#3584 = VERTEX_LOOP('',#3585);
#3585 = VERTEX_POINT('',#3586);
#3586 = CARTESIAN_POINT('',(1.071565949254E-17,-2.624579619658E-33,
    -0.175));
#3587 = SPHERICAL_SURFACE('',#3588,0.175);
#3588 = AXIS2_PLACEMENT_3D('',#3589,#3590,#3591);
#3589 = CARTESIAN_POINT('',(0.,0.,0.));
#3590 = DIRECTION('',(0.,0.,1.));
#3591 = DIRECTION('',(1.,0.,-0.));
#3592 = ( GEOMETRIC_REPRESENTATION_CONTEXT(3) 
GLOBAL_UNCERTAINTY_ASSIGNED_CONTEXT((#3596)) 
GLOBAL_UNIT_ASSIGNED_CONTEXT((#3593,#3594,#3595)) REPRESENTATION_CONTEXT
('Context #1','3D Context with UNIT and UNCERTAINTY') );
#3593 = ( LENGTH_UNIT() NAMED_UNIT(*) SI_UNIT(.MILLI.,.METRE.) );
#3594 = ( NAMED_UNIT(*) PLANE_ANGLE_UNIT() SI_UNIT($,.RADIAN.) );
#3595 = ( NAMED_UNIT(*) SI_UNIT($,.STERADIAN.) SOLID_ANGLE_UNIT() );
#3596 = UNCERTAINTY_MEASURE_WITH_UNIT(LENGTH_MEASURE(1.E-07),#3593,
  'distance_accuracy_value','confusion accuracy');
#3597 = SHAPE_DEFINITION_REPRESENTATION(#3598,#3579);
#3598 = PRODUCT_DEFINITION_SHAPE('','',#3599);
#3599 = PRODUCT_DEFINITION('design','',#3600,#3603);
#3600 = PRODUCT_DEFINITION_FORMATION('','',#3601);
#3601 = PRODUCT('E20','E20','',(#3602));
#3602 = PRODUCT_CONTEXT('',#2,'mechanical');
#3603 = PRODUCT_DEFINITION_CONTEXT('part definition',#2,'design');
#3604 = CONTEXT_DEPENDENT_SHAPE_REPRESENTATION(#3605,#3607);
#3605 = ( REPRESENTATION_RELATIONSHIP('','',#3579,#10) 
REPRESENTATION_RELATIONSHIP_WITH_TRANSFORMATION(#3606) 
SHAPE_REPRESENTATION_RELATIONSHIP() );
#3606 = ITEM_DEFINED_TRANSFORMATION('','',#11,#327);
#3607 = PRODUCT_DEFINITION_SHAPE('Placement','Placement of an item',
  #3608);
#3608 = NEXT_ASSEMBLY_USAGE_OCCURRENCE('79','=>[0:1:1:80]','',#5,#3599,$
  );
#3609 = PRODUCT_RELATED_PRODUCT_CATEGORY('part',$,(#3601));
#3610 = ADVANCED_BREP_SHAPE_REPRESENTATION('',(#11,#3611),#3623);
#3611 = MANIFOLD_SOLID_BREP('',#3612);
#3612 = CLOSED_SHELL('',(#3613));
#3613 = ADVANCED_FACE('',(#3614),#3618,.T.);
#3614 = FACE_BOUND('',#3615,.T.);
#3615 = VERTEX_LOOP('',#3616);
#3616 = VERTEX_POINT('',#3617);
#3617 = CARTESIAN_POINT('',(1.071565949254E-17,-2.624579619658E-33,
    -0.175));
#3618 = SPHERICAL_SURFACE('',#3619,0.175);
#3619 = AXIS2_PLACEMENT_3D('',#3620,#3621,#3622);
#3620 = CARTESIAN_POINT('',(0.,0.,0.));
#3621 = DIRECTION('',(0.,0.,1.));
#3622 = DIRECTION('',(1.,0.,-0.));
#3623 = ( GEOMETRIC_REPRESENTATION_CONTEXT(3) 
GLOBAL_UNCERTAINTY_ASSIGNED_CONTEXT((#3627)) 
GLOBAL_UNIT_ASSIGNED_CONTEXT((#3624,#3625,#3626)) REPRESENTATION_CONTEXT
('Context #1','3D Context with UNIT and UNCERTAINTY') );
#3624 = ( LENGTH_UNIT() NAMED_UNIT(*) SI_UNIT(.MILLI.,.METRE.) );
#3625 = ( NAMED_UNIT(*) PLANE_ANGLE_UNIT() SI_UNIT($,.RADIAN.) );
#3626 = ( NAMED_UNIT(*) SI_UNIT($,.STERADIAN.) SOLID_ANGLE_UNIT() );
#3627 = UNCERTAINTY_MEASURE_WITH_UNIT(LENGTH_MEASURE(1.E-07),#3624,
  'distance_accuracy_value','confusion accuracy');
#3628 = SHAPE_DEFINITION_REPRESENTATION(#3629,#3610);
#3629 = PRODUCT_DEFINITION_SHAPE('','',#3630);
#3630 = PRODUCT_DEFINITION('design','',#3631,#3634);
#3631 = PRODUCT_DEFINITION_FORMATION('','',#3632);
#3632 = PRODUCT('F1','F1','',(#3633));
#3633 = PRODUCT_CONTEXT('',#2,'mechanical');
#3634 = PRODUCT_DEFINITION_CONTEXT('part definition',#2,'design');
#3635 = CONTEXT_DEPENDENT_SHAPE_REPRESENTATION(#3636,#3638);
#3636 = ( REPRESENTATION_RELATIONSHIP('','',#3610,#10) 
REPRESENTATION_RELATIONSHIP_WITH_TRANSFORMATION(#3637) 
SHAPE_REPRESENTATION_RELATIONSHIP() );
#3637 = ITEM_DEFINED_TRANSFORMATION('','',#11,#331);
#3638 = PRODUCT_DEFINITION_SHAPE('Placement','Placement of an item',
  #3639);
#3639 = NEXT_ASSEMBLY_USAGE_OCCURRENCE('80','=>[0:1:1:81]','',#5,#3630,$
  );
#3640 = PRODUCT_RELATED_PRODUCT_CATEGORY('part',$,(#3632));
#3641 = ADVANCED_BREP_SHAPE_REPRESENTATION('',(#11,#3642),#3654);
#3642 = MANIFOLD_SOLID_BREP('',#3643);
#3643 = CLOSED_SHELL('',(#3644));
#3644 = ADVANCED_FACE('',(#3645),#3649,.T.);
#3645 = FACE_BOUND('',#3646,.T.);
#3646 = VERTEX_LOOP('',#3647);
#3647 = VERTEX_POINT('',#3648);
#3648 = CARTESIAN_POINT('',(1.071565949254E-17,-2.624579619658E-33,
    -0.175));
#3649 = SPHERICAL_SURFACE('',#3650,0.175);
#3650 = AXIS2_PLACEMENT_3D('',#3651,#3652,#3653);
#3651 = CARTESIAN_POINT('',(0.,0.,0.));
#3652 = DIRECTION('',(0.,0.,1.));
#3653 = DIRECTION('',(1.,0.,-0.));
#3654 = ( GEOMETRIC_REPRESENTATION_CONTEXT(3) 
GLOBAL_UNCERTAINTY_ASSIGNED_CONTEXT((#3658)) 
GLOBAL_UNIT_ASSIGNED_CONTEXT((#3655,#3656,#3657)) REPRESENTATION_CONTEXT
('Context #1','3D Context with UNIT and UNCERTAINTY') );
#3655 = ( LENGTH_UNIT() NAMED_UNIT(*) SI_UNIT(.MILLI.,.METRE.) );
#3656 = ( NAMED_UNIT(*) PLANE_ANGLE_UNIT() SI_UNIT($,.RADIAN.) );
#3657 = ( NAMED_UNIT(*) SI_UNIT($,.STERADIAN.) SOLID_ANGLE_UNIT() );
#3658 = UNCERTAINTY_MEASURE_WITH_UNIT(LENGTH_MEASURE(1.E-07),#3655,
  'distance_accuracy_value','confusion accuracy');
#3659 = SHAPE_DEFINITION_REPRESENTATION(#3660,#3641);
#3660 = PRODUCT_DEFINITION_SHAPE('','',#3661);
#3661 = PRODUCT_DEFINITION('design','',#3662,#3665);
#3662 = PRODUCT_DEFINITION_FORMATION('','',#3663);
#3663 = PRODUCT('F2','F2','',(#3664));
#3664 = PRODUCT_CONTEXT('',#2,'mechanical');
#3665 = PRODUCT_DEFINITION_CONTEXT('part definition',#2,'design');
#3666 = CONTEXT_DEPENDENT_SHAPE_REPRESENTATION(#3667,#3669);
#3667 = ( REPRESENTATION_RELATIONSHIP('','',#3641,#10) 
REPRESENTATION_RELATIONSHIP_WITH_TRANSFORMATION(#3668) 
SHAPE_REPRESENTATION_RELATIONSHIP() );
#3668 = ITEM_DEFINED_TRANSFORMATION('','',#11,#335);
#3669 = PRODUCT_DEFINITION_SHAPE('Placement','Placement of an item',
  #3670);
#3670 = NEXT_ASSEMBLY_USAGE_OCCURRENCE('81','=>[0:1:1:82]','',#5,#3661,$
  );
#3671 = PRODUCT_RELATED_PRODUCT_CATEGORY('part',$,(#3663));
#3672 = ADVANCED_BREP_SHAPE_REPRESENTATION('',(#11,#3673),#3685);
#3673 = MANIFOLD_SOLID_BREP('',#3674);
#3674 = CLOSED_SHELL('',(#3675));
#3675 = ADVANCED_FACE('',(#3676),#3680,.T.);
#3676 = FACE_BOUND('',#3677,.T.);
#3677 = VERTEX_LOOP('',#3678);
#3678 = VERTEX_POINT('',#3679);
#3679 = CARTESIAN_POINT('',(1.071565949254E-17,-2.624579619658E-33,
    -0.175));
#3680 = SPHERICAL_SURFACE('',#3681,0.175);
#3681 = AXIS2_PLACEMENT_3D('',#3682,#3683,#3684);
#3682 = CARTESIAN_POINT('',(0.,0.,0.));
#3683 = DIRECTION('',(0.,0.,1.));
#3684 = DIRECTION('',(1.,0.,-0.));
#3685 = ( GEOMETRIC_REPRESENTATION_CONTEXT(3) 
GLOBAL_UNCERTAINTY_ASSIGNED_CONTEXT((#3689)) 
GLOBAL_UNIT_ASSIGNED_CONTEXT((#3686,#3687,#3688)) REPRESENTATION_CONTEXT
('Context #1','3D Context with UNIT and UNCERTAINTY') );
#3686 = ( LENGTH_UNIT() NAMED_UNIT(*) SI_UNIT(.MILLI.,.METRE.) );
#3687 = ( NAMED_UNIT(*) PLANE_ANGLE_UNIT() SI_UNIT($,.RADIAN.) );
#3688 = ( NAMED_UNIT(*) SI_UNIT($,.STERADIAN.) SOLID_ANGLE_UNIT() );
#3689 = UNCERTAINTY_MEASURE_WITH_UNIT(LENGTH_MEASURE(1.E-07),#3686,
  'distance_accuracy_value','confusion accuracy');
#3690 = SHAPE_DEFINITION_REPRESENTATION(#3691,#3672);
#3691 = PRODUCT_DEFINITION_SHAPE('','',#3692);
#3692 = PRODUCT_DEFINITION('design','',#3693,#3696);
#3693 = PRODUCT_DEFINITION_FORMATION('','',#3694);
#3694 = PRODUCT('F3','F3','',(#3695));
#3695 = PRODUCT_CONTEXT('',#2,'mechanical');
#3696 = PRODUCT_DEFINITION_CONTEXT('part definition',#2,'design');
#3697 = CONTEXT_DEPENDENT_SHAPE_REPRESENTATION(#3698,#3700);
#3698 = ( REPRESENTATION_RELATIONSHIP('','',#3672,#10) 
REPRESENTATION_RELATIONSHIP_WITH_TRANSFORMATION(#3699) 
SHAPE_REPRESENTATION_RELATIONSHIP() );
#3699 = ITEM_DEFINED_TRANSFORMATION('','',#11,#339);
#3700 = PRODUCT_DEFINITION_SHAPE('Placement','Placement of an item',
  #3701);
#3701 = NEXT_ASSEMBLY_USAGE_OCCURRENCE('82','=>[0:1:1:83]','',#5,#3692,$
  );
#3702 = PRODUCT_RELATED_PRODUCT_CATEGORY('part',$,(#3694));
#3703 = ADVANCED_BREP_SHAPE_REPRESENTATION('',(#11,#3704),#3716);
#3704 = MANIFOLD_SOLID_BREP('',#3705);
#3705 = CLOSED_SHELL('',(#3706));
#3706 = ADVANCED_FACE('',(#3707),#3711,.T.);
#3707 = FACE_BOUND('',#3708,.T.);
#3708 = VERTEX_LOOP('',#3709);
#3709 = VERTEX_POINT('',#3710);
#3710 = CARTESIAN_POINT('',(1.071565949254E-17,-2.624579619658E-33,
    -0.175));
#3711 = SPHERICAL_SURFACE('',#3712,0.175);
#3712 = AXIS2_PLACEMENT_3D('',#3713,#3714,#3715);
#3713 = CARTESIAN_POINT('',(0.,0.,0.));
#3714 = DIRECTION('',(0.,0.,1.));
#3715 = DIRECTION('',(1.,0.,-0.));
#3716 = ( GEOMETRIC_REPRESENTATION_CONTEXT(3) 
GLOBAL_UNCERTAINTY_ASSIGNED_CONTEXT((#3720)) 
GLOBAL_UNIT_ASSIGNED_CONTEXT((#3717,#3718,#3719)) REPRESENTATION_CONTEXT
('Context #1','3D Context with UNIT and UNCERTAINTY') );
#3717 = ( LENGTH_UNIT() NAMED_UNIT(*) SI_UNIT(.MILLI.,.METRE.) );
#3718 = ( NAMED_UNIT(*) PLANE_ANGLE_UNIT() SI_UNIT($,.RADIAN.) );
#3719 = ( NAMED_UNIT(*) SI_UNIT($,.STERADIAN.) SOLID_ANGLE_UNIT() );
#3720 = UNCERTAINTY_MEASURE_WITH_UNIT(LENGTH_MEASURE(1.E-07),#3717,
  'distance_accuracy_value','confusion accuracy');
#3721 = SHAPE_DEFINITION_REPRESENTATION(#3722,#3703);
#3722 = PRODUCT_DEFINITION_SHAPE('','',#3723);
#3723 = PRODUCT_DEFINITION('design','',#3724,#3727);
#3724 = PRODUCT_DEFINITION_FORMATION('','',#3725);
#3725 = PRODUCT('F4','F4','',(#3726));
#3726 = PRODUCT_CONTEXT('',#2,'mechanical');
#3727 = PRODUCT_DEFINITION_CONTEXT('part definition',#2,'design');
#3728 = CONTEXT_DEPENDENT_SHAPE_REPRESENTATION(#3729,#3731);
#3729 = ( REPRESENTATION_RELATIONSHIP('','',#3703,#10) 
REPRESENTATION_RELATIONSHIP_WITH_TRANSFORMATION(#3730) 
SHAPE_REPRESENTATION_RELATIONSHIP() );
#3730 = ITEM_DEFINED_TRANSFORMATION('','',#11,#343);
#3731 = PRODUCT_DEFINITION_SHAPE('Placement','Placement of an item',
  #3732);
#3732 = NEXT_ASSEMBLY_USAGE_OCCURRENCE('83','=>[0:1:1:84]','',#5,#3723,$
  );
#3733 = PRODUCT_RELATED_PRODUCT_CATEGORY('part',$,(#3725));
#3734 = ADVANCED_BREP_SHAPE_REPRESENTATION('',(#11,#3735),#3747);
#3735 = MANIFOLD_SOLID_BREP('',#3736);
#3736 = CLOSED_SHELL('',(#3737));
#3737 = ADVANCED_FACE('',(#3738),#3742,.T.);
#3738 = FACE_BOUND('',#3739,.T.);
#3739 = VERTEX_LOOP('',#3740);
#3740 = VERTEX_POINT('',#3741);
#3741 = CARTESIAN_POINT('',(1.071565949254E-17,-2.624579619658E-33,
    -0.175));
#3742 = SPHERICAL_SURFACE('',#3743,0.175);
#3743 = AXIS2_PLACEMENT_3D('',#3744,#3745,#3746);
#3744 = CARTESIAN_POINT('',(0.,0.,0.));
#3745 = DIRECTION('',(0.,0.,1.));
#3746 = DIRECTION('',(1.,0.,-0.));
#3747 = ( GEOMETRIC_REPRESENTATION_CONTEXT(3) 
GLOBAL_UNCERTAINTY_ASSIGNED_CONTEXT((#3751)) 
GLOBAL_UNIT_ASSIGNED_CONTEXT((#3748,#3749,#3750)) REPRESENTATION_CONTEXT
('Context #1','3D Context with UNIT and UNCERTAINTY') );
#3748 = ( LENGTH_UNIT() NAMED_UNIT(*) SI_UNIT(.MILLI.,.METRE.) );
#3749 = ( NAMED_UNIT(*) PLANE_ANGLE_UNIT() SI_UNIT($,.RADIAN.) );
#3750 = ( NAMED_UNIT(*) SI_UNIT($,.STERADIAN.) SOLID_ANGLE_UNIT() );
#3751 = UNCERTAINTY_MEASURE_WITH_UNIT(LENGTH_MEASURE(1.E-07),#3748,
  'distance_accuracy_value','confusion accuracy');
#3752 = SHAPE_DEFINITION_REPRESENTATION(#3753,#3734);
#3753 = PRODUCT_DEFINITION_SHAPE('','',#3754);
#3754 = PRODUCT_DEFINITION('design','',#3755,#3758);
#3755 = PRODUCT_DEFINITION_FORMATION('','',#3756);
#3756 = PRODUCT('F5','F5','',(#3757));
#3757 = PRODUCT_CONTEXT('',#2,'mechanical');
#3758 = PRODUCT_DEFINITION_CONTEXT('part definition',#2,'design');
#3759 = CONTEXT_DEPENDENT_SHAPE_REPRESENTATION(#3760,#3762);
#3760 = ( REPRESENTATION_RELATIONSHIP('','',#3734,#10) 
REPRESENTATION_RELATIONSHIP_WITH_TRANSFORMATION(#3761) 
SHAPE_REPRESENTATION_RELATIONSHIP() );
#3761 = ITEM_DEFINED_TRANSFORMATION('','',#11,#347);
#3762 = PRODUCT_DEFINITION_SHAPE('Placement','Placement of an item',
  #3763);
#3763 = NEXT_ASSEMBLY_USAGE_OCCURRENCE('84','=>[0:1:1:85]','',#5,#3754,$
  );
#3764 = PRODUCT_RELATED_PRODUCT_CATEGORY('part',$,(#3756));
#3765 = ADVANCED_BREP_SHAPE_REPRESENTATION('',(#11,#3766),#3778);
#3766 = MANIFOLD_SOLID_BREP('',#3767);
#3767 = CLOSED_SHELL('',(#3768));
#3768 = ADVANCED_FACE('',(#3769),#3773,.T.);
#3769 = FACE_BOUND('',#3770,.T.);
#3770 = VERTEX_LOOP('',#3771);
#3771 = VERTEX_POINT('',#3772);
#3772 = CARTESIAN_POINT('',(1.071565949254E-17,-2.624579619658E-33,
    -0.175));
#3773 = SPHERICAL_SURFACE('',#3774,0.175);
#3774 = AXIS2_PLACEMENT_3D('',#3775,#3776,#3777);
#3775 = CARTESIAN_POINT('',(0.,0.,0.));
#3776 = DIRECTION('',(0.,0.,1.));
#3777 = DIRECTION('',(1.,0.,-0.));
#3778 = ( GEOMETRIC_REPRESENTATION_CONTEXT(3) 
GLOBAL_UNCERTAINTY_ASSIGNED_CONTEXT((#3782)) 
GLOBAL_UNIT_ASSIGNED_CONTEXT((#3779,#3780,#3781)) REPRESENTATION_CONTEXT
('Context #1','3D Context with UNIT and UNCERTAINTY') );
#3779 = ( LENGTH_UNIT() NAMED_UNIT(*) SI_UNIT(.MILLI.,.METRE.) );
#3780 = ( NAMED_UNIT(*) PLANE_ANGLE_UNIT() SI_UNIT($,.RADIAN.) );
#3781 = ( NAMED_UNIT(*) SI_UNIT($,.STERADIAN.) SOLID_ANGLE_UNIT() );
#3782 = UNCERTAINTY_MEASURE_WITH_UNIT(LENGTH_MEASURE(1.E-07),#3779,
  'distance_accuracy_value','confusion accuracy');
#3783 = SHAPE_DEFINITION_REPRESENTATION(#3784,#3765);
#3784 = PRODUCT_DEFINITION_SHAPE('','',#3785);
#3785 = PRODUCT_DEFINITION('design','',#3786,#3789);
#3786 = PRODUCT_DEFINITION_FORMATION('','',#3787);
#3787 = PRODUCT('F8','F8','',(#3788));
#3788 = PRODUCT_CONTEXT('',#2,'mechanical');
#3789 = PRODUCT_DEFINITION_CONTEXT('part definition',#2,'design');
#3790 = CONTEXT_DEPENDENT_SHAPE_REPRESENTATION(#3791,#3793);
#3791 = ( REPRESENTATION_RELATIONSHIP('','',#3765,#10) 
REPRESENTATION_RELATIONSHIP_WITH_TRANSFORMATION(#3792) 
SHAPE_REPRESENTATION_RELATIONSHIP() );
#3792 = ITEM_DEFINED_TRANSFORMATION('','',#11,#351);
#3793 = PRODUCT_DEFINITION_SHAPE('Placement','Placement of an item',
  #3794);
#3794 = NEXT_ASSEMBLY_USAGE_OCCURRENCE('85','=>[0:1:1:86]','',#5,#3785,$
  );
#3795 = PRODUCT_RELATED_PRODUCT_CATEGORY('part',$,(#3787));
#3796 = ADVANCED_BREP_SHAPE_REPRESENTATION('',(#11,#3797),#3809);
#3797 = MANIFOLD_SOLID_BREP('',#3798);
#3798 = CLOSED_SHELL('',(#3799));
#3799 = ADVANCED_FACE('',(#3800),#3804,.T.);
#3800 = FACE_BOUND('',#3801,.T.);
#3801 = VERTEX_LOOP('',#3802);
#3802 = VERTEX_POINT('',#3803);
#3803 = CARTESIAN_POINT('',(1.071565949254E-17,-2.624579619658E-33,
    -0.175));
#3804 = SPHERICAL_SURFACE('',#3805,0.175);
#3805 = AXIS2_PLACEMENT_3D('',#3806,#3807,#3808);
#3806 = CARTESIAN_POINT('',(0.,0.,0.));
#3807 = DIRECTION('',(0.,0.,1.));
#3808 = DIRECTION('',(1.,0.,-0.));
#3809 = ( GEOMETRIC_REPRESENTATION_CONTEXT(3) 
GLOBAL_UNCERTAINTY_ASSIGNED_CONTEXT((#3813)) 
GLOBAL_UNIT_ASSIGNED_CONTEXT((#3810,#3811,#3812)) REPRESENTATION_CONTEXT
('Context #1','3D Context with UNIT and UNCERTAINTY') );
#3810 = ( LENGTH_UNIT() NAMED_UNIT(*) SI_UNIT(.MILLI.,.METRE.) );
#3811 = ( NAMED_UNIT(*) PLANE_ANGLE_UNIT() SI_UNIT($,.RADIAN.) );
#3812 = ( NAMED_UNIT(*) SI_UNIT($,.STERADIAN.) SOLID_ANGLE_UNIT() );
#3813 = UNCERTAINTY_MEASURE_WITH_UNIT(LENGTH_MEASURE(1.E-07),#3810,
  'distance_accuracy_value','confusion accuracy');
#3814 = SHAPE_DEFINITION_REPRESENTATION(#3815,#3796);
#3815 = PRODUCT_DEFINITION_SHAPE('','',#3816);
#3816 = PRODUCT_DEFINITION('design','',#3817,#3820);
#3817 = PRODUCT_DEFINITION_FORMATION('','',#3818);
#3818 = PRODUCT('F9','F9','',(#3819));
#3819 = PRODUCT_CONTEXT('',#2,'mechanical');
#3820 = PRODUCT_DEFINITION_CONTEXT('part definition',#2,'design');
#3821 = CONTEXT_DEPENDENT_SHAPE_REPRESENTATION(#3822,#3824);
#3822 = ( REPRESENTATION_RELATIONSHIP('','',#3796,#10) 
REPRESENTATION_RELATIONSHIP_WITH_TRANSFORMATION(#3823) 
SHAPE_REPRESENTATION_RELATIONSHIP() );
#3823 = ITEM_DEFINED_TRANSFORMATION('','',#11,#355);
#3824 = PRODUCT_DEFINITION_SHAPE('Placement','Placement of an item',
  #3825);
#3825 = NEXT_ASSEMBLY_USAGE_OCCURRENCE('86','=>[0:1:1:87]','',#5,#3816,$
  );
#3826 = PRODUCT_RELATED_PRODUCT_CATEGORY('part',$,(#3818));
#3827 = ADVANCED_BREP_SHAPE_REPRESENTATION('',(#11,#3828),#3840);
#3828 = MANIFOLD_SOLID_BREP('',#3829);
#3829 = CLOSED_SHELL('',(#3830));
#3830 = ADVANCED_FACE('',(#3831),#3835,.T.);
#3831 = FACE_BOUND('',#3832,.T.);
#3832 = VERTEX_LOOP('',#3833);
#3833 = VERTEX_POINT('',#3834);
#3834 = CARTESIAN_POINT('',(1.071565949254E-17,-2.624579619658E-33,
    -0.175));
#3835 = SPHERICAL_SURFACE('',#3836,0.175);
#3836 = AXIS2_PLACEMENT_3D('',#3837,#3838,#3839);
#3837 = CARTESIAN_POINT('',(0.,0.,0.));
#3838 = DIRECTION('',(0.,0.,1.));
#3839 = DIRECTION('',(1.,0.,-0.));
#3840 = ( GEOMETRIC_REPRESENTATION_CONTEXT(3) 
GLOBAL_UNCERTAINTY_ASSIGNED_CONTEXT((#3844)) 
GLOBAL_UNIT_ASSIGNED_CONTEXT((#3841,#3842,#3843)) REPRESENTATION_CONTEXT
('Context #1','3D Context with UNIT and UNCERTAINTY') );
#3841 = ( LENGTH_UNIT() NAMED_UNIT(*) SI_UNIT(.MILLI.,.METRE.) );
#3842 = ( NAMED_UNIT(*) PLANE_ANGLE_UNIT() SI_UNIT($,.RADIAN.) );
#3843 = ( NAMED_UNIT(*) SI_UNIT($,.STERADIAN.) SOLID_ANGLE_UNIT() );
#3844 = UNCERTAINTY_MEASURE_WITH_UNIT(LENGTH_MEASURE(1.E-07),#3841,
  'distance_accuracy_value','confusion accuracy');
#3845 = SHAPE_DEFINITION_REPRESENTATION(#3846,#3827);
#3846 = PRODUCT_DEFINITION_SHAPE('','',#3847);
#3847 = PRODUCT_DEFINITION('design','',#3848,#3851);
#3848 = PRODUCT_DEFINITION_FORMATION('','',#3849);
#3849 = PRODUCT('F10','F10','',(#3850));
#3850 = PRODUCT_CONTEXT('',#2,'mechanical');
#3851 = PRODUCT_DEFINITION_CONTEXT('part definition',#2,'design');
#3852 = CONTEXT_DEPENDENT_SHAPE_REPRESENTATION(#3853,#3855);
#3853 = ( REPRESENTATION_RELATIONSHIP('','',#3827,#10) 
REPRESENTATION_RELATIONSHIP_WITH_TRANSFORMATION(#3854) 
SHAPE_REPRESENTATION_RELATIONSHIP() );
#3854 = ITEM_DEFINED_TRANSFORMATION('','',#11,#359);
#3855 = PRODUCT_DEFINITION_SHAPE('Placement','Placement of an item',
  #3856);
#3856 = NEXT_ASSEMBLY_USAGE_OCCURRENCE('87','=>[0:1:1:88]','',#5,#3847,$
  );
#3857 = PRODUCT_RELATED_PRODUCT_CATEGORY('part',$,(#3849));
#3858 = ADVANCED_BREP_SHAPE_REPRESENTATION('',(#11,#3859),#3871);
#3859 = MANIFOLD_SOLID_BREP('',#3860);
#3860 = CLOSED_SHELL('',(#3861));
#3861 = ADVANCED_FACE('',(#3862),#3866,.T.);
#3862 = FACE_BOUND('',#3863,.T.);
#3863 = VERTEX_LOOP('',#3864);
#3864 = VERTEX_POINT('',#3865);
#3865 = CARTESIAN_POINT('',(1.071565949254E-17,-2.624579619658E-33,
    -0.175));
#3866 = SPHERICAL_SURFACE('',#3867,0.175);
#3867 = AXIS2_PLACEMENT_3D('',#3868,#3869,#3870);
#3868 = CARTESIAN_POINT('',(0.,0.,0.));
#3869 = DIRECTION('',(0.,0.,1.));
#3870 = DIRECTION('',(1.,0.,-0.));
#3871 = ( GEOMETRIC_REPRESENTATION_CONTEXT(3) 
GLOBAL_UNCERTAINTY_ASSIGNED_CONTEXT((#3875)) 
GLOBAL_UNIT_ASSIGNED_CONTEXT((#3872,#3873,#3874)) REPRESENTATION_CONTEXT
('Context #1','3D Context with UNIT and UNCERTAINTY') );
#3872 = ( LENGTH_UNIT() NAMED_UNIT(*) SI_UNIT(.MILLI.,.METRE.) );
#3873 = ( NAMED_UNIT(*) PLANE_ANGLE_UNIT() SI_UNIT($,.RADIAN.) );
#3874 = ( NAMED_UNIT(*) SI_UNIT($,.STERADIAN.) SOLID_ANGLE_UNIT() );
#3875 = UNCERTAINTY_MEASURE_WITH_UNIT(LENGTH_MEASURE(1.E-07),#3872,
  'distance_accuracy_value','confusion accuracy');
#3876 = SHAPE_DEFINITION_REPRESENTATION(#3877,#3858);
#3877 = PRODUCT_DEFINITION_SHAPE('','',#3878);
#3878 = PRODUCT_DEFINITION('design','',#3879,#3882);
#3879 = PRODUCT_DEFINITION_FORMATION('','',#3880);
#3880 = PRODUCT('F11','F11','',(#3881));
#3881 = PRODUCT_CONTEXT('',#2,'mechanical');
#3882 = PRODUCT_DEFINITION_CONTEXT('part definition',#2,'design');
#3883 = CONTEXT_DEPENDENT_SHAPE_REPRESENTATION(#3884,#3886);
#3884 = ( REPRESENTATION_RELATIONSHIP('','',#3858,#10) 
REPRESENTATION_RELATIONSHIP_WITH_TRANSFORMATION(#3885) 
SHAPE_REPRESENTATION_RELATIONSHIP() );
#3885 = ITEM_DEFINED_TRANSFORMATION('','',#11,#363);
#3886 = PRODUCT_DEFINITION_SHAPE('Placement','Placement of an item',
  #3887);
#3887 = NEXT_ASSEMBLY_USAGE_OCCURRENCE('88','=>[0:1:1:89]','',#5,#3878,$
  );
#3888 = PRODUCT_RELATED_PRODUCT_CATEGORY('part',$,(#3880));
#3889 = ADVANCED_BREP_SHAPE_REPRESENTATION('',(#11,#3890),#3902);
#3890 = MANIFOLD_SOLID_BREP('',#3891);
#3891 = CLOSED_SHELL('',(#3892));
#3892 = ADVANCED_FACE('',(#3893),#3897,.T.);
#3893 = FACE_BOUND('',#3894,.T.);
#3894 = VERTEX_LOOP('',#3895);
#3895 = VERTEX_POINT('',#3896);
#3896 = CARTESIAN_POINT('',(1.071565949254E-17,-2.624579619658E-33,
    -0.175));
#3897 = SPHERICAL_SURFACE('',#3898,0.175);
#3898 = AXIS2_PLACEMENT_3D('',#3899,#3900,#3901);
#3899 = CARTESIAN_POINT('',(0.,0.,0.));
#3900 = DIRECTION('',(0.,0.,1.));
#3901 = DIRECTION('',(1.,0.,-0.));
#3902 = ( GEOMETRIC_REPRESENTATION_CONTEXT(3) 
GLOBAL_UNCERTAINTY_ASSIGNED_CONTEXT((#3906)) 
GLOBAL_UNIT_ASSIGNED_CONTEXT((#3903,#3904,#3905)) REPRESENTATION_CONTEXT
('Context #1','3D Context with UNIT and UNCERTAINTY') );
#3903 = ( LENGTH_UNIT() NAMED_UNIT(*) SI_UNIT(.MILLI.,.METRE.) );
#3904 = ( NAMED_UNIT(*) PLANE_ANGLE_UNIT() SI_UNIT($,.RADIAN.) );
#3905 = ( NAMED_UNIT(*) SI_UNIT($,.STERADIAN.) SOLID_ANGLE_UNIT() );
#3906 = UNCERTAINTY_MEASURE_WITH_UNIT(LENGTH_MEASURE(1.E-07),#3903,
  'distance_accuracy_value','confusion accuracy');
#3907 = SHAPE_DEFINITION_REPRESENTATION(#3908,#3889);
#3908 = PRODUCT_DEFINITION_SHAPE('','',#3909);
#3909 = PRODUCT_DEFINITION('design','',#3910,#3913);
#3910 = PRODUCT_DEFINITION_FORMATION('','',#3911);
#3911 = PRODUCT('F12','F12','',(#3912));
#3912 = PRODUCT_CONTEXT('',#2,'mechanical');
#3913 = PRODUCT_DEFINITION_CONTEXT('part definition',#2,'design');
#3914 = CONTEXT_DEPENDENT_SHAPE_REPRESENTATION(#3915,#3917);
#3915 = ( REPRESENTATION_RELATIONSHIP('','',#3889,#10) 
REPRESENTATION_RELATIONSHIP_WITH_TRANSFORMATION(#3916) 
SHAPE_REPRESENTATION_RELATIONSHIP() );
#3916 = ITEM_DEFINED_TRANSFORMATION('','',#11,#367);
#3917 = PRODUCT_DEFINITION_SHAPE('Placement','Placement of an item',
  #3918);
#3918 = NEXT_ASSEMBLY_USAGE_OCCURRENCE('89','=>[0:1:1:90]','',#5,#3909,$
  );
#3919 = PRODUCT_RELATED_PRODUCT_CATEGORY('part',$,(#3911));
#3920 = ADVANCED_BREP_SHAPE_REPRESENTATION('',(#11,#3921),#3933);
#3921 = MANIFOLD_SOLID_BREP('',#3922);
#3922 = CLOSED_SHELL('',(#3923));
#3923 = ADVANCED_FACE('',(#3924),#3928,.T.);
#3924 = FACE_BOUND('',#3925,.T.);
#3925 = VERTEX_LOOP('',#3926);
#3926 = VERTEX_POINT('',#3927);
#3927 = CARTESIAN_POINT('',(1.071565949254E-17,-2.624579619658E-33,
    -0.175));
#3928 = SPHERICAL_SURFACE('',#3929,0.175);
#3929 = AXIS2_PLACEMENT_3D('',#3930,#3931,#3932);
#3930 = CARTESIAN_POINT('',(0.,0.,0.));
#3931 = DIRECTION('',(0.,0.,1.));
#3932 = DIRECTION('',(1.,0.,-0.));
#3933 = ( GEOMETRIC_REPRESENTATION_CONTEXT(3) 
GLOBAL_UNCERTAINTY_ASSIGNED_CONTEXT((#3937)) 
GLOBAL_UNIT_ASSIGNED_CONTEXT((#3934,#3935,#3936)) REPRESENTATION_CONTEXT
('Context #1','3D Context with UNIT and UNCERTAINTY') );
#3934 = ( LENGTH_UNIT() NAMED_UNIT(*) SI_UNIT(.MILLI.,.METRE.) );
#3935 = ( NAMED_UNIT(*) PLANE_ANGLE_UNIT() SI_UNIT($,.RADIAN.) );
#3936 = ( NAMED_UNIT(*) SI_UNIT($,.STERADIAN.) SOLID_ANGLE_UNIT() );
#3937 = UNCERTAINTY_MEASURE_WITH_UNIT(LENGTH_MEASURE(1.E-07),#3934,
  'distance_accuracy_value','confusion accuracy');
#3938 = SHAPE_DEFINITION_REPRESENTATION(#3939,#3920);
#3939 = PRODUCT_DEFINITION_SHAPE('','',#3940);
#3940 = PRODUCT_DEFINITION('design','',#3941,#3944);
#3941 = PRODUCT_DEFINITION_FORMATION('','',#3942);
#3942 = PRODUCT('F13','F13','',(#3943));
#3943 = PRODUCT_CONTEXT('',#2,'mechanical');
#3944 = PRODUCT_DEFINITION_CONTEXT('part definition',#2,'design');
#3945 = CONTEXT_DEPENDENT_SHAPE_REPRESENTATION(#3946,#3948);
#3946 = ( REPRESENTATION_RELATIONSHIP('','',#3920,#10) 
REPRESENTATION_RELATIONSHIP_WITH_TRANSFORMATION(#3947) 
SHAPE_REPRESENTATION_RELATIONSHIP() );
#3947 = ITEM_DEFINED_TRANSFORMATION('','',#11,#371);
#3948 = PRODUCT_DEFINITION_SHAPE('Placement','Placement of an item',
  #3949);
#3949 = NEXT_ASSEMBLY_USAGE_OCCURRENCE('90','=>[0:1:1:91]','',#5,#3940,$
  );
#3950 = PRODUCT_RELATED_PRODUCT_CATEGORY('part',$,(#3942));
#3951 = ADVANCED_BREP_SHAPE_REPRESENTATION('',(#11,#3952),#3964);
#3952 = MANIFOLD_SOLID_BREP('',#3953);
#3953 = CLOSED_SHELL('',(#3954));
#3954 = ADVANCED_FACE('',(#3955),#3959,.T.);
#3955 = FACE_BOUND('',#3956,.T.);
#3956 = VERTEX_LOOP('',#3957);
#3957 = VERTEX_POINT('',#3958);
#3958 = CARTESIAN_POINT('',(1.071565949254E-17,-2.624579619658E-33,
    -0.175));
#3959 = SPHERICAL_SURFACE('',#3960,0.175);
#3960 = AXIS2_PLACEMENT_3D('',#3961,#3962,#3963);
#3961 = CARTESIAN_POINT('',(0.,0.,0.));
#3962 = DIRECTION('',(0.,0.,1.));
#3963 = DIRECTION('',(1.,0.,-0.));
#3964 = ( GEOMETRIC_REPRESENTATION_CONTEXT(3) 
GLOBAL_UNCERTAINTY_ASSIGNED_CONTEXT((#3968)) 
GLOBAL_UNIT_ASSIGNED_CONTEXT((#3965,#3966,#3967)) REPRESENTATION_CONTEXT
('Context #1','3D Context with UNIT and UNCERTAINTY') );
#3965 = ( LENGTH_UNIT() NAMED_UNIT(*) SI_UNIT(.MILLI.,.METRE.) );
#3966 = ( NAMED_UNIT(*) PLANE_ANGLE_UNIT() SI_UNIT($,.RADIAN.) );
#3967 = ( NAMED_UNIT(*) SI_UNIT($,.STERADIAN.) SOLID_ANGLE_UNIT() );
#3968 = UNCERTAINTY_MEASURE_WITH_UNIT(LENGTH_MEASURE(1.E-07),#3965,
  'distance_accuracy_value','confusion accuracy');
#3969 = SHAPE_DEFINITION_REPRESENTATION(#3970,#3951);
#3970 = PRODUCT_DEFINITION_SHAPE('','',#3971);
#3971 = PRODUCT_DEFINITION('design','',#3972,#3975);
#3972 = PRODUCT_DEFINITION_FORMATION('','',#3973);
#3973 = PRODUCT('F14','F14','',(#3974));
#3974 = PRODUCT_CONTEXT('',#2,'mechanical');
#3975 = PRODUCT_DEFINITION_CONTEXT('part definition',#2,'design');
#3976 = CONTEXT_DEPENDENT_SHAPE_REPRESENTATION(#3977,#3979);
#3977 = ( REPRESENTATION_RELATIONSHIP('','',#3951,#10) 
REPRESENTATION_RELATIONSHIP_WITH_TRANSFORMATION(#3978) 
SHAPE_REPRESENTATION_RELATIONSHIP() );
#3978 = ITEM_DEFINED_TRANSFORMATION('','',#11,#375);
#3979 = PRODUCT_DEFINITION_SHAPE('Placement','Placement of an item',
  #3980);
#3980 = NEXT_ASSEMBLY_USAGE_OCCURRENCE('91','=>[0:1:1:92]','',#5,#3971,$
  );
#3981 = PRODUCT_RELATED_PRODUCT_CATEGORY('part',$,(#3973));
#3982 = ADVANCED_BREP_SHAPE_REPRESENTATION('',(#11,#3983),#3995);
#3983 = MANIFOLD_SOLID_BREP('',#3984);
#3984 = CLOSED_SHELL('',(#3985));
#3985 = ADVANCED_FACE('',(#3986),#3990,.T.);
#3986 = FACE_BOUND('',#3987,.T.);
#3987 = VERTEX_LOOP('',#3988);
#3988 = VERTEX_POINT('',#3989);
#3989 = CARTESIAN_POINT('',(1.071565949254E-17,-2.624579619658E-33,
    -0.175));
#3990 = SPHERICAL_SURFACE('',#3991,0.175);
#3991 = AXIS2_PLACEMENT_3D('',#3992,#3993,#3994);
#3992 = CARTESIAN_POINT('',(0.,0.,0.));
#3993 = DIRECTION('',(0.,0.,1.));
#3994 = DIRECTION('',(1.,0.,-0.));
#3995 = ( GEOMETRIC_REPRESENTATION_CONTEXT(3) 
GLOBAL_UNCERTAINTY_ASSIGNED_CONTEXT((#3999)) 
GLOBAL_UNIT_ASSIGNED_CONTEXT((#3996,#3997,#3998)) REPRESENTATION_CONTEXT
('Context #1','3D Context with UNIT and UNCERTAINTY') );
#3996 = ( LENGTH_UNIT() NAMED_UNIT(*) SI_UNIT(.MILLI.,.METRE.) );
#3997 = ( NAMED_UNIT(*) PLANE_ANGLE_UNIT() SI_UNIT($,.RADIAN.) );
#3998 = ( NAMED_UNIT(*) SI_UNIT($,.STERADIAN.) SOLID_ANGLE_UNIT() );
#3999 = UNCERTAINTY_MEASURE_WITH_UNIT(LENGTH_MEASURE(1.E-07),#3996,
  'distance_accuracy_value','confusion accuracy');
#4000 = SHAPE_DEFINITION_REPRESENTATION(#4001,#3982);
#4001 = PRODUCT_DEFINITION_SHAPE('','',#4002);
#4002 = PRODUCT_DEFINITION('design','',#4003,#4006);
#4003 = PRODUCT_DEFINITION_FORMATION('','',#4004);
#4004 = PRODUCT('F15','F15','',(#4005));
#4005 = PRODUCT_CONTEXT('',#2,'mechanical');
#4006 = PRODUCT_DEFINITION_CONTEXT('part definition',#2,'design');
#4007 = CONTEXT_DEPENDENT_SHAPE_REPRESENTATION(#4008,#4010);
#4008 = ( REPRESENTATION_RELATIONSHIP('','',#3982,#10) 
REPRESENTATION_RELATIONSHIP_WITH_TRANSFORMATION(#4009) 
SHAPE_REPRESENTATION_RELATIONSHIP() );
#4009 = ITEM_DEFINED_TRANSFORMATION('','',#11,#379);
#4010 = PRODUCT_DEFINITION_SHAPE('Placement','Placement of an item',
  #4011);
#4011 = NEXT_ASSEMBLY_USAGE_OCCURRENCE('92','=>[0:1:1:93]','',#5,#4002,$
  );
#4012 = PRODUCT_RELATED_PRODUCT_CATEGORY('part',$,(#4004));
#4013 = ADVANCED_BREP_SHAPE_REPRESENTATION('',(#11,#4014),#4026);
#4014 = MANIFOLD_SOLID_BREP('',#4015);
#4015 = CLOSED_SHELL('',(#4016));
#4016 = ADVANCED_FACE('',(#4017),#4021,.T.);
#4017 = FACE_BOUND('',#4018,.T.);
#4018 = VERTEX_LOOP('',#4019);
#4019 = VERTEX_POINT('',#4020);
#4020 = CARTESIAN_POINT('',(1.071565949254E-17,-2.624579619658E-33,
    -0.175));
#4021 = SPHERICAL_SURFACE('',#4022,0.175);
#4022 = AXIS2_PLACEMENT_3D('',#4023,#4024,#4025);
#4023 = CARTESIAN_POINT('',(0.,0.,0.));
#4024 = DIRECTION('',(0.,0.,1.));
#4025 = DIRECTION('',(1.,0.,-0.));
#4026 = ( GEOMETRIC_REPRESENTATION_CONTEXT(3) 
GLOBAL_UNCERTAINTY_ASSIGNED_CONTEXT((#4030)) 
GLOBAL_UNIT_ASSIGNED_CONTEXT((#4027,#4028,#4029)) REPRESENTATION_CONTEXT
('Context #1','3D Context with UNIT and UNCERTAINTY') );
#4027 = ( LENGTH_UNIT() NAMED_UNIT(*) SI_UNIT(.MILLI.,.METRE.) );
#4028 = ( NAMED_UNIT(*) PLANE_ANGLE_UNIT() SI_UNIT($,.RADIAN.) );
#4029 = ( NAMED_UNIT(*) SI_UNIT($,.STERADIAN.) SOLID_ANGLE_UNIT() );
#4030 = UNCERTAINTY_MEASURE_WITH_UNIT(LENGTH_MEASURE(1.E-07),#4027,
  'distance_accuracy_value','confusion accuracy');
#4031 = SHAPE_DEFINITION_REPRESENTATION(#4032,#4013);
#4032 = PRODUCT_DEFINITION_SHAPE('','',#4033);
#4033 = PRODUCT_DEFINITION('design','',#4034,#4037);
#4034 = PRODUCT_DEFINITION_FORMATION('','',#4035);
#4035 = PRODUCT('F18','F18','',(#4036));
#4036 = PRODUCT_CONTEXT('',#2,'mechanical');
#4037 = PRODUCT_DEFINITION_CONTEXT('part definition',#2,'design');
#4038 = CONTEXT_DEPENDENT_SHAPE_REPRESENTATION(#4039,#4041);
#4039 = ( REPRESENTATION_RELATIONSHIP('','',#4013,#10) 
REPRESENTATION_RELATIONSHIP_WITH_TRANSFORMATION(#4040) 
SHAPE_REPRESENTATION_RELATIONSHIP() );
#4040 = ITEM_DEFINED_TRANSFORMATION('','',#11,#383);
#4041 = PRODUCT_DEFINITION_SHAPE('Placement','Placement of an item',
  #4042);
#4042 = NEXT_ASSEMBLY_USAGE_OCCURRENCE('93','=>[0:1:1:94]','',#5,#4033,$
  );
#4043 = PRODUCT_RELATED_PRODUCT_CATEGORY('part',$,(#4035));
#4044 = ADVANCED_BREP_SHAPE_REPRESENTATION('',(#11,#4045),#4057);
#4045 = MANIFOLD_SOLID_BREP('',#4046);
#4046 = CLOSED_SHELL('',(#4047));
#4047 = ADVANCED_FACE('',(#4048),#4052,.T.);
#4048 = FACE_BOUND('',#4049,.T.);
#4049 = VERTEX_LOOP('',#4050);
#4050 = VERTEX_POINT('',#4051);
#4051 = CARTESIAN_POINT('',(1.071565949254E-17,-2.624579619658E-33,
    -0.175));
#4052 = SPHERICAL_SURFACE('',#4053,0.175);
#4053 = AXIS2_PLACEMENT_3D('',#4054,#4055,#4056);
#4054 = CARTESIAN_POINT('',(0.,0.,0.));
#4055 = DIRECTION('',(0.,0.,1.));
#4056 = DIRECTION('',(1.,0.,-0.));
#4057 = ( GEOMETRIC_REPRESENTATION_CONTEXT(3) 
GLOBAL_UNCERTAINTY_ASSIGNED_CONTEXT((#4061)) 
GLOBAL_UNIT_ASSIGNED_CONTEXT((#4058,#4059,#4060)) REPRESENTATION_CONTEXT
('Context #1','3D Context with UNIT and UNCERTAINTY') );
#4058 = ( LENGTH_UNIT() NAMED_UNIT(*) SI_UNIT(.MILLI.,.METRE.) );
#4059 = ( NAMED_UNIT(*) PLANE_ANGLE_UNIT() SI_UNIT($,.RADIAN.) );
#4060 = ( NAMED_UNIT(*) SI_UNIT($,.STERADIAN.) SOLID_ANGLE_UNIT() );
#4061 = UNCERTAINTY_MEASURE_WITH_UNIT(LENGTH_MEASURE(1.E-07),#4058,
  'distance_accuracy_value','confusion accuracy');
#4062 = SHAPE_DEFINITION_REPRESENTATION(#4063,#4044);
#4063 = PRODUCT_DEFINITION_SHAPE('','',#4064);
#4064 = PRODUCT_DEFINITION('design','',#4065,#4068);
#4065 = PRODUCT_DEFINITION_FORMATION('','',#4066);
#4066 = PRODUCT('F19','F19','',(#4067));
#4067 = PRODUCT_CONTEXT('',#2,'mechanical');
#4068 = PRODUCT_DEFINITION_CONTEXT('part definition',#2,'design');
#4069 = CONTEXT_DEPENDENT_SHAPE_REPRESENTATION(#4070,#4072);
#4070 = ( REPRESENTATION_RELATIONSHIP('','',#4044,#10) 
REPRESENTATION_RELATIONSHIP_WITH_TRANSFORMATION(#4071) 
SHAPE_REPRESENTATION_RELATIONSHIP() );
#4071 = ITEM_DEFINED_TRANSFORMATION('','',#11,#387);
#4072 = PRODUCT_DEFINITION_SHAPE('Placement','Placement of an item',
  #4073);
#4073 = NEXT_ASSEMBLY_USAGE_OCCURRENCE('94','=>[0:1:1:95]','',#5,#4064,$
  );
#4074 = PRODUCT_RELATED_PRODUCT_CATEGORY('part',$,(#4066));
#4075 = ADVANCED_BREP_SHAPE_REPRESENTATION('',(#11,#4076),#4088);
#4076 = MANIFOLD_SOLID_BREP('',#4077);
#4077 = CLOSED_SHELL('',(#4078));
#4078 = ADVANCED_FACE('',(#4079),#4083,.T.);
#4079 = FACE_BOUND('',#4080,.T.);
#4080 = VERTEX_LOOP('',#4081);
#4081 = VERTEX_POINT('',#4082);
#4082 = CARTESIAN_POINT('',(1.071565949254E-17,-2.624579619658E-33,
    -0.175));
#4083 = SPHERICAL_SURFACE('',#4084,0.175);
#4084 = AXIS2_PLACEMENT_3D('',#4085,#4086,#4087);
#4085 = CARTESIAN_POINT('',(0.,0.,0.));
#4086 = DIRECTION('',(0.,0.,1.));
#4087 = DIRECTION('',(1.,0.,-0.));
#4088 = ( GEOMETRIC_REPRESENTATION_CONTEXT(3) 
GLOBAL_UNCERTAINTY_ASSIGNED_CONTEXT((#4092)) 
GLOBAL_UNIT_ASSIGNED_CONTEXT((#4089,#4090,#4091)) REPRESENTATION_CONTEXT
('Context #1','3D Context with UNIT and UNCERTAINTY') );
#4089 = ( LENGTH_UNIT() NAMED_UNIT(*) SI_UNIT(.MILLI.,.METRE.) );
#4090 = ( NAMED_UNIT(*) PLANE_ANGLE_UNIT() SI_UNIT($,.RADIAN.) );
#4091 = ( NAMED_UNIT(*) SI_UNIT($,.STERADIAN.) SOLID_ANGLE_UNIT() );
#4092 = UNCERTAINTY_MEASURE_WITH_UNIT(LENGTH_MEASURE(1.E-07),#4089,
  'distance_accuracy_value','confusion accuracy');
#4093 = SHAPE_DEFINITION_REPRESENTATION(#4094,#4075);
#4094 = PRODUCT_DEFINITION_SHAPE('','',#4095);
#4095 = PRODUCT_DEFINITION('design','',#4096,#4099);
#4096 = PRODUCT_DEFINITION_FORMATION('','',#4097);
#4097 = PRODUCT('F20','F20','',(#4098));
#4098 = PRODUCT_CONTEXT('',#2,'mechanical');
#4099 = PRODUCT_DEFINITION_CONTEXT('part definition',#2,'design');
#4100 = CONTEXT_DEPENDENT_SHAPE_REPRESENTATION(#4101,#4103);
#4101 = ( REPRESENTATION_RELATIONSHIP('','',#4075,#10) 
REPRESENTATION_RELATIONSHIP_WITH_TRANSFORMATION(#4102) 
SHAPE_REPRESENTATION_RELATIONSHIP() );
#4102 = ITEM_DEFINED_TRANSFORMATION('','',#11,#391);
#4103 = PRODUCT_DEFINITION_SHAPE('Placement','Placement of an item',
  #4104);
#4104 = NEXT_ASSEMBLY_USAGE_OCCURRENCE('95','=>[0:1:1:96]','',#5,#4095,$
  );
#4105 = PRODUCT_RELATED_PRODUCT_CATEGORY('part',$,(#4097));
#4106 = ADVANCED_BREP_SHAPE_REPRESENTATION('',(#11,#4107),#4119);
#4107 = MANIFOLD_SOLID_BREP('',#4108);
#4108 = CLOSED_SHELL('',(#4109));
#4109 = ADVANCED_FACE('',(#4110),#4114,.T.);
#4110 = FACE_BOUND('',#4111,.T.);
#4111 = VERTEX_LOOP('',#4112);
#4112 = VERTEX_POINT('',#4113);
#4113 = CARTESIAN_POINT('',(1.071565949254E-17,-2.624579619658E-33,
    -0.175));
#4114 = SPHERICAL_SURFACE('',#4115,0.175);
#4115 = AXIS2_PLACEMENT_3D('',#4116,#4117,#4118);
#4116 = CARTESIAN_POINT('',(0.,0.,0.));
#4117 = DIRECTION('',(0.,0.,1.));
#4118 = DIRECTION('',(1.,0.,-0.));
#4119 = ( GEOMETRIC_REPRESENTATION_CONTEXT(3) 
GLOBAL_UNCERTAINTY_ASSIGNED_CONTEXT((#4123)) 
GLOBAL_UNIT_ASSIGNED_CONTEXT((#4120,#4121,#4122)) REPRESENTATION_CONTEXT
('Context #1','3D Context with UNIT and UNCERTAINTY') );
#4120 = ( LENGTH_UNIT() NAMED_UNIT(*) SI_UNIT(.MILLI.,.METRE.) );
#4121 = ( NAMED_UNIT(*) PLANE_ANGLE_UNIT() SI_UNIT($,.RADIAN.) );
#4122 = ( NAMED_UNIT(*) SI_UNIT($,.STERADIAN.) SOLID_ANGLE_UNIT() );
#4123 = UNCERTAINTY_MEASURE_WITH_UNIT(LENGTH_MEASURE(1.E-07),#4120,
  'distance_accuracy_value','confusion accuracy');
#4124 = SHAPE_DEFINITION_REPRESENTATION(#4125,#4106);
#4125 = PRODUCT_DEFINITION_SHAPE('','',#4126);
#4126 = PRODUCT_DEFINITION('design','',#4127,#4130);
#4127 = PRODUCT_DEFINITION_FORMATION('','',#4128);
#4128 = PRODUCT('F21','F21','',(#4129));
#4129 = PRODUCT_CONTEXT('',#2,'mechanical');
#4130 = PRODUCT_DEFINITION_CONTEXT('part definition',#2,'design');
#4131 = CONTEXT_DEPENDENT_SHAPE_REPRESENTATION(#4132,#4134);
#4132 = ( REPRESENTATION_RELATIONSHIP('','',#4106,#10) 
REPRESENTATION_RELATIONSHIP_WITH_TRANSFORMATION(#4133) 
SHAPE_REPRESENTATION_RELATIONSHIP() );
#4133 = ITEM_DEFINED_TRANSFORMATION('','',#11,#395);
#4134 = PRODUCT_DEFINITION_SHAPE('Placement','Placement of an item',
  #4135);
#4135 = NEXT_ASSEMBLY_USAGE_OCCURRENCE('96','=>[0:1:1:97]','',#5,#4126,$
  );
#4136 = PRODUCT_RELATED_PRODUCT_CATEGORY('part',$,(#4128));
#4137 = ADVANCED_BREP_SHAPE_REPRESENTATION('',(#11,#4138),#4150);
#4138 = MANIFOLD_SOLID_BREP('',#4139);
#4139 = CLOSED_SHELL('',(#4140));
#4140 = ADVANCED_FACE('',(#4141),#4145,.T.);
#4141 = FACE_BOUND('',#4142,.T.);
#4142 = VERTEX_LOOP('',#4143);
#4143 = VERTEX_POINT('',#4144);
#4144 = CARTESIAN_POINT('',(1.071565949254E-17,-2.624579619658E-33,
    -0.175));
#4145 = SPHERICAL_SURFACE('',#4146,0.175);
#4146 = AXIS2_PLACEMENT_3D('',#4147,#4148,#4149);
#4147 = CARTESIAN_POINT('',(0.,0.,0.));
#4148 = DIRECTION('',(0.,0.,1.));
#4149 = DIRECTION('',(1.,0.,-0.));
#4150 = ( GEOMETRIC_REPRESENTATION_CONTEXT(3) 
GLOBAL_UNCERTAINTY_ASSIGNED_CONTEXT((#4154)) 
GLOBAL_UNIT_ASSIGNED_CONTEXT((#4151,#4152,#4153)) REPRESENTATION_CONTEXT
('Context #1','3D Context with UNIT and UNCERTAINTY') );
#4151 = ( LENGTH_UNIT() NAMED_UNIT(*) SI_UNIT(.MILLI.,.METRE.) );
#4152 = ( NAMED_UNIT(*) PLANE_ANGLE_UNIT() SI_UNIT($,.RADIAN.) );
#4153 = ( NAMED_UNIT(*) SI_UNIT($,.STERADIAN.) SOLID_ANGLE_UNIT() );
#4154 = UNCERTAINTY_MEASURE_WITH_UNIT(LENGTH_MEASURE(1.E-07),#4151,
  'distance_accuracy_value','confusion accuracy');
#4155 = SHAPE_DEFINITION_REPRESENTATION(#4156,#4137);
#4156 = PRODUCT_DEFINITION_SHAPE('','',#4157);
#4157 = PRODUCT_DEFINITION('design','',#4158,#4161);
#4158 = PRODUCT_DEFINITION_FORMATION('','',#4159);
#4159 = PRODUCT('G2','G2','',(#4160));
#4160 = PRODUCT_CONTEXT('',#2,'mechanical');
#4161 = PRODUCT_DEFINITION_CONTEXT('part definition',#2,'design');
#4162 = CONTEXT_DEPENDENT_SHAPE_REPRESENTATION(#4163,#4165);
#4163 = ( REPRESENTATION_RELATIONSHIP('','',#4137,#10) 
REPRESENTATION_RELATIONSHIP_WITH_TRANSFORMATION(#4164) 
SHAPE_REPRESENTATION_RELATIONSHIP() );
#4164 = ITEM_DEFINED_TRANSFORMATION('','',#11,#399);
#4165 = PRODUCT_DEFINITION_SHAPE('Placement','Placement of an item',
  #4166);
#4166 = NEXT_ASSEMBLY_USAGE_OCCURRENCE('97','=>[0:1:1:98]','',#5,#4157,$
  );
#4167 = PRODUCT_RELATED_PRODUCT_CATEGORY('part',$,(#4159));
#4168 = ADVANCED_BREP_SHAPE_REPRESENTATION('',(#11,#4169),#4181);
#4169 = MANIFOLD_SOLID_BREP('',#4170);
#4170 = CLOSED_SHELL('',(#4171));
#4171 = ADVANCED_FACE('',(#4172),#4176,.T.);
#4172 = FACE_BOUND('',#4173,.T.);
#4173 = VERTEX_LOOP('',#4174);
#4174 = VERTEX_POINT('',#4175);
#4175 = CARTESIAN_POINT('',(1.071565949254E-17,-2.624579619658E-33,
    -0.175));
#4176 = SPHERICAL_SURFACE('',#4177,0.175);
#4177 = AXIS2_PLACEMENT_3D('',#4178,#4179,#4180);
#4178 = CARTESIAN_POINT('',(0.,0.,0.));
#4179 = DIRECTION('',(0.,0.,1.));
#4180 = DIRECTION('',(1.,0.,-0.));
#4181 = ( GEOMETRIC_REPRESENTATION_CONTEXT(3) 
GLOBAL_UNCERTAINTY_ASSIGNED_CONTEXT((#4185)) 
GLOBAL_UNIT_ASSIGNED_CONTEXT((#4182,#4183,#4184)) REPRESENTATION_CONTEXT
('Context #1','3D Context with UNIT and UNCERTAINTY') );
#4182 = ( LENGTH_UNIT() NAMED_UNIT(*) SI_UNIT(.MILLI.,.METRE.) );
#4183 = ( NAMED_UNIT(*) PLANE_ANGLE_UNIT() SI_UNIT($,.RADIAN.) );
#4184 = ( NAMED_UNIT(*) SI_UNIT($,.STERADIAN.) SOLID_ANGLE_UNIT() );
#4185 = UNCERTAINTY_MEASURE_WITH_UNIT(LENGTH_MEASURE(1.E-07),#4182,
  'distance_accuracy_value','confusion accuracy');
#4186 = SHAPE_DEFINITION_REPRESENTATION(#4187,#4168);
#4187 = PRODUCT_DEFINITION_SHAPE('','',#4188);
#4188 = PRODUCT_DEFINITION('design','',#4189,#4192);
#4189 = PRODUCT_DEFINITION_FORMATION('','',#4190);
#4190 = PRODUCT('G3','G3','',(#4191));
#4191 = PRODUCT_CONTEXT('',#2,'mechanical');
#4192 = PRODUCT_DEFINITION_CONTEXT('part definition',#2,'design');
#4193 = CONTEXT_DEPENDENT_SHAPE_REPRESENTATION(#4194,#4196);
#4194 = ( REPRESENTATION_RELATIONSHIP('','',#4168,#10) 
REPRESENTATION_RELATIONSHIP_WITH_TRANSFORMATION(#4195) 
SHAPE_REPRESENTATION_RELATIONSHIP() );
#4195 = ITEM_DEFINED_TRANSFORMATION('','',#11,#403);
#4196 = PRODUCT_DEFINITION_SHAPE('Placement','Placement of an item',
  #4197);
#4197 = NEXT_ASSEMBLY_USAGE_OCCURRENCE('98','=>[0:1:1:99]','',#5,#4188,$
  );
#4198 = PRODUCT_RELATED_PRODUCT_CATEGORY('part',$,(#4190));
#4199 = ADVANCED_BREP_SHAPE_REPRESENTATION('',(#11,#4200),#4212);
#4200 = MANIFOLD_SOLID_BREP('',#4201);
#4201 = CLOSED_SHELL('',(#4202));
#4202 = ADVANCED_FACE('',(#4203),#4207,.T.);
#4203 = FACE_BOUND('',#4204,.T.);
#4204 = VERTEX_LOOP('',#4205);
#4205 = VERTEX_POINT('',#4206);
#4206 = CARTESIAN_POINT('',(1.071565949254E-17,-2.624579619658E-33,
    -0.175));
#4207 = SPHERICAL_SURFACE('',#4208,0.175);
#4208 = AXIS2_PLACEMENT_3D('',#4209,#4210,#4211);
#4209 = CARTESIAN_POINT('',(0.,0.,0.));
#4210 = DIRECTION('',(0.,0.,1.));
#4211 = DIRECTION('',(1.,0.,-0.));
#4212 = ( GEOMETRIC_REPRESENTATION_CONTEXT(3) 
GLOBAL_UNCERTAINTY_ASSIGNED_CONTEXT((#4216)) 
GLOBAL_UNIT_ASSIGNED_CONTEXT((#4213,#4214,#4215)) REPRESENTATION_CONTEXT
('Context #1','3D Context with UNIT and UNCERTAINTY') );
#4213 = ( LENGTH_UNIT() NAMED_UNIT(*) SI_UNIT(.MILLI.,.METRE.) );
#4214 = ( NAMED_UNIT(*) PLANE_ANGLE_UNIT() SI_UNIT($,.RADIAN.) );
#4215 = ( NAMED_UNIT(*) SI_UNIT($,.STERADIAN.) SOLID_ANGLE_UNIT() );
#4216 = UNCERTAINTY_MEASURE_WITH_UNIT(LENGTH_MEASURE(1.E-07),#4213,
  'distance_accuracy_value','confusion accuracy');
#4217 = SHAPE_DEFINITION_REPRESENTATION(#4218,#4199);
#4218 = PRODUCT_DEFINITION_SHAPE('','',#4219);
#4219 = PRODUCT_DEFINITION('design','',#4220,#4223);
#4220 = PRODUCT_DEFINITION_FORMATION('','',#4221);
#4221 = PRODUCT('G4','G4','',(#4222));
#4222 = PRODUCT_CONTEXT('',#2,'mechanical');
#4223 = PRODUCT_DEFINITION_CONTEXT('part definition',#2,'design');
#4224 = CONTEXT_DEPENDENT_SHAPE_REPRESENTATION(#4225,#4227);
#4225 = ( REPRESENTATION_RELATIONSHIP('','',#4199,#10) 
REPRESENTATION_RELATIONSHIP_WITH_TRANSFORMATION(#4226) 
SHAPE_REPRESENTATION_RELATIONSHIP() );
#4226 = ITEM_DEFINED_TRANSFORMATION('','',#11,#407);
#4227 = PRODUCT_DEFINITION_SHAPE('Placement','Placement of an item',
  #4228);
#4228 = NEXT_ASSEMBLY_USAGE_OCCURRENCE('99','=>[0:1:1:100]','',#5,#4219,
  $);
#4229 = PRODUCT_RELATED_PRODUCT_CATEGORY('part',$,(#4221));
#4230 = ADVANCED_BREP_SHAPE_REPRESENTATION('',(#11,#4231),#4243);
#4231 = MANIFOLD_SOLID_BREP('',#4232);
#4232 = CLOSED_SHELL('',(#4233));
#4233 = ADVANCED_FACE('',(#4234),#4238,.T.);
#4234 = FACE_BOUND('',#4235,.T.);
#4235 = VERTEX_LOOP('',#4236);
#4236 = VERTEX_POINT('',#4237);
#4237 = CARTESIAN_POINT('',(1.071565949254E-17,-2.624579619658E-33,
    -0.175));
#4238 = SPHERICAL_SURFACE('',#4239,0.175);
#4239 = AXIS2_PLACEMENT_3D('',#4240,#4241,#4242);
#4240 = CARTESIAN_POINT('',(0.,0.,0.));
#4241 = DIRECTION('',(0.,0.,1.));
#4242 = DIRECTION('',(1.,0.,-0.));
#4243 = ( GEOMETRIC_REPRESENTATION_CONTEXT(3) 
GLOBAL_UNCERTAINTY_ASSIGNED_CONTEXT((#4247)) 
GLOBAL_UNIT_ASSIGNED_CONTEXT((#4244,#4245,#4246)) REPRESENTATION_CONTEXT
('Context #1','3D Context with UNIT and UNCERTAINTY') );
#4244 = ( LENGTH_UNIT() NAMED_UNIT(*) SI_UNIT(.MILLI.,.METRE.) );
#4245 = ( NAMED_UNIT(*) PLANE_ANGLE_UNIT() SI_UNIT($,.RADIAN.) );
#4246 = ( NAMED_UNIT(*) SI_UNIT($,.STERADIAN.) SOLID_ANGLE_UNIT() );
#4247 = UNCERTAINTY_MEASURE_WITH_UNIT(LENGTH_MEASURE(1.E-07),#4244,
  'distance_accuracy_value','confusion accuracy');
#4248 = SHAPE_DEFINITION_REPRESENTATION(#4249,#4230);
#4249 = PRODUCT_DEFINITION_SHAPE('','',#4250);
#4250 = PRODUCT_DEFINITION('design','',#4251,#4254);
#4251 = PRODUCT_DEFINITION_FORMATION('','',#4252);
#4252 = PRODUCT('G5','G5','',(#4253));
#4253 = PRODUCT_CONTEXT('',#2,'mechanical');
#4254 = PRODUCT_DEFINITION_CONTEXT('part definition',#2,'design');
#4255 = CONTEXT_DEPENDENT_SHAPE_REPRESENTATION(#4256,#4258);
#4256 = ( REPRESENTATION_RELATIONSHIP('','',#4230,#10) 
REPRESENTATION_RELATIONSHIP_WITH_TRANSFORMATION(#4257) 
SHAPE_REPRESENTATION_RELATIONSHIP() );
#4257 = ITEM_DEFINED_TRANSFORMATION('','',#11,#411);
#4258 = PRODUCT_DEFINITION_SHAPE('Placement','Placement of an item',
  #4259);
#4259 = NEXT_ASSEMBLY_USAGE_OCCURRENCE('100','=>[0:1:1:101]','',#5,#4250
  ,$);
#4260 = PRODUCT_RELATED_PRODUCT_CATEGORY('part',$,(#4252));
#4261 = ADVANCED_BREP_SHAPE_REPRESENTATION('',(#11,#4262),#4274);
#4262 = MANIFOLD_SOLID_BREP('',#4263);
#4263 = CLOSED_SHELL('',(#4264));
#4264 = ADVANCED_FACE('',(#4265),#4269,.T.);
#4265 = FACE_BOUND('',#4266,.T.);
#4266 = VERTEX_LOOP('',#4267);
#4267 = VERTEX_POINT('',#4268);
#4268 = CARTESIAN_POINT('',(1.071565949254E-17,-2.624579619658E-33,
    -0.175));
#4269 = SPHERICAL_SURFACE('',#4270,0.175);
#4270 = AXIS2_PLACEMENT_3D('',#4271,#4272,#4273);
#4271 = CARTESIAN_POINT('',(0.,0.,0.));
#4272 = DIRECTION('',(0.,0.,1.));
#4273 = DIRECTION('',(1.,0.,-0.));
#4274 = ( GEOMETRIC_REPRESENTATION_CONTEXT(3) 
GLOBAL_UNCERTAINTY_ASSIGNED_CONTEXT((#4278)) 
GLOBAL_UNIT_ASSIGNED_CONTEXT((#4275,#4276,#4277)) REPRESENTATION_CONTEXT
('Context #1','3D Context with UNIT and UNCERTAINTY') );
#4275 = ( LENGTH_UNIT() NAMED_UNIT(*) SI_UNIT(.MILLI.,.METRE.) );
#4276 = ( NAMED_UNIT(*) PLANE_ANGLE_UNIT() SI_UNIT($,.RADIAN.) );
#4277 = ( NAMED_UNIT(*) SI_UNIT($,.STERADIAN.) SOLID_ANGLE_UNIT() );
#4278 = UNCERTAINTY_MEASURE_WITH_UNIT(LENGTH_MEASURE(1.E-07),#4275,
  'distance_accuracy_value','confusion accuracy');
#4279 = SHAPE_DEFINITION_REPRESENTATION(#4280,#4261);
#4280 = PRODUCT_DEFINITION_SHAPE('','',#4281);
#4281 = PRODUCT_DEFINITION('design','',#4282,#4285);
#4282 = PRODUCT_DEFINITION_FORMATION('','',#4283);
#4283 = PRODUCT('G6','G6','',(#4284));
#4284 = PRODUCT_CONTEXT('',#2,'mechanical');
#4285 = PRODUCT_DEFINITION_CONTEXT('part definition',#2,'design');
#4286 = CONTEXT_DEPENDENT_SHAPE_REPRESENTATION(#4287,#4289);
#4287 = ( REPRESENTATION_RELATIONSHIP('','',#4261,#10) 
REPRESENTATION_RELATIONSHIP_WITH_TRANSFORMATION(#4288) 
SHAPE_REPRESENTATION_RELATIONSHIP() );
#4288 = ITEM_DEFINED_TRANSFORMATION('','',#11,#415);
#4289 = PRODUCT_DEFINITION_SHAPE('Placement','Placement of an item',
  #4290);
#4290 = NEXT_ASSEMBLY_USAGE_OCCURRENCE('101','=>[0:1:1:102]','',#5,#4281
  ,$);
#4291 = PRODUCT_RELATED_PRODUCT_CATEGORY('part',$,(#4283));
#4292 = ADVANCED_BREP_SHAPE_REPRESENTATION('',(#11,#4293),#4305);
#4293 = MANIFOLD_SOLID_BREP('',#4294);
#4294 = CLOSED_SHELL('',(#4295));
#4295 = ADVANCED_FACE('',(#4296),#4300,.T.);
#4296 = FACE_BOUND('',#4297,.T.);
#4297 = VERTEX_LOOP('',#4298);
#4298 = VERTEX_POINT('',#4299);
#4299 = CARTESIAN_POINT('',(1.071565949254E-17,-2.624579619658E-33,
    -0.175));
#4300 = SPHERICAL_SURFACE('',#4301,0.175);
#4301 = AXIS2_PLACEMENT_3D('',#4302,#4303,#4304);
#4302 = CARTESIAN_POINT('',(0.,0.,0.));
#4303 = DIRECTION('',(0.,0.,1.));
#4304 = DIRECTION('',(1.,0.,-0.));
#4305 = ( GEOMETRIC_REPRESENTATION_CONTEXT(3) 
GLOBAL_UNCERTAINTY_ASSIGNED_CONTEXT((#4309)) 
GLOBAL_UNIT_ASSIGNED_CONTEXT((#4306,#4307,#4308)) REPRESENTATION_CONTEXT
('Context #1','3D Context with UNIT and UNCERTAINTY') );
#4306 = ( LENGTH_UNIT() NAMED_UNIT(*) SI_UNIT(.MILLI.,.METRE.) );
#4307 = ( NAMED_UNIT(*) PLANE_ANGLE_UNIT() SI_UNIT($,.RADIAN.) );
#4308 = ( NAMED_UNIT(*) SI_UNIT($,.STERADIAN.) SOLID_ANGLE_UNIT() );
#4309 = UNCERTAINTY_MEASURE_WITH_UNIT(LENGTH_MEASURE(1.E-07),#4306,
  'distance_accuracy_value','confusion accuracy');
#4310 = SHAPE_DEFINITION_REPRESENTATION(#4311,#4292);
#4311 = PRODUCT_DEFINITION_SHAPE('','',#4312);
#4312 = PRODUCT_DEFINITION('design','',#4313,#4316);
#4313 = PRODUCT_DEFINITION_FORMATION('','',#4314);
#4314 = PRODUCT('G8','G8','',(#4315));
#4315 = PRODUCT_CONTEXT('',#2,'mechanical');
#4316 = PRODUCT_DEFINITION_CONTEXT('part definition',#2,'design');
#4317 = CONTEXT_DEPENDENT_SHAPE_REPRESENTATION(#4318,#4320);
#4318 = ( REPRESENTATION_RELATIONSHIP('','',#4292,#10) 
REPRESENTATION_RELATIONSHIP_WITH_TRANSFORMATION(#4319) 
SHAPE_REPRESENTATION_RELATIONSHIP() );
#4319 = ITEM_DEFINED_TRANSFORMATION('','',#11,#419);
#4320 = PRODUCT_DEFINITION_SHAPE('Placement','Placement of an item',
  #4321);
#4321 = NEXT_ASSEMBLY_USAGE_OCCURRENCE('102','=>[0:1:1:103]','',#5,#4312
  ,$);
#4322 = PRODUCT_RELATED_PRODUCT_CATEGORY('part',$,(#4314));
#4323 = ADVANCED_BREP_SHAPE_REPRESENTATION('',(#11,#4324),#4336);
#4324 = MANIFOLD_SOLID_BREP('',#4325);
#4325 = CLOSED_SHELL('',(#4326));
#4326 = ADVANCED_FACE('',(#4327),#4331,.T.);
#4327 = FACE_BOUND('',#4328,.T.);
#4328 = VERTEX_LOOP('',#4329);
#4329 = VERTEX_POINT('',#4330);
#4330 = CARTESIAN_POINT('',(1.071565949254E-17,-2.624579619658E-33,
    -0.175));
#4331 = SPHERICAL_SURFACE('',#4332,0.175);
#4332 = AXIS2_PLACEMENT_3D('',#4333,#4334,#4335);
#4333 = CARTESIAN_POINT('',(0.,0.,0.));
#4334 = DIRECTION('',(0.,0.,1.));
#4335 = DIRECTION('',(1.,0.,-0.));
#4336 = ( GEOMETRIC_REPRESENTATION_CONTEXT(3) 
GLOBAL_UNCERTAINTY_ASSIGNED_CONTEXT((#4340)) 
GLOBAL_UNIT_ASSIGNED_CONTEXT((#4337,#4338,#4339)) REPRESENTATION_CONTEXT
('Context #1','3D Context with UNIT and UNCERTAINTY') );
#4337 = ( LENGTH_UNIT() NAMED_UNIT(*) SI_UNIT(.MILLI.,.METRE.) );
#4338 = ( NAMED_UNIT(*) PLANE_ANGLE_UNIT() SI_UNIT($,.RADIAN.) );
#4339 = ( NAMED_UNIT(*) SI_UNIT($,.STERADIAN.) SOLID_ANGLE_UNIT() );
#4340 = UNCERTAINTY_MEASURE_WITH_UNIT(LENGTH_MEASURE(1.E-07),#4337,
  'distance_accuracy_value','confusion accuracy');
#4341 = SHAPE_DEFINITION_REPRESENTATION(#4342,#4323);
#4342 = PRODUCT_DEFINITION_SHAPE('','',#4343);
#4343 = PRODUCT_DEFINITION('design','',#4344,#4347);
#4344 = PRODUCT_DEFINITION_FORMATION('','',#4345);
#4345 = PRODUCT('G9','G9','',(#4346));
#4346 = PRODUCT_CONTEXT('',#2,'mechanical');
#4347 = PRODUCT_DEFINITION_CONTEXT('part definition',#2,'design');
#4348 = CONTEXT_DEPENDENT_SHAPE_REPRESENTATION(#4349,#4351);
#4349 = ( REPRESENTATION_RELATIONSHIP('','',#4323,#10) 
REPRESENTATION_RELATIONSHIP_WITH_TRANSFORMATION(#4350) 
SHAPE_REPRESENTATION_RELATIONSHIP() );
#4350 = ITEM_DEFINED_TRANSFORMATION('','',#11,#423);
#4351 = PRODUCT_DEFINITION_SHAPE('Placement','Placement of an item',
  #4352);
#4352 = NEXT_ASSEMBLY_USAGE_OCCURRENCE('103','=>[0:1:1:104]','',#5,#4343
  ,$);
#4353 = PRODUCT_RELATED_PRODUCT_CATEGORY('part',$,(#4345));
#4354 = ADVANCED_BREP_SHAPE_REPRESENTATION('',(#11,#4355),#4367);
#4355 = MANIFOLD_SOLID_BREP('',#4356);
#4356 = CLOSED_SHELL('',(#4357));
#4357 = ADVANCED_FACE('',(#4358),#4362,.T.);
#4358 = FACE_BOUND('',#4359,.T.);
#4359 = VERTEX_LOOP('',#4360);
#4360 = VERTEX_POINT('',#4361);
#4361 = CARTESIAN_POINT('',(1.071565949254E-17,-2.624579619658E-33,
    -0.175));
#4362 = SPHERICAL_SURFACE('',#4363,0.175);
#4363 = AXIS2_PLACEMENT_3D('',#4364,#4365,#4366);
#4364 = CARTESIAN_POINT('',(0.,0.,0.));
#4365 = DIRECTION('',(0.,0.,1.));
#4366 = DIRECTION('',(1.,0.,-0.));
#4367 = ( GEOMETRIC_REPRESENTATION_CONTEXT(3) 
GLOBAL_UNCERTAINTY_ASSIGNED_CONTEXT((#4371)) 
GLOBAL_UNIT_ASSIGNED_CONTEXT((#4368,#4369,#4370)) REPRESENTATION_CONTEXT
('Context #1','3D Context with UNIT and UNCERTAINTY') );
#4368 = ( LENGTH_UNIT() NAMED_UNIT(*) SI_UNIT(.MILLI.,.METRE.) );
#4369 = ( NAMED_UNIT(*) PLANE_ANGLE_UNIT() SI_UNIT($,.RADIAN.) );
#4370 = ( NAMED_UNIT(*) SI_UNIT($,.STERADIAN.) SOLID_ANGLE_UNIT() );
#4371 = UNCERTAINTY_MEASURE_WITH_UNIT(LENGTH_MEASURE(1.E-07),#4368,
  'distance_accuracy_value','confusion accuracy');
#4372 = SHAPE_DEFINITION_REPRESENTATION(#4373,#4354);
#4373 = PRODUCT_DEFINITION_SHAPE('','',#4374);
#4374 = PRODUCT_DEFINITION('design','',#4375,#4378);
#4375 = PRODUCT_DEFINITION_FORMATION('','',#4376);
#4376 = PRODUCT('G10','G10','',(#4377));
#4377 = PRODUCT_CONTEXT('',#2,'mechanical');
#4378 = PRODUCT_DEFINITION_CONTEXT('part definition',#2,'design');
#4379 = CONTEXT_DEPENDENT_SHAPE_REPRESENTATION(#4380,#4382);
#4380 = ( REPRESENTATION_RELATIONSHIP('','',#4354,#10) 
REPRESENTATION_RELATIONSHIP_WITH_TRANSFORMATION(#4381) 
SHAPE_REPRESENTATION_RELATIONSHIP() );
#4381 = ITEM_DEFINED_TRANSFORMATION('','',#11,#427);
#4382 = PRODUCT_DEFINITION_SHAPE('Placement','Placement of an item',
  #4383);
#4383 = NEXT_ASSEMBLY_USAGE_OCCURRENCE('104','=>[0:1:1:105]','',#5,#4374
  ,$);
#4384 = PRODUCT_RELATED_PRODUCT_CATEGORY('part',$,(#4376));
#4385 = ADVANCED_BREP_SHAPE_REPRESENTATION('',(#11,#4386),#4398);
#4386 = MANIFOLD_SOLID_BREP('',#4387);
#4387 = CLOSED_SHELL('',(#4388));
#4388 = ADVANCED_FACE('',(#4389),#4393,.T.);
#4389 = FACE_BOUND('',#4390,.T.);
#4390 = VERTEX_LOOP('',#4391);
#4391 = VERTEX_POINT('',#4392);
#4392 = CARTESIAN_POINT('',(1.071565949254E-17,-2.624579619658E-33,
    -0.175));
#4393 = SPHERICAL_SURFACE('',#4394,0.175);
#4394 = AXIS2_PLACEMENT_3D('',#4395,#4396,#4397);
#4395 = CARTESIAN_POINT('',(0.,0.,0.));
#4396 = DIRECTION('',(0.,0.,1.));
#4397 = DIRECTION('',(1.,0.,-0.));
#4398 = ( GEOMETRIC_REPRESENTATION_CONTEXT(3) 
GLOBAL_UNCERTAINTY_ASSIGNED_CONTEXT((#4402)) 
GLOBAL_UNIT_ASSIGNED_CONTEXT((#4399,#4400,#4401)) REPRESENTATION_CONTEXT
('Context #1','3D Context with UNIT and UNCERTAINTY') );
#4399 = ( LENGTH_UNIT() NAMED_UNIT(*) SI_UNIT(.MILLI.,.METRE.) );
#4400 = ( NAMED_UNIT(*) PLANE_ANGLE_UNIT() SI_UNIT($,.RADIAN.) );
#4401 = ( NAMED_UNIT(*) SI_UNIT($,.STERADIAN.) SOLID_ANGLE_UNIT() );
#4402 = UNCERTAINTY_MEASURE_WITH_UNIT(LENGTH_MEASURE(1.E-07),#4399,
  'distance_accuracy_value','confusion accuracy');
#4403 = SHAPE_DEFINITION_REPRESENTATION(#4404,#4385);
#4404 = PRODUCT_DEFINITION_SHAPE('','',#4405);
#4405 = PRODUCT_DEFINITION('design','',#4406,#4409);
#4406 = PRODUCT_DEFINITION_FORMATION('','',#4407);
#4407 = PRODUCT('G11','G11','',(#4408));
#4408 = PRODUCT_CONTEXT('',#2,'mechanical');
#4409 = PRODUCT_DEFINITION_CONTEXT('part definition',#2,'design');
#4410 = CONTEXT_DEPENDENT_SHAPE_REPRESENTATION(#4411,#4413);
#4411 = ( REPRESENTATION_RELATIONSHIP('','',#4385,#10) 
REPRESENTATION_RELATIONSHIP_WITH_TRANSFORMATION(#4412) 
SHAPE_REPRESENTATION_RELATIONSHIP() );
#4412 = ITEM_DEFINED_TRANSFORMATION('','',#11,#431);
#4413 = PRODUCT_DEFINITION_SHAPE('Placement','Placement of an item',
  #4414);
#4414 = NEXT_ASSEMBLY_USAGE_OCCURRENCE('105','=>[0:1:1:106]','',#5,#4405
  ,$);
#4415 = PRODUCT_RELATED_PRODUCT_CATEGORY('part',$,(#4407));
#4416 = ADVANCED_BREP_SHAPE_REPRESENTATION('',(#11,#4417),#4429);
#4417 = MANIFOLD_SOLID_BREP('',#4418);
#4418 = CLOSED_SHELL('',(#4419));
#4419 = ADVANCED_FACE('',(#4420),#4424,.T.);
#4420 = FACE_BOUND('',#4421,.T.);
#4421 = VERTEX_LOOP('',#4422);
#4422 = VERTEX_POINT('',#4423);
#4423 = CARTESIAN_POINT('',(1.071565949254E-17,-2.624579619658E-33,
    -0.175));
#4424 = SPHERICAL_SURFACE('',#4425,0.175);
#4425 = AXIS2_PLACEMENT_3D('',#4426,#4427,#4428);
#4426 = CARTESIAN_POINT('',(0.,0.,0.));
#4427 = DIRECTION('',(0.,0.,1.));
#4428 = DIRECTION('',(1.,0.,-0.));
#4429 = ( GEOMETRIC_REPRESENTATION_CONTEXT(3) 
GLOBAL_UNCERTAINTY_ASSIGNED_CONTEXT((#4433)) 
GLOBAL_UNIT_ASSIGNED_CONTEXT((#4430,#4431,#4432)) REPRESENTATION_CONTEXT
('Context #1','3D Context with UNIT and UNCERTAINTY') );
#4430 = ( LENGTH_UNIT() NAMED_UNIT(*) SI_UNIT(.MILLI.,.METRE.) );
#4431 = ( NAMED_UNIT(*) PLANE_ANGLE_UNIT() SI_UNIT($,.RADIAN.) );
#4432 = ( NAMED_UNIT(*) SI_UNIT($,.STERADIAN.) SOLID_ANGLE_UNIT() );
#4433 = UNCERTAINTY_MEASURE_WITH_UNIT(LENGTH_MEASURE(1.E-07),#4430,
  'distance_accuracy_value','confusion accuracy');
#4434 = SHAPE_DEFINITION_REPRESENTATION(#4435,#4416);
#4435 = PRODUCT_DEFINITION_SHAPE('','',#4436);
#4436 = PRODUCT_DEFINITION('design','',#4437,#4440);
#4437 = PRODUCT_DEFINITION_FORMATION('','',#4438);
#4438 = PRODUCT('G12','G12','',(#4439));
#4439 = PRODUCT_CONTEXT('',#2,'mechanical');
#4440 = PRODUCT_DEFINITION_CONTEXT('part definition',#2,'design');
#4441 = CONTEXT_DEPENDENT_SHAPE_REPRESENTATION(#4442,#4444);
#4442 = ( REPRESENTATION_RELATIONSHIP('','',#4416,#10) 
REPRESENTATION_RELATIONSHIP_WITH_TRANSFORMATION(#4443) 
SHAPE_REPRESENTATION_RELATIONSHIP() );
#4443 = ITEM_DEFINED_TRANSFORMATION('','',#11,#435);
#4444 = PRODUCT_DEFINITION_SHAPE('Placement','Placement of an item',
  #4445);
#4445 = NEXT_ASSEMBLY_USAGE_OCCURRENCE('106','=>[0:1:1:107]','',#5,#4436
  ,$);
#4446 = PRODUCT_RELATED_PRODUCT_CATEGORY('part',$,(#4438));
#4447 = ADVANCED_BREP_SHAPE_REPRESENTATION('',(#11,#4448),#4460);
#4448 = MANIFOLD_SOLID_BREP('',#4449);
#4449 = CLOSED_SHELL('',(#4450));
#4450 = ADVANCED_FACE('',(#4451),#4455,.T.);
#4451 = FACE_BOUND('',#4452,.T.);
#4452 = VERTEX_LOOP('',#4453);
#4453 = VERTEX_POINT('',#4454);
#4454 = CARTESIAN_POINT('',(1.071565949254E-17,-2.624579619658E-33,
    -0.175));
#4455 = SPHERICAL_SURFACE('',#4456,0.175);
#4456 = AXIS2_PLACEMENT_3D('',#4457,#4458,#4459);
#4457 = CARTESIAN_POINT('',(0.,0.,0.));
#4458 = DIRECTION('',(0.,0.,1.));
#4459 = DIRECTION('',(1.,0.,-0.));
#4460 = ( GEOMETRIC_REPRESENTATION_CONTEXT(3) 
GLOBAL_UNCERTAINTY_ASSIGNED_CONTEXT((#4464)) 
GLOBAL_UNIT_ASSIGNED_CONTEXT((#4461,#4462,#4463)) REPRESENTATION_CONTEXT
('Context #1','3D Context with UNIT and UNCERTAINTY') );
#4461 = ( LENGTH_UNIT() NAMED_UNIT(*) SI_UNIT(.MILLI.,.METRE.) );
#4462 = ( NAMED_UNIT(*) PLANE_ANGLE_UNIT() SI_UNIT($,.RADIAN.) );
#4463 = ( NAMED_UNIT(*) SI_UNIT($,.STERADIAN.) SOLID_ANGLE_UNIT() );
#4464 = UNCERTAINTY_MEASURE_WITH_UNIT(LENGTH_MEASURE(1.E-07),#4461,
  'distance_accuracy_value','confusion accuracy');
#4465 = SHAPE_DEFINITION_REPRESENTATION(#4466,#4447);
#4466 = PRODUCT_DEFINITION_SHAPE('','',#4467);
#4467 = PRODUCT_DEFINITION('design','',#4468,#4471);
#4468 = PRODUCT_DEFINITION_FORMATION('','',#4469);
#4469 = PRODUCT('G13','G13','',(#4470));
#4470 = PRODUCT_CONTEXT('',#2,'mechanical');
#4471 = PRODUCT_DEFINITION_CONTEXT('part definition',#2,'design');
#4472 = CONTEXT_DEPENDENT_SHAPE_REPRESENTATION(#4473,#4475);
#4473 = ( REPRESENTATION_RELATIONSHIP('','',#4447,#10) 
REPRESENTATION_RELATIONSHIP_WITH_TRANSFORMATION(#4474) 
SHAPE_REPRESENTATION_RELATIONSHIP() );
#4474 = ITEM_DEFINED_TRANSFORMATION('','',#11,#439);
#4475 = PRODUCT_DEFINITION_SHAPE('Placement','Placement of an item',
  #4476);
#4476 = NEXT_ASSEMBLY_USAGE_OCCURRENCE('107','=>[0:1:1:108]','',#5,#4467
  ,$);
#4477 = PRODUCT_RELATED_PRODUCT_CATEGORY('part',$,(#4469));
#4478 = ADVANCED_BREP_SHAPE_REPRESENTATION('',(#11,#4479),#4491);
#4479 = MANIFOLD_SOLID_BREP('',#4480);
#4480 = CLOSED_SHELL('',(#4481));
#4481 = ADVANCED_FACE('',(#4482),#4486,.T.);
#4482 = FACE_BOUND('',#4483,.T.);
#4483 = VERTEX_LOOP('',#4484);
#4484 = VERTEX_POINT('',#4485);
#4485 = CARTESIAN_POINT('',(1.071565949254E-17,-2.624579619658E-33,
    -0.175));
#4486 = SPHERICAL_SURFACE('',#4487,0.175);
#4487 = AXIS2_PLACEMENT_3D('',#4488,#4489,#4490);
#4488 = CARTESIAN_POINT('',(0.,0.,0.));
#4489 = DIRECTION('',(0.,0.,1.));
#4490 = DIRECTION('',(1.,0.,-0.));
#4491 = ( GEOMETRIC_REPRESENTATION_CONTEXT(3) 
GLOBAL_UNCERTAINTY_ASSIGNED_CONTEXT((#4495)) 
GLOBAL_UNIT_ASSIGNED_CONTEXT((#4492,#4493,#4494)) REPRESENTATION_CONTEXT
('Context #1','3D Context with UNIT and UNCERTAINTY') );
#4492 = ( LENGTH_UNIT() NAMED_UNIT(*) SI_UNIT(.MILLI.,.METRE.) );
#4493 = ( NAMED_UNIT(*) PLANE_ANGLE_UNIT() SI_UNIT($,.RADIAN.) );
#4494 = ( NAMED_UNIT(*) SI_UNIT($,.STERADIAN.) SOLID_ANGLE_UNIT() );
#4495 = UNCERTAINTY_MEASURE_WITH_UNIT(LENGTH_MEASURE(1.E-07),#4492,
  'distance_accuracy_value','confusion accuracy');
#4496 = SHAPE_DEFINITION_REPRESENTATION(#4497,#4478);
#4497 = PRODUCT_DEFINITION_SHAPE('','',#4498);
#4498 = PRODUCT_DEFINITION('design','',#4499,#4502);
#4499 = PRODUCT_DEFINITION_FORMATION('','',#4500);
#4500 = PRODUCT('G14','G14','',(#4501));
#4501 = PRODUCT_CONTEXT('',#2,'mechanical');
#4502 = PRODUCT_DEFINITION_CONTEXT('part definition',#2,'design');
#4503 = CONTEXT_DEPENDENT_SHAPE_REPRESENTATION(#4504,#4506);
#4504 = ( REPRESENTATION_RELATIONSHIP('','',#4478,#10) 
REPRESENTATION_RELATIONSHIP_WITH_TRANSFORMATION(#4505) 
SHAPE_REPRESENTATION_RELATIONSHIP() );
#4505 = ITEM_DEFINED_TRANSFORMATION('','',#11,#443);
#4506 = PRODUCT_DEFINITION_SHAPE('Placement','Placement of an item',
  #4507);
#4507 = NEXT_ASSEMBLY_USAGE_OCCURRENCE('108','=>[0:1:1:109]','',#5,#4498
  ,$);
#4508 = PRODUCT_RELATED_PRODUCT_CATEGORY('part',$,(#4500));
#4509 = ADVANCED_BREP_SHAPE_REPRESENTATION('',(#11,#4510),#4522);
#4510 = MANIFOLD_SOLID_BREP('',#4511);
#4511 = CLOSED_SHELL('',(#4512));
#4512 = ADVANCED_FACE('',(#4513),#4517,.T.);
#4513 = FACE_BOUND('',#4514,.T.);
#4514 = VERTEX_LOOP('',#4515);
#4515 = VERTEX_POINT('',#4516);
#4516 = CARTESIAN_POINT('',(1.071565949254E-17,-2.624579619658E-33,
    -0.175));
#4517 = SPHERICAL_SURFACE('',#4518,0.175);
#4518 = AXIS2_PLACEMENT_3D('',#4519,#4520,#4521);
#4519 = CARTESIAN_POINT('',(0.,0.,0.));
#4520 = DIRECTION('',(0.,0.,1.));
#4521 = DIRECTION('',(1.,0.,-0.));
#4522 = ( GEOMETRIC_REPRESENTATION_CONTEXT(3) 
GLOBAL_UNCERTAINTY_ASSIGNED_CONTEXT((#4526)) 
GLOBAL_UNIT_ASSIGNED_CONTEXT((#4523,#4524,#4525)) REPRESENTATION_CONTEXT
('Context #1','3D Context with UNIT and UNCERTAINTY') );
#4523 = ( LENGTH_UNIT() NAMED_UNIT(*) SI_UNIT(.MILLI.,.METRE.) );
#4524 = ( NAMED_UNIT(*) PLANE_ANGLE_UNIT() SI_UNIT($,.RADIAN.) );
#4525 = ( NAMED_UNIT(*) SI_UNIT($,.STERADIAN.) SOLID_ANGLE_UNIT() );
#4526 = UNCERTAINTY_MEASURE_WITH_UNIT(LENGTH_MEASURE(1.E-07),#4523,
  'distance_accuracy_value','confusion accuracy');
#4527 = SHAPE_DEFINITION_REPRESENTATION(#4528,#4509);
#4528 = PRODUCT_DEFINITION_SHAPE('','',#4529);
#4529 = PRODUCT_DEFINITION('design','',#4530,#4533);
#4530 = PRODUCT_DEFINITION_FORMATION('','',#4531);
#4531 = PRODUCT('G15','G15','',(#4532));
#4532 = PRODUCT_CONTEXT('',#2,'mechanical');
#4533 = PRODUCT_DEFINITION_CONTEXT('part definition',#2,'design');
#4534 = CONTEXT_DEPENDENT_SHAPE_REPRESENTATION(#4535,#4537);
#4535 = ( REPRESENTATION_RELATIONSHIP('','',#4509,#10) 
REPRESENTATION_RELATIONSHIP_WITH_TRANSFORMATION(#4536) 
SHAPE_REPRESENTATION_RELATIONSHIP() );
#4536 = ITEM_DEFINED_TRANSFORMATION('','',#11,#447);
#4537 = PRODUCT_DEFINITION_SHAPE('Placement','Placement of an item',
  #4538);
#4538 = NEXT_ASSEMBLY_USAGE_OCCURRENCE('109','=>[0:1:1:110]','',#5,#4529
  ,$);
#4539 = PRODUCT_RELATED_PRODUCT_CATEGORY('part',$,(#4531));
#4540 = ADVANCED_BREP_SHAPE_REPRESENTATION('',(#11,#4541),#4553);
#4541 = MANIFOLD_SOLID_BREP('',#4542);
#4542 = CLOSED_SHELL('',(#4543));
#4543 = ADVANCED_FACE('',(#4544),#4548,.T.);
#4544 = FACE_BOUND('',#4545,.T.);
#4545 = VERTEX_LOOP('',#4546);
#4546 = VERTEX_POINT('',#4547);
#4547 = CARTESIAN_POINT('',(1.071565949254E-17,-2.624579619658E-33,
    -0.175));
#4548 = SPHERICAL_SURFACE('',#4549,0.175);
#4549 = AXIS2_PLACEMENT_3D('',#4550,#4551,#4552);
#4550 = CARTESIAN_POINT('',(0.,0.,0.));
#4551 = DIRECTION('',(0.,0.,1.));
#4552 = DIRECTION('',(1.,0.,-0.));
#4553 = ( GEOMETRIC_REPRESENTATION_CONTEXT(3) 
GLOBAL_UNCERTAINTY_ASSIGNED_CONTEXT((#4557)) 
GLOBAL_UNIT_ASSIGNED_CONTEXT((#4554,#4555,#4556)) REPRESENTATION_CONTEXT
('Context #1','3D Context with UNIT and UNCERTAINTY') );
#4554 = ( LENGTH_UNIT() NAMED_UNIT(*) SI_UNIT(.MILLI.,.METRE.) );
#4555 = ( NAMED_UNIT(*) PLANE_ANGLE_UNIT() SI_UNIT($,.RADIAN.) );
#4556 = ( NAMED_UNIT(*) SI_UNIT($,.STERADIAN.) SOLID_ANGLE_UNIT() );
#4557 = UNCERTAINTY_MEASURE_WITH_UNIT(LENGTH_MEASURE(1.E-07),#4554,
  'distance_accuracy_value','confusion accuracy');
#4558 = SHAPE_DEFINITION_REPRESENTATION(#4559,#4540);
#4559 = PRODUCT_DEFINITION_SHAPE('','',#4560);
#4560 = PRODUCT_DEFINITION('design','',#4561,#4564);
#4561 = PRODUCT_DEFINITION_FORMATION('','',#4562);
#4562 = PRODUCT('G17','G17','',(#4563));
#4563 = PRODUCT_CONTEXT('',#2,'mechanical');
#4564 = PRODUCT_DEFINITION_CONTEXT('part definition',#2,'design');
#4565 = CONTEXT_DEPENDENT_SHAPE_REPRESENTATION(#4566,#4568);
#4566 = ( REPRESENTATION_RELATIONSHIP('','',#4540,#10) 
REPRESENTATION_RELATIONSHIP_WITH_TRANSFORMATION(#4567) 
SHAPE_REPRESENTATION_RELATIONSHIP() );
#4567 = ITEM_DEFINED_TRANSFORMATION('','',#11,#451);
#4568 = PRODUCT_DEFINITION_SHAPE('Placement','Placement of an item',
  #4569);
#4569 = NEXT_ASSEMBLY_USAGE_OCCURRENCE('110','=>[0:1:1:111]','',#5,#4560
  ,$);
#4570 = PRODUCT_RELATED_PRODUCT_CATEGORY('part',$,(#4562));
#4571 = ADVANCED_BREP_SHAPE_REPRESENTATION('',(#11,#4572),#4584);
#4572 = MANIFOLD_SOLID_BREP('',#4573);
#4573 = CLOSED_SHELL('',(#4574));
#4574 = ADVANCED_FACE('',(#4575),#4579,.T.);
#4575 = FACE_BOUND('',#4576,.T.);
#4576 = VERTEX_LOOP('',#4577);
#4577 = VERTEX_POINT('',#4578);
#4578 = CARTESIAN_POINT('',(1.071565949254E-17,-2.624579619658E-33,
    -0.175));
#4579 = SPHERICAL_SURFACE('',#4580,0.175);
#4580 = AXIS2_PLACEMENT_3D('',#4581,#4582,#4583);
#4581 = CARTESIAN_POINT('',(0.,0.,0.));
#4582 = DIRECTION('',(0.,0.,1.));
#4583 = DIRECTION('',(1.,0.,-0.));
#4584 = ( GEOMETRIC_REPRESENTATION_CONTEXT(3) 
GLOBAL_UNCERTAINTY_ASSIGNED_CONTEXT((#4588)) 
GLOBAL_UNIT_ASSIGNED_CONTEXT((#4585,#4586,#4587)) REPRESENTATION_CONTEXT
('Context #1','3D Context with UNIT and UNCERTAINTY') );
#4585 = ( LENGTH_UNIT() NAMED_UNIT(*) SI_UNIT(.MILLI.,.METRE.) );
#4586 = ( NAMED_UNIT(*) PLANE_ANGLE_UNIT() SI_UNIT($,.RADIAN.) );
#4587 = ( NAMED_UNIT(*) SI_UNIT($,.STERADIAN.) SOLID_ANGLE_UNIT() );
#4588 = UNCERTAINTY_MEASURE_WITH_UNIT(LENGTH_MEASURE(1.E-07),#4585,
  'distance_accuracy_value','confusion accuracy');
#4589 = SHAPE_DEFINITION_REPRESENTATION(#4590,#4571);
#4590 = PRODUCT_DEFINITION_SHAPE('','',#4591);
#4591 = PRODUCT_DEFINITION('design','',#4592,#4595);
#4592 = PRODUCT_DEFINITION_FORMATION('','',#4593);
#4593 = PRODUCT('G18','G18','',(#4594));
#4594 = PRODUCT_CONTEXT('',#2,'mechanical');
#4595 = PRODUCT_DEFINITION_CONTEXT('part definition',#2,'design');
#4596 = CONTEXT_DEPENDENT_SHAPE_REPRESENTATION(#4597,#4599);
#4597 = ( REPRESENTATION_RELATIONSHIP('','',#4571,#10) 
REPRESENTATION_RELATIONSHIP_WITH_TRANSFORMATION(#4598) 
SHAPE_REPRESENTATION_RELATIONSHIP() );
#4598 = ITEM_DEFINED_TRANSFORMATION('','',#11,#455);
#4599 = PRODUCT_DEFINITION_SHAPE('Placement','Placement of an item',
  #4600);
#4600 = NEXT_ASSEMBLY_USAGE_OCCURRENCE('111','=>[0:1:1:112]','',#5,#4591
  ,$);
#4601 = PRODUCT_RELATED_PRODUCT_CATEGORY('part',$,(#4593));
#4602 = ADVANCED_BREP_SHAPE_REPRESENTATION('',(#11,#4603),#4615);
#4603 = MANIFOLD_SOLID_BREP('',#4604);
#4604 = CLOSED_SHELL('',(#4605));
#4605 = ADVANCED_FACE('',(#4606),#4610,.T.);
#4606 = FACE_BOUND('',#4607,.T.);
#4607 = VERTEX_LOOP('',#4608);
#4608 = VERTEX_POINT('',#4609);
#4609 = CARTESIAN_POINT('',(1.071565949254E-17,-2.624579619658E-33,
    -0.175));
#4610 = SPHERICAL_SURFACE('',#4611,0.175);
#4611 = AXIS2_PLACEMENT_3D('',#4612,#4613,#4614);
#4612 = CARTESIAN_POINT('',(0.,0.,0.));
#4613 = DIRECTION('',(0.,0.,1.));
#4614 = DIRECTION('',(1.,0.,-0.));
#4615 = ( GEOMETRIC_REPRESENTATION_CONTEXT(3) 
GLOBAL_UNCERTAINTY_ASSIGNED_CONTEXT((#4619)) 
GLOBAL_UNIT_ASSIGNED_CONTEXT((#4616,#4617,#4618)) REPRESENTATION_CONTEXT
('Context #1','3D Context with UNIT and UNCERTAINTY') );
#4616 = ( LENGTH_UNIT() NAMED_UNIT(*) SI_UNIT(.MILLI.,.METRE.) );
#4617 = ( NAMED_UNIT(*) PLANE_ANGLE_UNIT() SI_UNIT($,.RADIAN.) );
#4618 = ( NAMED_UNIT(*) SI_UNIT($,.STERADIAN.) SOLID_ANGLE_UNIT() );
#4619 = UNCERTAINTY_MEASURE_WITH_UNIT(LENGTH_MEASURE(1.E-07),#4616,
  'distance_accuracy_value','confusion accuracy');
#4620 = SHAPE_DEFINITION_REPRESENTATION(#4621,#4602);
#4621 = PRODUCT_DEFINITION_SHAPE('','',#4622);
#4622 = PRODUCT_DEFINITION('design','',#4623,#4626);
#4623 = PRODUCT_DEFINITION_FORMATION('','',#4624);
#4624 = PRODUCT('G19','G19','',(#4625));
#4625 = PRODUCT_CONTEXT('',#2,'mechanical');
#4626 = PRODUCT_DEFINITION_CONTEXT('part definition',#2,'design');
#4627 = CONTEXT_DEPENDENT_SHAPE_REPRESENTATION(#4628,#4630);
#4628 = ( REPRESENTATION_RELATIONSHIP('','',#4602,#10) 
REPRESENTATION_RELATIONSHIP_WITH_TRANSFORMATION(#4629) 
SHAPE_REPRESENTATION_RELATIONSHIP() );
#4629 = ITEM_DEFINED_TRANSFORMATION('','',#11,#459);
#4630 = PRODUCT_DEFINITION_SHAPE('Placement','Placement of an item',
  #4631);
#4631 = NEXT_ASSEMBLY_USAGE_OCCURRENCE('112','=>[0:1:1:113]','',#5,#4622
  ,$);
#4632 = PRODUCT_RELATED_PRODUCT_CATEGORY('part',$,(#4624));
#4633 = ADVANCED_BREP_SHAPE_REPRESENTATION('',(#11,#4634),#4646);
#4634 = MANIFOLD_SOLID_BREP('',#4635);
#4635 = CLOSED_SHELL('',(#4636));
#4636 = ADVANCED_FACE('',(#4637),#4641,.T.);
#4637 = FACE_BOUND('',#4638,.T.);
#4638 = VERTEX_LOOP('',#4639);
#4639 = VERTEX_POINT('',#4640);
#4640 = CARTESIAN_POINT('',(1.071565949254E-17,-2.624579619658E-33,
    -0.175));
#4641 = SPHERICAL_SURFACE('',#4642,0.175);
#4642 = AXIS2_PLACEMENT_3D('',#4643,#4644,#4645);
#4643 = CARTESIAN_POINT('',(0.,0.,0.));
#4644 = DIRECTION('',(0.,0.,1.));
#4645 = DIRECTION('',(1.,0.,-0.));
#4646 = ( GEOMETRIC_REPRESENTATION_CONTEXT(3) 
GLOBAL_UNCERTAINTY_ASSIGNED_CONTEXT((#4650)) 
GLOBAL_UNIT_ASSIGNED_CONTEXT((#4647,#4648,#4649)) REPRESENTATION_CONTEXT
('Context #1','3D Context with UNIT and UNCERTAINTY') );
#4647 = ( LENGTH_UNIT() NAMED_UNIT(*) SI_UNIT(.MILLI.,.METRE.) );
#4648 = ( NAMED_UNIT(*) PLANE_ANGLE_UNIT() SI_UNIT($,.RADIAN.) );
#4649 = ( NAMED_UNIT(*) SI_UNIT($,.STERADIAN.) SOLID_ANGLE_UNIT() );
#4650 = UNCERTAINTY_MEASURE_WITH_UNIT(LENGTH_MEASURE(1.E-07),#4647,
  'distance_accuracy_value','confusion accuracy');
#4651 = SHAPE_DEFINITION_REPRESENTATION(#4652,#4633);
#4652 = PRODUCT_DEFINITION_SHAPE('','',#4653);
#4653 = PRODUCT_DEFINITION('design','',#4654,#4657);
#4654 = PRODUCT_DEFINITION_FORMATION('','',#4655);
#4655 = PRODUCT('G20','G20','',(#4656));
#4656 = PRODUCT_CONTEXT('',#2,'mechanical');
#4657 = PRODUCT_DEFINITION_CONTEXT('part definition',#2,'design');
#4658 = CONTEXT_DEPENDENT_SHAPE_REPRESENTATION(#4659,#4661);
#4659 = ( REPRESENTATION_RELATIONSHIP('','',#4633,#10) 
REPRESENTATION_RELATIONSHIP_WITH_TRANSFORMATION(#4660) 
SHAPE_REPRESENTATION_RELATIONSHIP() );
#4660 = ITEM_DEFINED_TRANSFORMATION('','',#11,#463);
#4661 = PRODUCT_DEFINITION_SHAPE('Placement','Placement of an item',
  #4662);
#4662 = NEXT_ASSEMBLY_USAGE_OCCURRENCE('113','=>[0:1:1:114]','',#5,#4653
  ,$);
#4663 = PRODUCT_RELATED_PRODUCT_CATEGORY('part',$,(#4655));
#4664 = ADVANCED_BREP_SHAPE_REPRESENTATION('',(#11,#4665),#4677);
#4665 = MANIFOLD_SOLID_BREP('',#4666);
#4666 = CLOSED_SHELL('',(#4667));
#4667 = ADVANCED_FACE('',(#4668),#4672,.T.);
#4668 = FACE_BOUND('',#4669,.T.);
#4669 = VERTEX_LOOP('',#4670);
#4670 = VERTEX_POINT('',#4671);
#4671 = CARTESIAN_POINT('',(1.071565949254E-17,-2.624579619658E-33,
    -0.175));
#4672 = SPHERICAL_SURFACE('',#4673,0.175);
#4673 = AXIS2_PLACEMENT_3D('',#4674,#4675,#4676);
#4674 = CARTESIAN_POINT('',(0.,0.,0.));
#4675 = DIRECTION('',(0.,0.,1.));
#4676 = DIRECTION('',(1.,0.,-0.));
#4677 = ( GEOMETRIC_REPRESENTATION_CONTEXT(3) 
GLOBAL_UNCERTAINTY_ASSIGNED_CONTEXT((#4681)) 
GLOBAL_UNIT_ASSIGNED_CONTEXT((#4678,#4679,#4680)) REPRESENTATION_CONTEXT
('Context #1','3D Context with UNIT and UNCERTAINTY') );
#4678 = ( LENGTH_UNIT() NAMED_UNIT(*) SI_UNIT(.MILLI.,.METRE.) );
#4679 = ( NAMED_UNIT(*) PLANE_ANGLE_UNIT() SI_UNIT($,.RADIAN.) );
#4680 = ( NAMED_UNIT(*) SI_UNIT($,.STERADIAN.) SOLID_ANGLE_UNIT() );
#4681 = UNCERTAINTY_MEASURE_WITH_UNIT(LENGTH_MEASURE(1.E-07),#4678,
  'distance_accuracy_value','confusion accuracy');
#4682 = SHAPE_DEFINITION_REPRESENTATION(#4683,#4664);
#4683 = PRODUCT_DEFINITION_SHAPE('','',#4684);
#4684 = PRODUCT_DEFINITION('design','',#4685,#4688);
#4685 = PRODUCT_DEFINITION_FORMATION('','',#4686);
#4686 = PRODUCT('G21','G21','',(#4687));
#4687 = PRODUCT_CONTEXT('',#2,'mechanical');
#4688 = PRODUCT_DEFINITION_CONTEXT('part definition',#2,'design');
#4689 = CONTEXT_DEPENDENT_SHAPE_REPRESENTATION(#4690,#4692);
#4690 = ( REPRESENTATION_RELATIONSHIP('','',#4664,#10) 
REPRESENTATION_RELATIONSHIP_WITH_TRANSFORMATION(#4691) 
SHAPE_REPRESENTATION_RELATIONSHIP() );
#4691 = ITEM_DEFINED_TRANSFORMATION('','',#11,#467);
#4692 = PRODUCT_DEFINITION_SHAPE('Placement','Placement of an item',
  #4693);
#4693 = NEXT_ASSEMBLY_USAGE_OCCURRENCE('114','=>[0:1:1:115]','',#5,#4684
  ,$);
#4694 = PRODUCT_RELATED_PRODUCT_CATEGORY('part',$,(#4686));
#4695 = ADVANCED_BREP_SHAPE_REPRESENTATION('',(#11,#4696),#4708);
#4696 = MANIFOLD_SOLID_BREP('',#4697);
#4697 = CLOSED_SHELL('',(#4698));
#4698 = ADVANCED_FACE('',(#4699),#4703,.T.);
#4699 = FACE_BOUND('',#4700,.T.);
#4700 = VERTEX_LOOP('',#4701);
#4701 = VERTEX_POINT('',#4702);
#4702 = CARTESIAN_POINT('',(1.071565949254E-17,-2.624579619658E-33,
    -0.175));
#4703 = SPHERICAL_SURFACE('',#4704,0.175);
#4704 = AXIS2_PLACEMENT_3D('',#4705,#4706,#4707);
#4705 = CARTESIAN_POINT('',(0.,0.,0.));
#4706 = DIRECTION('',(0.,0.,1.));
#4707 = DIRECTION('',(1.,0.,-0.));
#4708 = ( GEOMETRIC_REPRESENTATION_CONTEXT(3) 
GLOBAL_UNCERTAINTY_ASSIGNED_CONTEXT((#4712)) 
GLOBAL_UNIT_ASSIGNED_CONTEXT((#4709,#4710,#4711)) REPRESENTATION_CONTEXT
('Context #1','3D Context with UNIT and UNCERTAINTY') );
#4709 = ( LENGTH_UNIT() NAMED_UNIT(*) SI_UNIT(.MILLI.,.METRE.) );
#4710 = ( NAMED_UNIT(*) PLANE_ANGLE_UNIT() SI_UNIT($,.RADIAN.) );
#4711 = ( NAMED_UNIT(*) SI_UNIT($,.STERADIAN.) SOLID_ANGLE_UNIT() );
#4712 = UNCERTAINTY_MEASURE_WITH_UNIT(LENGTH_MEASURE(1.E-07),#4709,
  'distance_accuracy_value','confusion accuracy');
#4713 = SHAPE_DEFINITION_REPRESENTATION(#4714,#4695);
#4714 = PRODUCT_DEFINITION_SHAPE('','',#4715);
#4715 = PRODUCT_DEFINITION('design','',#4716,#4719);
#4716 = PRODUCT_DEFINITION_FORMATION('','',#4717);
#4717 = PRODUCT('H1','H1','',(#4718));
#4718 = PRODUCT_CONTEXT('',#2,'mechanical');
#4719 = PRODUCT_DEFINITION_CONTEXT('part definition',#2,'design');
#4720 = CONTEXT_DEPENDENT_SHAPE_REPRESENTATION(#4721,#4723);
#4721 = ( REPRESENTATION_RELATIONSHIP('','',#4695,#10) 
REPRESENTATION_RELATIONSHIP_WITH_TRANSFORMATION(#4722) 
SHAPE_REPRESENTATION_RELATIONSHIP() );
#4722 = ITEM_DEFINED_TRANSFORMATION('','',#11,#471);
#4723 = PRODUCT_DEFINITION_SHAPE('Placement','Placement of an item',
  #4724);
#4724 = NEXT_ASSEMBLY_USAGE_OCCURRENCE('115','=>[0:1:1:116]','',#5,#4715
  ,$);
#4725 = PRODUCT_RELATED_PRODUCT_CATEGORY('part',$,(#4717));
#4726 = ADVANCED_BREP_SHAPE_REPRESENTATION('',(#11,#4727),#4739);
#4727 = MANIFOLD_SOLID_BREP('',#4728);
#4728 = CLOSED_SHELL('',(#4729));
#4729 = ADVANCED_FACE('',(#4730),#4734,.T.);
#4730 = FACE_BOUND('',#4731,.T.);
#4731 = VERTEX_LOOP('',#4732);
#4732 = VERTEX_POINT('',#4733);
#4733 = CARTESIAN_POINT('',(1.071565949254E-17,-2.624579619658E-33,
    -0.175));
#4734 = SPHERICAL_SURFACE('',#4735,0.175);
#4735 = AXIS2_PLACEMENT_3D('',#4736,#4737,#4738);
#4736 = CARTESIAN_POINT('',(0.,0.,0.));
#4737 = DIRECTION('',(0.,0.,1.));
#4738 = DIRECTION('',(1.,0.,-0.));
#4739 = ( GEOMETRIC_REPRESENTATION_CONTEXT(3) 
GLOBAL_UNCERTAINTY_ASSIGNED_CONTEXT((#4743)) 
GLOBAL_UNIT_ASSIGNED_CONTEXT((#4740,#4741,#4742)) REPRESENTATION_CONTEXT
('Context #1','3D Context with UNIT and UNCERTAINTY') );
#4740 = ( LENGTH_UNIT() NAMED_UNIT(*) SI_UNIT(.MILLI.,.METRE.) );
#4741 = ( NAMED_UNIT(*) PLANE_ANGLE_UNIT() SI_UNIT($,.RADIAN.) );
#4742 = ( NAMED_UNIT(*) SI_UNIT($,.STERADIAN.) SOLID_ANGLE_UNIT() );
#4743 = UNCERTAINTY_MEASURE_WITH_UNIT(LENGTH_MEASURE(1.E-07),#4740,
  'distance_accuracy_value','confusion accuracy');
#4744 = SHAPE_DEFINITION_REPRESENTATION(#4745,#4726);
#4745 = PRODUCT_DEFINITION_SHAPE('','',#4746);
#4746 = PRODUCT_DEFINITION('design','',#4747,#4750);
#4747 = PRODUCT_DEFINITION_FORMATION('','',#4748);
#4748 = PRODUCT('H2','H2','',(#4749));
#4749 = PRODUCT_CONTEXT('',#2,'mechanical');
#4750 = PRODUCT_DEFINITION_CONTEXT('part definition',#2,'design');
#4751 = CONTEXT_DEPENDENT_SHAPE_REPRESENTATION(#4752,#4754);
#4752 = ( REPRESENTATION_RELATIONSHIP('','',#4726,#10) 
REPRESENTATION_RELATIONSHIP_WITH_TRANSFORMATION(#4753) 
SHAPE_REPRESENTATION_RELATIONSHIP() );
#4753 = ITEM_DEFINED_TRANSFORMATION('','',#11,#475);
#4754 = PRODUCT_DEFINITION_SHAPE('Placement','Placement of an item',
  #4755);
#4755 = NEXT_ASSEMBLY_USAGE_OCCURRENCE('116','=>[0:1:1:117]','',#5,#4746
  ,$);
#4756 = PRODUCT_RELATED_PRODUCT_CATEGORY('part',$,(#4748));
#4757 = ADVANCED_BREP_SHAPE_REPRESENTATION('',(#11,#4758),#4770);
#4758 = MANIFOLD_SOLID_BREP('',#4759);
#4759 = CLOSED_SHELL('',(#4760));
#4760 = ADVANCED_FACE('',(#4761),#4765,.T.);
#4761 = FACE_BOUND('',#4762,.T.);
#4762 = VERTEX_LOOP('',#4763);
#4763 = VERTEX_POINT('',#4764);
#4764 = CARTESIAN_POINT('',(1.071565949254E-17,-2.624579619658E-33,
    -0.175));
#4765 = SPHERICAL_SURFACE('',#4766,0.175);
#4766 = AXIS2_PLACEMENT_3D('',#4767,#4768,#4769);
#4767 = CARTESIAN_POINT('',(0.,0.,0.));
#4768 = DIRECTION('',(0.,0.,1.));
#4769 = DIRECTION('',(1.,0.,-0.));
#4770 = ( GEOMETRIC_REPRESENTATION_CONTEXT(3) 
GLOBAL_UNCERTAINTY_ASSIGNED_CONTEXT((#4774)) 
GLOBAL_UNIT_ASSIGNED_CONTEXT((#4771,#4772,#4773)) REPRESENTATION_CONTEXT
('Context #1','3D Context with UNIT and UNCERTAINTY') );
#4771 = ( LENGTH_UNIT() NAMED_UNIT(*) SI_UNIT(.MILLI.,.METRE.) );
#4772 = ( NAMED_UNIT(*) PLANE_ANGLE_UNIT() SI_UNIT($,.RADIAN.) );
#4773 = ( NAMED_UNIT(*) SI_UNIT($,.STERADIAN.) SOLID_ANGLE_UNIT() );
#4774 = UNCERTAINTY_MEASURE_WITH_UNIT(LENGTH_MEASURE(1.E-07),#4771,
  'distance_accuracy_value','confusion accuracy');
#4775 = SHAPE_DEFINITION_REPRESENTATION(#4776,#4757);
#4776 = PRODUCT_DEFINITION_SHAPE('','',#4777);
#4777 = PRODUCT_DEFINITION('design','',#4778,#4781);
#4778 = PRODUCT_DEFINITION_FORMATION('','',#4779);
#4779 = PRODUCT('H3','H3','',(#4780));
#4780 = PRODUCT_CONTEXT('',#2,'mechanical');
#4781 = PRODUCT_DEFINITION_CONTEXT('part definition',#2,'design');
#4782 = CONTEXT_DEPENDENT_SHAPE_REPRESENTATION(#4783,#4785);
#4783 = ( REPRESENTATION_RELATIONSHIP('','',#4757,#10) 
REPRESENTATION_RELATIONSHIP_WITH_TRANSFORMATION(#4784) 
SHAPE_REPRESENTATION_RELATIONSHIP() );
#4784 = ITEM_DEFINED_TRANSFORMATION('','',#11,#479);
#4785 = PRODUCT_DEFINITION_SHAPE('Placement','Placement of an item',
  #4786);
#4786 = NEXT_ASSEMBLY_USAGE_OCCURRENCE('117','=>[0:1:1:118]','',#5,#4777
  ,$);
#4787 = PRODUCT_RELATED_PRODUCT_CATEGORY('part',$,(#4779));
#4788 = ADVANCED_BREP_SHAPE_REPRESENTATION('',(#11,#4789),#4801);
#4789 = MANIFOLD_SOLID_BREP('',#4790);
#4790 = CLOSED_SHELL('',(#4791));
#4791 = ADVANCED_FACE('',(#4792),#4796,.T.);
#4792 = FACE_BOUND('',#4793,.T.);
#4793 = VERTEX_LOOP('',#4794);
#4794 = VERTEX_POINT('',#4795);
#4795 = CARTESIAN_POINT('',(1.071565949254E-17,-2.624579619658E-33,
    -0.175));
#4796 = SPHERICAL_SURFACE('',#4797,0.175);
#4797 = AXIS2_PLACEMENT_3D('',#4798,#4799,#4800);
#4798 = CARTESIAN_POINT('',(0.,0.,0.));
#4799 = DIRECTION('',(0.,0.,1.));
#4800 = DIRECTION('',(1.,0.,-0.));
#4801 = ( GEOMETRIC_REPRESENTATION_CONTEXT(3) 
GLOBAL_UNCERTAINTY_ASSIGNED_CONTEXT((#4805)) 
GLOBAL_UNIT_ASSIGNED_CONTEXT((#4802,#4803,#4804)) REPRESENTATION_CONTEXT
('Context #1','3D Context with UNIT and UNCERTAINTY') );
#4802 = ( LENGTH_UNIT() NAMED_UNIT(*) SI_UNIT(.MILLI.,.METRE.) );
#4803 = ( NAMED_UNIT(*) PLANE_ANGLE_UNIT() SI_UNIT($,.RADIAN.) );
#4804 = ( NAMED_UNIT(*) SI_UNIT($,.STERADIAN.) SOLID_ANGLE_UNIT() );
#4805 = UNCERTAINTY_MEASURE_WITH_UNIT(LENGTH_MEASURE(1.E-07),#4802,
  'distance_accuracy_value','confusion accuracy');
#4806 = SHAPE_DEFINITION_REPRESENTATION(#4807,#4788);
#4807 = PRODUCT_DEFINITION_SHAPE('','',#4808);
#4808 = PRODUCT_DEFINITION('design','',#4809,#4812);
#4809 = PRODUCT_DEFINITION_FORMATION('','',#4810);
#4810 = PRODUCT('H4','H4','',(#4811));
#4811 = PRODUCT_CONTEXT('',#2,'mechanical');
#4812 = PRODUCT_DEFINITION_CONTEXT('part definition',#2,'design');
#4813 = CONTEXT_DEPENDENT_SHAPE_REPRESENTATION(#4814,#4816);
#4814 = ( REPRESENTATION_RELATIONSHIP('','',#4788,#10) 
REPRESENTATION_RELATIONSHIP_WITH_TRANSFORMATION(#4815) 
SHAPE_REPRESENTATION_RELATIONSHIP() );
#4815 = ITEM_DEFINED_TRANSFORMATION('','',#11,#483);
#4816 = PRODUCT_DEFINITION_SHAPE('Placement','Placement of an item',
  #4817);
#4817 = NEXT_ASSEMBLY_USAGE_OCCURRENCE('118','=>[0:1:1:119]','',#5,#4808
  ,$);
#4818 = PRODUCT_RELATED_PRODUCT_CATEGORY('part',$,(#4810));
#4819 = ADVANCED_BREP_SHAPE_REPRESENTATION('',(#11,#4820),#4832);
#4820 = MANIFOLD_SOLID_BREP('',#4821);
#4821 = CLOSED_SHELL('',(#4822));
#4822 = ADVANCED_FACE('',(#4823),#4827,.T.);
#4823 = FACE_BOUND('',#4824,.T.);
#4824 = VERTEX_LOOP('',#4825);
#4825 = VERTEX_POINT('',#4826);
#4826 = CARTESIAN_POINT('',(1.071565949254E-17,-2.624579619658E-33,
    -0.175));
#4827 = SPHERICAL_SURFACE('',#4828,0.175);
#4828 = AXIS2_PLACEMENT_3D('',#4829,#4830,#4831);
#4829 = CARTESIAN_POINT('',(0.,0.,0.));
#4830 = DIRECTION('',(0.,0.,1.));
#4831 = DIRECTION('',(1.,0.,-0.));
#4832 = ( GEOMETRIC_REPRESENTATION_CONTEXT(3) 
GLOBAL_UNCERTAINTY_ASSIGNED_CONTEXT((#4836)) 
GLOBAL_UNIT_ASSIGNED_CONTEXT((#4833,#4834,#4835)) REPRESENTATION_CONTEXT
('Context #1','3D Context with UNIT and UNCERTAINTY') );
#4833 = ( LENGTH_UNIT() NAMED_UNIT(*) SI_UNIT(.MILLI.,.METRE.) );
#4834 = ( NAMED_UNIT(*) PLANE_ANGLE_UNIT() SI_UNIT($,.RADIAN.) );
#4835 = ( NAMED_UNIT(*) SI_UNIT($,.STERADIAN.) SOLID_ANGLE_UNIT() );
#4836 = UNCERTAINTY_MEASURE_WITH_UNIT(LENGTH_MEASURE(1.E-07),#4833,
  'distance_accuracy_value','confusion accuracy');
#4837 = SHAPE_DEFINITION_REPRESENTATION(#4838,#4819);
#4838 = PRODUCT_DEFINITION_SHAPE('','',#4839);
#4839 = PRODUCT_DEFINITION('design','',#4840,#4843);
#4840 = PRODUCT_DEFINITION_FORMATION('','',#4841);
#4841 = PRODUCT('H5','H5','',(#4842));
#4842 = PRODUCT_CONTEXT('',#2,'mechanical');
#4843 = PRODUCT_DEFINITION_CONTEXT('part definition',#2,'design');
#4844 = CONTEXT_DEPENDENT_SHAPE_REPRESENTATION(#4845,#4847);
#4845 = ( REPRESENTATION_RELATIONSHIP('','',#4819,#10) 
REPRESENTATION_RELATIONSHIP_WITH_TRANSFORMATION(#4846) 
SHAPE_REPRESENTATION_RELATIONSHIP() );
#4846 = ITEM_DEFINED_TRANSFORMATION('','',#11,#487);
#4847 = PRODUCT_DEFINITION_SHAPE('Placement','Placement of an item',
  #4848);
#4848 = NEXT_ASSEMBLY_USAGE_OCCURRENCE('119','=>[0:1:1:120]','',#5,#4839
  ,$);
#4849 = PRODUCT_RELATED_PRODUCT_CATEGORY('part',$,(#4841));
#4850 = ADVANCED_BREP_SHAPE_REPRESENTATION('',(#11,#4851),#4863);
#4851 = MANIFOLD_SOLID_BREP('',#4852);
#4852 = CLOSED_SHELL('',(#4853));
#4853 = ADVANCED_FACE('',(#4854),#4858,.T.);
#4854 = FACE_BOUND('',#4855,.T.);
#4855 = VERTEX_LOOP('',#4856);
#4856 = VERTEX_POINT('',#4857);
#4857 = CARTESIAN_POINT('',(1.071565949254E-17,-2.624579619658E-33,
    -0.175));
#4858 = SPHERICAL_SURFACE('',#4859,0.175);
#4859 = AXIS2_PLACEMENT_3D('',#4860,#4861,#4862);
#4860 = CARTESIAN_POINT('',(0.,0.,0.));
#4861 = DIRECTION('',(0.,0.,1.));
#4862 = DIRECTION('',(1.,0.,-0.));
#4863 = ( GEOMETRIC_REPRESENTATION_CONTEXT(3) 
GLOBAL_UNCERTAINTY_ASSIGNED_CONTEXT((#4867)) 
GLOBAL_UNIT_ASSIGNED_CONTEXT((#4864,#4865,#4866)) REPRESENTATION_CONTEXT
('Context #1','3D Context with UNIT and UNCERTAINTY') );
#4864 = ( LENGTH_UNIT() NAMED_UNIT(*) SI_UNIT(.MILLI.,.METRE.) );
#4865 = ( NAMED_UNIT(*) PLANE_ANGLE_UNIT() SI_UNIT($,.RADIAN.) );
#4866 = ( NAMED_UNIT(*) SI_UNIT($,.STERADIAN.) SOLID_ANGLE_UNIT() );
#4867 = UNCERTAINTY_MEASURE_WITH_UNIT(LENGTH_MEASURE(1.E-07),#4864,
  'distance_accuracy_value','confusion accuracy');
#4868 = SHAPE_DEFINITION_REPRESENTATION(#4869,#4850);
#4869 = PRODUCT_DEFINITION_SHAPE('','',#4870);
#4870 = PRODUCT_DEFINITION('design','',#4871,#4874);
#4871 = PRODUCT_DEFINITION_FORMATION('','',#4872);
#4872 = PRODUCT('H6','H6','',(#4873));
#4873 = PRODUCT_CONTEXT('',#2,'mechanical');
#4874 = PRODUCT_DEFINITION_CONTEXT('part definition',#2,'design');
#4875 = CONTEXT_DEPENDENT_SHAPE_REPRESENTATION(#4876,#4878);
#4876 = ( REPRESENTATION_RELATIONSHIP('','',#4850,#10) 
REPRESENTATION_RELATIONSHIP_WITH_TRANSFORMATION(#4877) 
SHAPE_REPRESENTATION_RELATIONSHIP() );
#4877 = ITEM_DEFINED_TRANSFORMATION('','',#11,#491);
#4878 = PRODUCT_DEFINITION_SHAPE('Placement','Placement of an item',
  #4879);
#4879 = NEXT_ASSEMBLY_USAGE_OCCURRENCE('120','=>[0:1:1:121]','',#5,#4870
  ,$);
#4880 = PRODUCT_RELATED_PRODUCT_CATEGORY('part',$,(#4872));
#4881 = ADVANCED_BREP_SHAPE_REPRESENTATION('',(#11,#4882),#4894);
#4882 = MANIFOLD_SOLID_BREP('',#4883);
#4883 = CLOSED_SHELL('',(#4884));
#4884 = ADVANCED_FACE('',(#4885),#4889,.T.);
#4885 = FACE_BOUND('',#4886,.T.);
#4886 = VERTEX_LOOP('',#4887);
#4887 = VERTEX_POINT('',#4888);
#4888 = CARTESIAN_POINT('',(1.071565949254E-17,-2.624579619658E-33,
    -0.175));
#4889 = SPHERICAL_SURFACE('',#4890,0.175);
#4890 = AXIS2_PLACEMENT_3D('',#4891,#4892,#4893);
#4891 = CARTESIAN_POINT('',(0.,0.,0.));
#4892 = DIRECTION('',(0.,0.,1.));
#4893 = DIRECTION('',(1.,0.,-0.));
#4894 = ( GEOMETRIC_REPRESENTATION_CONTEXT(3) 
GLOBAL_UNCERTAINTY_ASSIGNED_CONTEXT((#4898)) 
GLOBAL_UNIT_ASSIGNED_CONTEXT((#4895,#4896,#4897)) REPRESENTATION_CONTEXT
('Context #1','3D Context with UNIT and UNCERTAINTY') );
#4895 = ( LENGTH_UNIT() NAMED_UNIT(*) SI_UNIT(.MILLI.,.METRE.) );
#4896 = ( NAMED_UNIT(*) PLANE_ANGLE_UNIT() SI_UNIT($,.RADIAN.) );
#4897 = ( NAMED_UNIT(*) SI_UNIT($,.STERADIAN.) SOLID_ANGLE_UNIT() );
#4898 = UNCERTAINTY_MEASURE_WITH_UNIT(LENGTH_MEASURE(1.E-07),#4895,
  'distance_accuracy_value','confusion accuracy');
#4899 = SHAPE_DEFINITION_REPRESENTATION(#4900,#4881);
#4900 = PRODUCT_DEFINITION_SHAPE('','',#4901);
#4901 = PRODUCT_DEFINITION('design','',#4902,#4905);
#4902 = PRODUCT_DEFINITION_FORMATION('','',#4903);
#4903 = PRODUCT('H8','H8','',(#4904));
#4904 = PRODUCT_CONTEXT('',#2,'mechanical');
#4905 = PRODUCT_DEFINITION_CONTEXT('part definition',#2,'design');
#4906 = CONTEXT_DEPENDENT_SHAPE_REPRESENTATION(#4907,#4909);
#4907 = ( REPRESENTATION_RELATIONSHIP('','',#4881,#10) 
REPRESENTATION_RELATIONSHIP_WITH_TRANSFORMATION(#4908) 
SHAPE_REPRESENTATION_RELATIONSHIP() );
#4908 = ITEM_DEFINED_TRANSFORMATION('','',#11,#495);
#4909 = PRODUCT_DEFINITION_SHAPE('Placement','Placement of an item',
  #4910);
#4910 = NEXT_ASSEMBLY_USAGE_OCCURRENCE('121','=>[0:1:1:122]','',#5,#4901
  ,$);
#4911 = PRODUCT_RELATED_PRODUCT_CATEGORY('part',$,(#4903));
#4912 = ADVANCED_BREP_SHAPE_REPRESENTATION('',(#11,#4913),#4925);
#4913 = MANIFOLD_SOLID_BREP('',#4914);
#4914 = CLOSED_SHELL('',(#4915));
#4915 = ADVANCED_FACE('',(#4916),#4920,.T.);
#4916 = FACE_BOUND('',#4917,.T.);
#4917 = VERTEX_LOOP('',#4918);
#4918 = VERTEX_POINT('',#4919);
#4919 = CARTESIAN_POINT('',(1.071565949254E-17,-2.624579619658E-33,
    -0.175));
#4920 = SPHERICAL_SURFACE('',#4921,0.175);
#4921 = AXIS2_PLACEMENT_3D('',#4922,#4923,#4924);
#4922 = CARTESIAN_POINT('',(0.,0.,0.));
#4923 = DIRECTION('',(0.,0.,1.));
#4924 = DIRECTION('',(1.,0.,-0.));
#4925 = ( GEOMETRIC_REPRESENTATION_CONTEXT(3) 
GLOBAL_UNCERTAINTY_ASSIGNED_CONTEXT((#4929)) 
GLOBAL_UNIT_ASSIGNED_CONTEXT((#4926,#4927,#4928)) REPRESENTATION_CONTEXT
('Context #1','3D Context with UNIT and UNCERTAINTY') );
#4926 = ( LENGTH_UNIT() NAMED_UNIT(*) SI_UNIT(.MILLI.,.METRE.) );
#4927 = ( NAMED_UNIT(*) PLANE_ANGLE_UNIT() SI_UNIT($,.RADIAN.) );
#4928 = ( NAMED_UNIT(*) SI_UNIT($,.STERADIAN.) SOLID_ANGLE_UNIT() );
#4929 = UNCERTAINTY_MEASURE_WITH_UNIT(LENGTH_MEASURE(1.E-07),#4926,
  'distance_accuracy_value','confusion accuracy');
#4930 = SHAPE_DEFINITION_REPRESENTATION(#4931,#4912);
#4931 = PRODUCT_DEFINITION_SHAPE('','',#4932);
#4932 = PRODUCT_DEFINITION('design','',#4933,#4936);
#4933 = PRODUCT_DEFINITION_FORMATION('','',#4934);
#4934 = PRODUCT('H9','H9','',(#4935));
#4935 = PRODUCT_CONTEXT('',#2,'mechanical');
#4936 = PRODUCT_DEFINITION_CONTEXT('part definition',#2,'design');
#4937 = CONTEXT_DEPENDENT_SHAPE_REPRESENTATION(#4938,#4940);
#4938 = ( REPRESENTATION_RELATIONSHIP('','',#4912,#10) 
REPRESENTATION_RELATIONSHIP_WITH_TRANSFORMATION(#4939) 
SHAPE_REPRESENTATION_RELATIONSHIP() );
#4939 = ITEM_DEFINED_TRANSFORMATION('','',#11,#499);
#4940 = PRODUCT_DEFINITION_SHAPE('Placement','Placement of an item',
  #4941);
#4941 = NEXT_ASSEMBLY_USAGE_OCCURRENCE('122','=>[0:1:1:123]','',#5,#4932
  ,$);
#4942 = PRODUCT_RELATED_PRODUCT_CATEGORY('part',$,(#4934));
#4943 = ADVANCED_BREP_SHAPE_REPRESENTATION('',(#11,#4944),#4956);
#4944 = MANIFOLD_SOLID_BREP('',#4945);
#4945 = CLOSED_SHELL('',(#4946));
#4946 = ADVANCED_FACE('',(#4947),#4951,.T.);
#4947 = FACE_BOUND('',#4948,.T.);
#4948 = VERTEX_LOOP('',#4949);
#4949 = VERTEX_POINT('',#4950);
#4950 = CARTESIAN_POINT('',(1.071565949254E-17,-2.624579619658E-33,
    -0.175));
#4951 = SPHERICAL_SURFACE('',#4952,0.175);
#4952 = AXIS2_PLACEMENT_3D('',#4953,#4954,#4955);
#4953 = CARTESIAN_POINT('',(0.,0.,0.));
#4954 = DIRECTION('',(0.,0.,1.));
#4955 = DIRECTION('',(1.,0.,-0.));
#4956 = ( GEOMETRIC_REPRESENTATION_CONTEXT(3) 
GLOBAL_UNCERTAINTY_ASSIGNED_CONTEXT((#4960)) 
GLOBAL_UNIT_ASSIGNED_CONTEXT((#4957,#4958,#4959)) REPRESENTATION_CONTEXT
('Context #1','3D Context with UNIT and UNCERTAINTY') );
#4957 = ( LENGTH_UNIT() NAMED_UNIT(*) SI_UNIT(.MILLI.,.METRE.) );
#4958 = ( NAMED_UNIT(*) PLANE_ANGLE_UNIT() SI_UNIT($,.RADIAN.) );
#4959 = ( NAMED_UNIT(*) SI_UNIT($,.STERADIAN.) SOLID_ANGLE_UNIT() );
#4960 = UNCERTAINTY_MEASURE_WITH_UNIT(LENGTH_MEASURE(1.E-07),#4957,
  'distance_accuracy_value','confusion accuracy');
#4961 = SHAPE_DEFINITION_REPRESENTATION(#4962,#4943);
#4962 = PRODUCT_DEFINITION_SHAPE('','',#4963);
#4963 = PRODUCT_DEFINITION('design','',#4964,#4967);
#4964 = PRODUCT_DEFINITION_FORMATION('','',#4965);
#4965 = PRODUCT('H10','H10','',(#4966));
#4966 = PRODUCT_CONTEXT('',#2,'mechanical');
#4967 = PRODUCT_DEFINITION_CONTEXT('part definition',#2,'design');
#4968 = CONTEXT_DEPENDENT_SHAPE_REPRESENTATION(#4969,#4971);
#4969 = ( REPRESENTATION_RELATIONSHIP('','',#4943,#10) 
REPRESENTATION_RELATIONSHIP_WITH_TRANSFORMATION(#4970) 
SHAPE_REPRESENTATION_RELATIONSHIP() );
#4970 = ITEM_DEFINED_TRANSFORMATION('','',#11,#503);
#4971 = PRODUCT_DEFINITION_SHAPE('Placement','Placement of an item',
  #4972);
#4972 = NEXT_ASSEMBLY_USAGE_OCCURRENCE('123','=>[0:1:1:124]','',#5,#4963
  ,$);
#4973 = PRODUCT_RELATED_PRODUCT_CATEGORY('part',$,(#4965));
#4974 = ADVANCED_BREP_SHAPE_REPRESENTATION('',(#11,#4975),#4987);
#4975 = MANIFOLD_SOLID_BREP('',#4976);
#4976 = CLOSED_SHELL('',(#4977));
#4977 = ADVANCED_FACE('',(#4978),#4982,.T.);
#4978 = FACE_BOUND('',#4979,.T.);
#4979 = VERTEX_LOOP('',#4980);
#4980 = VERTEX_POINT('',#4981);
#4981 = CARTESIAN_POINT('',(1.071565949254E-17,-2.624579619658E-33,
    -0.175));
#4982 = SPHERICAL_SURFACE('',#4983,0.175);
#4983 = AXIS2_PLACEMENT_3D('',#4984,#4985,#4986);
#4984 = CARTESIAN_POINT('',(0.,0.,0.));
#4985 = DIRECTION('',(0.,0.,1.));
#4986 = DIRECTION('',(1.,0.,-0.));
#4987 = ( GEOMETRIC_REPRESENTATION_CONTEXT(3) 
GLOBAL_UNCERTAINTY_ASSIGNED_CONTEXT((#4991)) 
GLOBAL_UNIT_ASSIGNED_CONTEXT((#4988,#4989,#4990)) REPRESENTATION_CONTEXT
('Context #1','3D Context with UNIT and UNCERTAINTY') );
#4988 = ( LENGTH_UNIT() NAMED_UNIT(*) SI_UNIT(.MILLI.,.METRE.) );
#4989 = ( NAMED_UNIT(*) PLANE_ANGLE_UNIT() SI_UNIT($,.RADIAN.) );
#4990 = ( NAMED_UNIT(*) SI_UNIT($,.STERADIAN.) SOLID_ANGLE_UNIT() );
#4991 = UNCERTAINTY_MEASURE_WITH_UNIT(LENGTH_MEASURE(1.E-07),#4988,
  'distance_accuracy_value','confusion accuracy');
#4992 = SHAPE_DEFINITION_REPRESENTATION(#4993,#4974);
#4993 = PRODUCT_DEFINITION_SHAPE('','',#4994);
#4994 = PRODUCT_DEFINITION('design','',#4995,#4998);
#4995 = PRODUCT_DEFINITION_FORMATION('','',#4996);
#4996 = PRODUCT('H11','H11','',(#4997));
#4997 = PRODUCT_CONTEXT('',#2,'mechanical');
#4998 = PRODUCT_DEFINITION_CONTEXT('part definition',#2,'design');
#4999 = CONTEXT_DEPENDENT_SHAPE_REPRESENTATION(#5000,#5002);
#5000 = ( REPRESENTATION_RELATIONSHIP('','',#4974,#10) 
REPRESENTATION_RELATIONSHIP_WITH_TRANSFORMATION(#5001) 
SHAPE_REPRESENTATION_RELATIONSHIP() );
#5001 = ITEM_DEFINED_TRANSFORMATION('','',#11,#507);
#5002 = PRODUCT_DEFINITION_SHAPE('Placement','Placement of an item',
  #5003);
#5003 = NEXT_ASSEMBLY_USAGE_OCCURRENCE('124','=>[0:1:1:125]','',#5,#4994
  ,$);
#5004 = PRODUCT_RELATED_PRODUCT_CATEGORY('part',$,(#4996));
#5005 = ADVANCED_BREP_SHAPE_REPRESENTATION('',(#11,#5006),#5018);
#5006 = MANIFOLD_SOLID_BREP('',#5007);
#5007 = CLOSED_SHELL('',(#5008));
#5008 = ADVANCED_FACE('',(#5009),#5013,.T.);
#5009 = FACE_BOUND('',#5010,.T.);
#5010 = VERTEX_LOOP('',#5011);
#5011 = VERTEX_POINT('',#5012);
#5012 = CARTESIAN_POINT('',(1.071565949254E-17,-2.624579619658E-33,
    -0.175));
#5013 = SPHERICAL_SURFACE('',#5014,0.175);
#5014 = AXIS2_PLACEMENT_3D('',#5015,#5016,#5017);
#5015 = CARTESIAN_POINT('',(0.,0.,0.));
#5016 = DIRECTION('',(0.,0.,1.));
#5017 = DIRECTION('',(1.,0.,-0.));
#5018 = ( GEOMETRIC_REPRESENTATION_CONTEXT(3) 
GLOBAL_UNCERTAINTY_ASSIGNED_CONTEXT((#5022)) 
GLOBAL_UNIT_ASSIGNED_CONTEXT((#5019,#5020,#5021)) REPRESENTATION_CONTEXT
('Context #1','3D Context with UNIT and UNCERTAINTY') );
#5019 = ( LENGTH_UNIT() NAMED_UNIT(*) SI_UNIT(.MILLI.,.METRE.) );
#5020 = ( NAMED_UNIT(*) PLANE_ANGLE_UNIT() SI_UNIT($,.RADIAN.) );
#5021 = ( NAMED_UNIT(*) SI_UNIT($,.STERADIAN.) SOLID_ANGLE_UNIT() );
#5022 = UNCERTAINTY_MEASURE_WITH_UNIT(LENGTH_MEASURE(1.E-07),#5019,
  'distance_accuracy_value','confusion accuracy');
#5023 = SHAPE_DEFINITION_REPRESENTATION(#5024,#5005);
#5024 = PRODUCT_DEFINITION_SHAPE('','',#5025);
#5025 = PRODUCT_DEFINITION('design','',#5026,#5029);
#5026 = PRODUCT_DEFINITION_FORMATION('','',#5027);
#5027 = PRODUCT('H12','H12','',(#5028));
#5028 = PRODUCT_CONTEXT('',#2,'mechanical');
#5029 = PRODUCT_DEFINITION_CONTEXT('part definition',#2,'design');
#5030 = CONTEXT_DEPENDENT_SHAPE_REPRESENTATION(#5031,#5033);
#5031 = ( REPRESENTATION_RELATIONSHIP('','',#5005,#10) 
REPRESENTATION_RELATIONSHIP_WITH_TRANSFORMATION(#5032) 
SHAPE_REPRESENTATION_RELATIONSHIP() );
#5032 = ITEM_DEFINED_TRANSFORMATION('','',#11,#511);
#5033 = PRODUCT_DEFINITION_SHAPE('Placement','Placement of an item',
  #5034);
#5034 = NEXT_ASSEMBLY_USAGE_OCCURRENCE('125','=>[0:1:1:126]','',#5,#5025
  ,$);
#5035 = PRODUCT_RELATED_PRODUCT_CATEGORY('part',$,(#5027));
#5036 = ADVANCED_BREP_SHAPE_REPRESENTATION('',(#11,#5037),#5049);
#5037 = MANIFOLD_SOLID_BREP('',#5038);
#5038 = CLOSED_SHELL('',(#5039));
#5039 = ADVANCED_FACE('',(#5040),#5044,.T.);
#5040 = FACE_BOUND('',#5041,.T.);
#5041 = VERTEX_LOOP('',#5042);
#5042 = VERTEX_POINT('',#5043);
#5043 = CARTESIAN_POINT('',(1.071565949254E-17,-2.624579619658E-33,
    -0.175));
#5044 = SPHERICAL_SURFACE('',#5045,0.175);
#5045 = AXIS2_PLACEMENT_3D('',#5046,#5047,#5048);
#5046 = CARTESIAN_POINT('',(0.,0.,0.));
#5047 = DIRECTION('',(0.,0.,1.));
#5048 = DIRECTION('',(1.,0.,-0.));
#5049 = ( GEOMETRIC_REPRESENTATION_CONTEXT(3) 
GLOBAL_UNCERTAINTY_ASSIGNED_CONTEXT((#5053)) 
GLOBAL_UNIT_ASSIGNED_CONTEXT((#5050,#5051,#5052)) REPRESENTATION_CONTEXT
('Context #1','3D Context with UNIT and UNCERTAINTY') );
#5050 = ( LENGTH_UNIT() NAMED_UNIT(*) SI_UNIT(.MILLI.,.METRE.) );
#5051 = ( NAMED_UNIT(*) PLANE_ANGLE_UNIT() SI_UNIT($,.RADIAN.) );
#5052 = ( NAMED_UNIT(*) SI_UNIT($,.STERADIAN.) SOLID_ANGLE_UNIT() );
#5053 = UNCERTAINTY_MEASURE_WITH_UNIT(LENGTH_MEASURE(1.E-07),#5050,
  'distance_accuracy_value','confusion accuracy');
#5054 = SHAPE_DEFINITION_REPRESENTATION(#5055,#5036);
#5055 = PRODUCT_DEFINITION_SHAPE('','',#5056);
#5056 = PRODUCT_DEFINITION('design','',#5057,#5060);
#5057 = PRODUCT_DEFINITION_FORMATION('','',#5058);
#5058 = PRODUCT('H13','H13','',(#5059));
#5059 = PRODUCT_CONTEXT('',#2,'mechanical');
#5060 = PRODUCT_DEFINITION_CONTEXT('part definition',#2,'design');
#5061 = CONTEXT_DEPENDENT_SHAPE_REPRESENTATION(#5062,#5064);
#5062 = ( REPRESENTATION_RELATIONSHIP('','',#5036,#10) 
REPRESENTATION_RELATIONSHIP_WITH_TRANSFORMATION(#5063) 
SHAPE_REPRESENTATION_RELATIONSHIP() );
#5063 = ITEM_DEFINED_TRANSFORMATION('','',#11,#515);
#5064 = PRODUCT_DEFINITION_SHAPE('Placement','Placement of an item',
  #5065);
#5065 = NEXT_ASSEMBLY_USAGE_OCCURRENCE('126','=>[0:1:1:127]','',#5,#5056
  ,$);
#5066 = PRODUCT_RELATED_PRODUCT_CATEGORY('part',$,(#5058));
#5067 = ADVANCED_BREP_SHAPE_REPRESENTATION('',(#11,#5068),#5080);
#5068 = MANIFOLD_SOLID_BREP('',#5069);
#5069 = CLOSED_SHELL('',(#5070));
#5070 = ADVANCED_FACE('',(#5071),#5075,.T.);
#5071 = FACE_BOUND('',#5072,.T.);
#5072 = VERTEX_LOOP('',#5073);
#5073 = VERTEX_POINT('',#5074);
#5074 = CARTESIAN_POINT('',(1.071565949254E-17,-2.624579619658E-33,
    -0.175));
#5075 = SPHERICAL_SURFACE('',#5076,0.175);
#5076 = AXIS2_PLACEMENT_3D('',#5077,#5078,#5079);
#5077 = CARTESIAN_POINT('',(0.,0.,0.));
#5078 = DIRECTION('',(0.,0.,1.));
#5079 = DIRECTION('',(1.,0.,-0.));
#5080 = ( GEOMETRIC_REPRESENTATION_CONTEXT(3) 
GLOBAL_UNCERTAINTY_ASSIGNED_CONTEXT((#5084)) 
GLOBAL_UNIT_ASSIGNED_CONTEXT((#5081,#5082,#5083)) REPRESENTATION_CONTEXT
('Context #1','3D Context with UNIT and UNCERTAINTY') );
#5081 = ( LENGTH_UNIT() NAMED_UNIT(*) SI_UNIT(.MILLI.,.METRE.) );
#5082 = ( NAMED_UNIT(*) PLANE_ANGLE_UNIT() SI_UNIT($,.RADIAN.) );
#5083 = ( NAMED_UNIT(*) SI_UNIT($,.STERADIAN.) SOLID_ANGLE_UNIT() );
#5084 = UNCERTAINTY_MEASURE_WITH_UNIT(LENGTH_MEASURE(1.E-07),#5081,
  'distance_accuracy_value','confusion accuracy');
#5085 = SHAPE_DEFINITION_REPRESENTATION(#5086,#5067);
#5086 = PRODUCT_DEFINITION_SHAPE('','',#5087);
#5087 = PRODUCT_DEFINITION('design','',#5088,#5091);
#5088 = PRODUCT_DEFINITION_FORMATION('','',#5089);
#5089 = PRODUCT('H14','H14','',(#5090));
#5090 = PRODUCT_CONTEXT('',#2,'mechanical');
#5091 = PRODUCT_DEFINITION_CONTEXT('part definition',#2,'design');
#5092 = CONTEXT_DEPENDENT_SHAPE_REPRESENTATION(#5093,#5095);
#5093 = ( REPRESENTATION_RELATIONSHIP('','',#5067,#10) 
REPRESENTATION_RELATIONSHIP_WITH_TRANSFORMATION(#5094) 
SHAPE_REPRESENTATION_RELATIONSHIP() );
#5094 = ITEM_DEFINED_TRANSFORMATION('','',#11,#519);
#5095 = PRODUCT_DEFINITION_SHAPE('Placement','Placement of an item',
  #5096);
#5096 = NEXT_ASSEMBLY_USAGE_OCCURRENCE('127','=>[0:1:1:128]','',#5,#5087
  ,$);
#5097 = PRODUCT_RELATED_PRODUCT_CATEGORY('part',$,(#5089));
#5098 = ADVANCED_BREP_SHAPE_REPRESENTATION('',(#11,#5099),#5111);
#5099 = MANIFOLD_SOLID_BREP('',#5100);
#5100 = CLOSED_SHELL('',(#5101));
#5101 = ADVANCED_FACE('',(#5102),#5106,.T.);
#5102 = FACE_BOUND('',#5103,.T.);
#5103 = VERTEX_LOOP('',#5104);
#5104 = VERTEX_POINT('',#5105);
#5105 = CARTESIAN_POINT('',(1.071565949254E-17,-2.624579619658E-33,
    -0.175));
#5106 = SPHERICAL_SURFACE('',#5107,0.175);
#5107 = AXIS2_PLACEMENT_3D('',#5108,#5109,#5110);
#5108 = CARTESIAN_POINT('',(0.,0.,0.));
#5109 = DIRECTION('',(0.,0.,1.));
#5110 = DIRECTION('',(1.,0.,-0.));
#5111 = ( GEOMETRIC_REPRESENTATION_CONTEXT(3) 
GLOBAL_UNCERTAINTY_ASSIGNED_CONTEXT((#5115)) 
GLOBAL_UNIT_ASSIGNED_CONTEXT((#5112,#5113,#5114)) REPRESENTATION_CONTEXT
('Context #1','3D Context with UNIT and UNCERTAINTY') );
#5112 = ( LENGTH_UNIT() NAMED_UNIT(*) SI_UNIT(.MILLI.,.METRE.) );
#5113 = ( NAMED_UNIT(*) PLANE_ANGLE_UNIT() SI_UNIT($,.RADIAN.) );
#5114 = ( NAMED_UNIT(*) SI_UNIT($,.STERADIAN.) SOLID_ANGLE_UNIT() );
#5115 = UNCERTAINTY_MEASURE_WITH_UNIT(LENGTH_MEASURE(1.E-07),#5112,
  'distance_accuracy_value','confusion accuracy');
#5116 = SHAPE_DEFINITION_REPRESENTATION(#5117,#5098);
#5117 = PRODUCT_DEFINITION_SHAPE('','',#5118);
#5118 = PRODUCT_DEFINITION('design','',#5119,#5122);
#5119 = PRODUCT_DEFINITION_FORMATION('','',#5120);
#5120 = PRODUCT('H15','H15','',(#5121));
#5121 = PRODUCT_CONTEXT('',#2,'mechanical');
#5122 = PRODUCT_DEFINITION_CONTEXT('part definition',#2,'design');
#5123 = CONTEXT_DEPENDENT_SHAPE_REPRESENTATION(#5124,#5126);
#5124 = ( REPRESENTATION_RELATIONSHIP('','',#5098,#10) 
REPRESENTATION_RELATIONSHIP_WITH_TRANSFORMATION(#5125) 
SHAPE_REPRESENTATION_RELATIONSHIP() );
#5125 = ITEM_DEFINED_TRANSFORMATION('','',#11,#523);
#5126 = PRODUCT_DEFINITION_SHAPE('Placement','Placement of an item',
  #5127);
#5127 = NEXT_ASSEMBLY_USAGE_OCCURRENCE('128','=>[0:1:1:129]','',#5,#5118
  ,$);
#5128 = PRODUCT_RELATED_PRODUCT_CATEGORY('part',$,(#5120));
#5129 = ADVANCED_BREP_SHAPE_REPRESENTATION('',(#11,#5130),#5142);
#5130 = MANIFOLD_SOLID_BREP('',#5131);
#5131 = CLOSED_SHELL('',(#5132));
#5132 = ADVANCED_FACE('',(#5133),#5137,.T.);
#5133 = FACE_BOUND('',#5134,.T.);
#5134 = VERTEX_LOOP('',#5135);
#5135 = VERTEX_POINT('',#5136);
#5136 = CARTESIAN_POINT('',(1.071565949254E-17,-2.624579619658E-33,
    -0.175));
#5137 = SPHERICAL_SURFACE('',#5138,0.175);
#5138 = AXIS2_PLACEMENT_3D('',#5139,#5140,#5141);
#5139 = CARTESIAN_POINT('',(0.,0.,0.));
#5140 = DIRECTION('',(0.,0.,1.));
#5141 = DIRECTION('',(1.,0.,-0.));
#5142 = ( GEOMETRIC_REPRESENTATION_CONTEXT(3) 
GLOBAL_UNCERTAINTY_ASSIGNED_CONTEXT((#5146)) 
GLOBAL_UNIT_ASSIGNED_CONTEXT((#5143,#5144,#5145)) REPRESENTATION_CONTEXT
('Context #1','3D Context with UNIT and UNCERTAINTY') );
#5143 = ( LENGTH_UNIT() NAMED_UNIT(*) SI_UNIT(.MILLI.,.METRE.) );
#5144 = ( NAMED_UNIT(*) PLANE_ANGLE_UNIT() SI_UNIT($,.RADIAN.) );
#5145 = ( NAMED_UNIT(*) SI_UNIT($,.STERADIAN.) SOLID_ANGLE_UNIT() );
#5146 = UNCERTAINTY_MEASURE_WITH_UNIT(LENGTH_MEASURE(1.E-07),#5143,
  'distance_accuracy_value','confusion accuracy');
#5147 = SHAPE_DEFINITION_REPRESENTATION(#5148,#5129);
#5148 = PRODUCT_DEFINITION_SHAPE('','',#5149);
#5149 = PRODUCT_DEFINITION('design','',#5150,#5153);
#5150 = PRODUCT_DEFINITION_FORMATION('','',#5151);
#5151 = PRODUCT('H17','H17','',(#5152));
#5152 = PRODUCT_CONTEXT('',#2,'mechanical');
#5153 = PRODUCT_DEFINITION_CONTEXT('part definition',#2,'design');
#5154 = CONTEXT_DEPENDENT_SHAPE_REPRESENTATION(#5155,#5157);
#5155 = ( REPRESENTATION_RELATIONSHIP('','',#5129,#10) 
REPRESENTATION_RELATIONSHIP_WITH_TRANSFORMATION(#5156) 
SHAPE_REPRESENTATION_RELATIONSHIP() );
#5156 = ITEM_DEFINED_TRANSFORMATION('','',#11,#527);
#5157 = PRODUCT_DEFINITION_SHAPE('Placement','Placement of an item',
  #5158);
#5158 = NEXT_ASSEMBLY_USAGE_OCCURRENCE('129','=>[0:1:1:130]','',#5,#5149
  ,$);
#5159 = PRODUCT_RELATED_PRODUCT_CATEGORY('part',$,(#5151));
#5160 = ADVANCED_BREP_SHAPE_REPRESENTATION('',(#11,#5161),#5173);
#5161 = MANIFOLD_SOLID_BREP('',#5162);
#5162 = CLOSED_SHELL('',(#5163));
#5163 = ADVANCED_FACE('',(#5164),#5168,.T.);
#5164 = FACE_BOUND('',#5165,.T.);
#5165 = VERTEX_LOOP('',#5166);
#5166 = VERTEX_POINT('',#5167);
#5167 = CARTESIAN_POINT('',(1.071565949254E-17,-2.624579619658E-33,
    -0.175));
#5168 = SPHERICAL_SURFACE('',#5169,0.175);
#5169 = AXIS2_PLACEMENT_3D('',#5170,#5171,#5172);
#5170 = CARTESIAN_POINT('',(0.,0.,0.));
#5171 = DIRECTION('',(0.,0.,1.));
#5172 = DIRECTION('',(1.,0.,-0.));
#5173 = ( GEOMETRIC_REPRESENTATION_CONTEXT(3) 
GLOBAL_UNCERTAINTY_ASSIGNED_CONTEXT((#5177)) 
GLOBAL_UNIT_ASSIGNED_CONTEXT((#5174,#5175,#5176)) REPRESENTATION_CONTEXT
('Context #1','3D Context with UNIT and UNCERTAINTY') );
#5174 = ( LENGTH_UNIT() NAMED_UNIT(*) SI_UNIT(.MILLI.,.METRE.) );
#5175 = ( NAMED_UNIT(*) PLANE_ANGLE_UNIT() SI_UNIT($,.RADIAN.) );
#5176 = ( NAMED_UNIT(*) SI_UNIT($,.STERADIAN.) SOLID_ANGLE_UNIT() );
#5177 = UNCERTAINTY_MEASURE_WITH_UNIT(LENGTH_MEASURE(1.E-07),#5174,
  'distance_accuracy_value','confusion accuracy');
#5178 = SHAPE_DEFINITION_REPRESENTATION(#5179,#5160);
#5179 = PRODUCT_DEFINITION_SHAPE('','',#5180);
#5180 = PRODUCT_DEFINITION('design','',#5181,#5184);
#5181 = PRODUCT_DEFINITION_FORMATION('','',#5182);
#5182 = PRODUCT('H18','H18','',(#5183));
#5183 = PRODUCT_CONTEXT('',#2,'mechanical');
#5184 = PRODUCT_DEFINITION_CONTEXT('part definition',#2,'design');
#5185 = CONTEXT_DEPENDENT_SHAPE_REPRESENTATION(#5186,#5188);
#5186 = ( REPRESENTATION_RELATIONSHIP('','',#5160,#10) 
REPRESENTATION_RELATIONSHIP_WITH_TRANSFORMATION(#5187) 
SHAPE_REPRESENTATION_RELATIONSHIP() );
#5187 = ITEM_DEFINED_TRANSFORMATION('','',#11,#531);
#5188 = PRODUCT_DEFINITION_SHAPE('Placement','Placement of an item',
  #5189);
#5189 = NEXT_ASSEMBLY_USAGE_OCCURRENCE('130','=>[0:1:1:131]','',#5,#5180
  ,$);
#5190 = PRODUCT_RELATED_PRODUCT_CATEGORY('part',$,(#5182));
#5191 = ADVANCED_BREP_SHAPE_REPRESENTATION('',(#11,#5192),#5204);
#5192 = MANIFOLD_SOLID_BREP('',#5193);
#5193 = CLOSED_SHELL('',(#5194));
#5194 = ADVANCED_FACE('',(#5195),#5199,.T.);
#5195 = FACE_BOUND('',#5196,.T.);
#5196 = VERTEX_LOOP('',#5197);
#5197 = VERTEX_POINT('',#5198);
#5198 = CARTESIAN_POINT('',(1.071565949254E-17,-2.624579619658E-33,
    -0.175));
#5199 = SPHERICAL_SURFACE('',#5200,0.175);
#5200 = AXIS2_PLACEMENT_3D('',#5201,#5202,#5203);
#5201 = CARTESIAN_POINT('',(0.,0.,0.));
#5202 = DIRECTION('',(0.,0.,1.));
#5203 = DIRECTION('',(1.,0.,-0.));
#5204 = ( GEOMETRIC_REPRESENTATION_CONTEXT(3) 
GLOBAL_UNCERTAINTY_ASSIGNED_CONTEXT((#5208)) 
GLOBAL_UNIT_ASSIGNED_CONTEXT((#5205,#5206,#5207)) REPRESENTATION_CONTEXT
('Context #1','3D Context with UNIT and UNCERTAINTY') );
#5205 = ( LENGTH_UNIT() NAMED_UNIT(*) SI_UNIT(.MILLI.,.METRE.) );
#5206 = ( NAMED_UNIT(*) PLANE_ANGLE_UNIT() SI_UNIT($,.RADIAN.) );
#5207 = ( NAMED_UNIT(*) SI_UNIT($,.STERADIAN.) SOLID_ANGLE_UNIT() );
#5208 = UNCERTAINTY_MEASURE_WITH_UNIT(LENGTH_MEASURE(1.E-07),#5205,
  'distance_accuracy_value','confusion accuracy');
#5209 = SHAPE_DEFINITION_REPRESENTATION(#5210,#5191);
#5210 = PRODUCT_DEFINITION_SHAPE('','',#5211);
#5211 = PRODUCT_DEFINITION('design','',#5212,#5215);
#5212 = PRODUCT_DEFINITION_FORMATION('','',#5213);
#5213 = PRODUCT('H19','H19','',(#5214));
#5214 = PRODUCT_CONTEXT('',#2,'mechanical');
#5215 = PRODUCT_DEFINITION_CONTEXT('part definition',#2,'design');
#5216 = CONTEXT_DEPENDENT_SHAPE_REPRESENTATION(#5217,#5219);
#5217 = ( REPRESENTATION_RELATIONSHIP('','',#5191,#10) 
REPRESENTATION_RELATIONSHIP_WITH_TRANSFORMATION(#5218) 
SHAPE_REPRESENTATION_RELATIONSHIP() );
#5218 = ITEM_DEFINED_TRANSFORMATION('','',#11,#535);
#5219 = PRODUCT_DEFINITION_SHAPE('Placement','Placement of an item',
  #5220);
#5220 = NEXT_ASSEMBLY_USAGE_OCCURRENCE('131','=>[0:1:1:132]','',#5,#5211
  ,$);
#5221 = PRODUCT_RELATED_PRODUCT_CATEGORY('part',$,(#5213));
#5222 = ADVANCED_BREP_SHAPE_REPRESENTATION('',(#11,#5223),#5235);
#5223 = MANIFOLD_SOLID_BREP('',#5224);
#5224 = CLOSED_SHELL('',(#5225));
#5225 = ADVANCED_FACE('',(#5226),#5230,.T.);
#5226 = FACE_BOUND('',#5227,.T.);
#5227 = VERTEX_LOOP('',#5228);
#5228 = VERTEX_POINT('',#5229);
#5229 = CARTESIAN_POINT('',(1.071565949254E-17,-2.624579619658E-33,
    -0.175));
#5230 = SPHERICAL_SURFACE('',#5231,0.175);
#5231 = AXIS2_PLACEMENT_3D('',#5232,#5233,#5234);
#5232 = CARTESIAN_POINT('',(0.,0.,0.));
#5233 = DIRECTION('',(0.,0.,1.));
#5234 = DIRECTION('',(1.,0.,-0.));
#5235 = ( GEOMETRIC_REPRESENTATION_CONTEXT(3) 
GLOBAL_UNCERTAINTY_ASSIGNED_CONTEXT((#5239)) 
GLOBAL_UNIT_ASSIGNED_CONTEXT((#5236,#5237,#5238)) REPRESENTATION_CONTEXT
('Context #1','3D Context with UNIT and UNCERTAINTY') );
#5236 = ( LENGTH_UNIT() NAMED_UNIT(*) SI_UNIT(.MILLI.,.METRE.) );
#5237 = ( NAMED_UNIT(*) PLANE_ANGLE_UNIT() SI_UNIT($,.RADIAN.) );
#5238 = ( NAMED_UNIT(*) SI_UNIT($,.STERADIAN.) SOLID_ANGLE_UNIT() );
#5239 = UNCERTAINTY_MEASURE_WITH_UNIT(LENGTH_MEASURE(1.E-07),#5236,
  'distance_accuracy_value','confusion accuracy');
#5240 = SHAPE_DEFINITION_REPRESENTATION(#5241,#5222);
#5241 = PRODUCT_DEFINITION_SHAPE('','',#5242);
#5242 = PRODUCT_DEFINITION('design','',#5243,#5246);
#5243 = PRODUCT_DEFINITION_FORMATION('','',#5244);
#5244 = PRODUCT('H20','H20','',(#5245));
#5245 = PRODUCT_CONTEXT('',#2,'mechanical');
#5246 = PRODUCT_DEFINITION_CONTEXT('part definition',#2,'design');
#5247 = CONTEXT_DEPENDENT_SHAPE_REPRESENTATION(#5248,#5250);
#5248 = ( REPRESENTATION_RELATIONSHIP('','',#5222,#10) 
REPRESENTATION_RELATIONSHIP_WITH_TRANSFORMATION(#5249) 
SHAPE_REPRESENTATION_RELATIONSHIP() );
#5249 = ITEM_DEFINED_TRANSFORMATION('','',#11,#539);
#5250 = PRODUCT_DEFINITION_SHAPE('Placement','Placement of an item',
  #5251);
#5251 = NEXT_ASSEMBLY_USAGE_OCCURRENCE('132','=>[0:1:1:133]','',#5,#5242
  ,$);
#5252 = PRODUCT_RELATED_PRODUCT_CATEGORY('part',$,(#5244));
#5253 = ADVANCED_BREP_SHAPE_REPRESENTATION('',(#11,#5254),#5266);
#5254 = MANIFOLD_SOLID_BREP('',#5255);
#5255 = CLOSED_SHELL('',(#5256));
#5256 = ADVANCED_FACE('',(#5257),#5261,.T.);
#5257 = FACE_BOUND('',#5258,.T.);
#5258 = VERTEX_LOOP('',#5259);
#5259 = VERTEX_POINT('',#5260);
#5260 = CARTESIAN_POINT('',(1.071565949254E-17,-2.624579619658E-33,
    -0.175));
#5261 = SPHERICAL_SURFACE('',#5262,0.175);
#5262 = AXIS2_PLACEMENT_3D('',#5263,#5264,#5265);
#5263 = CARTESIAN_POINT('',(0.,0.,0.));
#5264 = DIRECTION('',(0.,0.,1.));
#5265 = DIRECTION('',(1.,0.,-0.));
#5266 = ( GEOMETRIC_REPRESENTATION_CONTEXT(3) 
GLOBAL_UNCERTAINTY_ASSIGNED_CONTEXT((#5270)) 
GLOBAL_UNIT_ASSIGNED_CONTEXT((#5267,#5268,#5269)) REPRESENTATION_CONTEXT
('Context #1','3D Context with UNIT and UNCERTAINTY') );
#5267 = ( LENGTH_UNIT() NAMED_UNIT(*) SI_UNIT(.MILLI.,.METRE.) );
#5268 = ( NAMED_UNIT(*) PLANE_ANGLE_UNIT() SI_UNIT($,.RADIAN.) );
#5269 = ( NAMED_UNIT(*) SI_UNIT($,.STERADIAN.) SOLID_ANGLE_UNIT() );
#5270 = UNCERTAINTY_MEASURE_WITH_UNIT(LENGTH_MEASURE(1.E-07),#5267,
  'distance_accuracy_value','confusion accuracy');
#5271 = SHAPE_DEFINITION_REPRESENTATION(#5272,#5253);
#5272 = PRODUCT_DEFINITION_SHAPE('','',#5273);
#5273 = PRODUCT_DEFINITION('design','',#5274,#5277);
#5274 = PRODUCT_DEFINITION_FORMATION('','',#5275);
#5275 = PRODUCT('J2','J2','',(#5276));
#5276 = PRODUCT_CONTEXT('',#2,'mechanical');
#5277 = PRODUCT_DEFINITION_CONTEXT('part definition',#2,'design');
#5278 = CONTEXT_DEPENDENT_SHAPE_REPRESENTATION(#5279,#5281);
#5279 = ( REPRESENTATION_RELATIONSHIP('','',#5253,#10) 
REPRESENTATION_RELATIONSHIP_WITH_TRANSFORMATION(#5280) 
SHAPE_REPRESENTATION_RELATIONSHIP() );
#5280 = ITEM_DEFINED_TRANSFORMATION('','',#11,#543);
#5281 = PRODUCT_DEFINITION_SHAPE('Placement','Placement of an item',
  #5282);
#5282 = NEXT_ASSEMBLY_USAGE_OCCURRENCE('133','=>[0:1:1:134]','',#5,#5273
  ,$);
#5283 = PRODUCT_RELATED_PRODUCT_CATEGORY('part',$,(#5275));
#5284 = ADVANCED_BREP_SHAPE_REPRESENTATION('',(#11,#5285),#5297);
#5285 = MANIFOLD_SOLID_BREP('',#5286);
#5286 = CLOSED_SHELL('',(#5287));
#5287 = ADVANCED_FACE('',(#5288),#5292,.T.);
#5288 = FACE_BOUND('',#5289,.T.);
#5289 = VERTEX_LOOP('',#5290);
#5290 = VERTEX_POINT('',#5291);
#5291 = CARTESIAN_POINT('',(1.071565949254E-17,-2.624579619658E-33,
    -0.175));
#5292 = SPHERICAL_SURFACE('',#5293,0.175);
#5293 = AXIS2_PLACEMENT_3D('',#5294,#5295,#5296);
#5294 = CARTESIAN_POINT('',(0.,0.,0.));
#5295 = DIRECTION('',(0.,0.,1.));
#5296 = DIRECTION('',(1.,0.,-0.));
#5297 = ( GEOMETRIC_REPRESENTATION_CONTEXT(3) 
GLOBAL_UNCERTAINTY_ASSIGNED_CONTEXT((#5301)) 
GLOBAL_UNIT_ASSIGNED_CONTEXT((#5298,#5299,#5300)) REPRESENTATION_CONTEXT
('Context #1','3D Context with UNIT and UNCERTAINTY') );
#5298 = ( LENGTH_UNIT() NAMED_UNIT(*) SI_UNIT(.MILLI.,.METRE.) );
#5299 = ( NAMED_UNIT(*) PLANE_ANGLE_UNIT() SI_UNIT($,.RADIAN.) );
#5300 = ( NAMED_UNIT(*) SI_UNIT($,.STERADIAN.) SOLID_ANGLE_UNIT() );
#5301 = UNCERTAINTY_MEASURE_WITH_UNIT(LENGTH_MEASURE(1.E-07),#5298,
  'distance_accuracy_value','confusion accuracy');
#5302 = SHAPE_DEFINITION_REPRESENTATION(#5303,#5284);
#5303 = PRODUCT_DEFINITION_SHAPE('','',#5304);
#5304 = PRODUCT_DEFINITION('design','',#5305,#5308);
#5305 = PRODUCT_DEFINITION_FORMATION('','',#5306);
#5306 = PRODUCT('J3','J3','',(#5307));
#5307 = PRODUCT_CONTEXT('',#2,'mechanical');
#5308 = PRODUCT_DEFINITION_CONTEXT('part definition',#2,'design');
#5309 = CONTEXT_DEPENDENT_SHAPE_REPRESENTATION(#5310,#5312);
#5310 = ( REPRESENTATION_RELATIONSHIP('','',#5284,#10) 
REPRESENTATION_RELATIONSHIP_WITH_TRANSFORMATION(#5311) 
SHAPE_REPRESENTATION_RELATIONSHIP() );
#5311 = ITEM_DEFINED_TRANSFORMATION('','',#11,#547);
#5312 = PRODUCT_DEFINITION_SHAPE('Placement','Placement of an item',
  #5313);
#5313 = NEXT_ASSEMBLY_USAGE_OCCURRENCE('134','=>[0:1:1:135]','',#5,#5304
  ,$);
#5314 = PRODUCT_RELATED_PRODUCT_CATEGORY('part',$,(#5306));
#5315 = ADVANCED_BREP_SHAPE_REPRESENTATION('',(#11,#5316),#5328);
#5316 = MANIFOLD_SOLID_BREP('',#5317);
#5317 = CLOSED_SHELL('',(#5318));
#5318 = ADVANCED_FACE('',(#5319),#5323,.T.);
#5319 = FACE_BOUND('',#5320,.T.);
#5320 = VERTEX_LOOP('',#5321);
#5321 = VERTEX_POINT('',#5322);
#5322 = CARTESIAN_POINT('',(1.071565949254E-17,-2.624579619658E-33,
    -0.175));
#5323 = SPHERICAL_SURFACE('',#5324,0.175);
#5324 = AXIS2_PLACEMENT_3D('',#5325,#5326,#5327);
#5325 = CARTESIAN_POINT('',(0.,0.,0.));
#5326 = DIRECTION('',(0.,0.,1.));
#5327 = DIRECTION('',(1.,0.,-0.));
#5328 = ( GEOMETRIC_REPRESENTATION_CONTEXT(3) 
GLOBAL_UNCERTAINTY_ASSIGNED_CONTEXT((#5332)) 
GLOBAL_UNIT_ASSIGNED_CONTEXT((#5329,#5330,#5331)) REPRESENTATION_CONTEXT
('Context #1','3D Context with UNIT and UNCERTAINTY') );
#5329 = ( LENGTH_UNIT() NAMED_UNIT(*) SI_UNIT(.MILLI.,.METRE.) );
#5330 = ( NAMED_UNIT(*) PLANE_ANGLE_UNIT() SI_UNIT($,.RADIAN.) );
#5331 = ( NAMED_UNIT(*) SI_UNIT($,.STERADIAN.) SOLID_ANGLE_UNIT() );
#5332 = UNCERTAINTY_MEASURE_WITH_UNIT(LENGTH_MEASURE(1.E-07),#5329,
  'distance_accuracy_value','confusion accuracy');
#5333 = SHAPE_DEFINITION_REPRESENTATION(#5334,#5315);
#5334 = PRODUCT_DEFINITION_SHAPE('','',#5335);
#5335 = PRODUCT_DEFINITION('design','',#5336,#5339);
#5336 = PRODUCT_DEFINITION_FORMATION('','',#5337);
#5337 = PRODUCT('J6','J6','',(#5338));
#5338 = PRODUCT_CONTEXT('',#2,'mechanical');
#5339 = PRODUCT_DEFINITION_CONTEXT('part definition',#2,'design');
#5340 = CONTEXT_DEPENDENT_SHAPE_REPRESENTATION(#5341,#5343);
#5341 = ( REPRESENTATION_RELATIONSHIP('','',#5315,#10) 
REPRESENTATION_RELATIONSHIP_WITH_TRANSFORMATION(#5342) 
SHAPE_REPRESENTATION_RELATIONSHIP() );
#5342 = ITEM_DEFINED_TRANSFORMATION('','',#11,#551);
#5343 = PRODUCT_DEFINITION_SHAPE('Placement','Placement of an item',
  #5344);
#5344 = NEXT_ASSEMBLY_USAGE_OCCURRENCE('135','=>[0:1:1:136]','',#5,#5335
  ,$);
#5345 = PRODUCT_RELATED_PRODUCT_CATEGORY('part',$,(#5337));
#5346 = ADVANCED_BREP_SHAPE_REPRESENTATION('',(#11,#5347),#5359);
#5347 = MANIFOLD_SOLID_BREP('',#5348);
#5348 = CLOSED_SHELL('',(#5349));
#5349 = ADVANCED_FACE('',(#5350),#5354,.T.);
#5350 = FACE_BOUND('',#5351,.T.);
#5351 = VERTEX_LOOP('',#5352);
#5352 = VERTEX_POINT('',#5353);
#5353 = CARTESIAN_POINT('',(1.071565949254E-17,-2.624579619658E-33,
    -0.175));
#5354 = SPHERICAL_SURFACE('',#5355,0.175);
#5355 = AXIS2_PLACEMENT_3D('',#5356,#5357,#5358);
#5356 = CARTESIAN_POINT('',(0.,0.,0.));
#5357 = DIRECTION('',(0.,0.,1.));
#5358 = DIRECTION('',(1.,0.,-0.));
#5359 = ( GEOMETRIC_REPRESENTATION_CONTEXT(3) 
GLOBAL_UNCERTAINTY_ASSIGNED_CONTEXT((#5363)) 
GLOBAL_UNIT_ASSIGNED_CONTEXT((#5360,#5361,#5362)) REPRESENTATION_CONTEXT
('Context #1','3D Context with UNIT and UNCERTAINTY') );
#5360 = ( LENGTH_UNIT() NAMED_UNIT(*) SI_UNIT(.MILLI.,.METRE.) );
#5361 = ( NAMED_UNIT(*) PLANE_ANGLE_UNIT() SI_UNIT($,.RADIAN.) );
#5362 = ( NAMED_UNIT(*) SI_UNIT($,.STERADIAN.) SOLID_ANGLE_UNIT() );
#5363 = UNCERTAINTY_MEASURE_WITH_UNIT(LENGTH_MEASURE(1.E-07),#5360,
  'distance_accuracy_value','confusion accuracy');
#5364 = SHAPE_DEFINITION_REPRESENTATION(#5365,#5346);
#5365 = PRODUCT_DEFINITION_SHAPE('','',#5366);
#5366 = PRODUCT_DEFINITION('design','',#5367,#5370);
#5367 = PRODUCT_DEFINITION_FORMATION('','',#5368);
#5368 = PRODUCT('J8','J8','',(#5369));
#5369 = PRODUCT_CONTEXT('',#2,'mechanical');
#5370 = PRODUCT_DEFINITION_CONTEXT('part definition',#2,'design');
#5371 = CONTEXT_DEPENDENT_SHAPE_REPRESENTATION(#5372,#5374);
#5372 = ( REPRESENTATION_RELATIONSHIP('','',#5346,#10) 
REPRESENTATION_RELATIONSHIP_WITH_TRANSFORMATION(#5373) 
SHAPE_REPRESENTATION_RELATIONSHIP() );
#5373 = ITEM_DEFINED_TRANSFORMATION('','',#11,#555);
#5374 = PRODUCT_DEFINITION_SHAPE('Placement','Placement of an item',
  #5375);
#5375 = NEXT_ASSEMBLY_USAGE_OCCURRENCE('136','=>[0:1:1:137]','',#5,#5366
  ,$);
#5376 = PRODUCT_RELATED_PRODUCT_CATEGORY('part',$,(#5368));
#5377 = ADVANCED_BREP_SHAPE_REPRESENTATION('',(#11,#5378),#5390);
#5378 = MANIFOLD_SOLID_BREP('',#5379);
#5379 = CLOSED_SHELL('',(#5380));
#5380 = ADVANCED_FACE('',(#5381),#5385,.T.);
#5381 = FACE_BOUND('',#5382,.T.);
#5382 = VERTEX_LOOP('',#5383);
#5383 = VERTEX_POINT('',#5384);
#5384 = CARTESIAN_POINT('',(1.071565949254E-17,-2.624579619658E-33,
    -0.175));
#5385 = SPHERICAL_SURFACE('',#5386,0.175);
#5386 = AXIS2_PLACEMENT_3D('',#5387,#5388,#5389);
#5387 = CARTESIAN_POINT('',(0.,0.,0.));
#5388 = DIRECTION('',(0.,0.,1.));
#5389 = DIRECTION('',(1.,0.,-0.));
#5390 = ( GEOMETRIC_REPRESENTATION_CONTEXT(3) 
GLOBAL_UNCERTAINTY_ASSIGNED_CONTEXT((#5394)) 
GLOBAL_UNIT_ASSIGNED_CONTEXT((#5391,#5392,#5393)) REPRESENTATION_CONTEXT
('Context #1','3D Context with UNIT and UNCERTAINTY') );
#5391 = ( LENGTH_UNIT() NAMED_UNIT(*) SI_UNIT(.MILLI.,.METRE.) );
#5392 = ( NAMED_UNIT(*) PLANE_ANGLE_UNIT() SI_UNIT($,.RADIAN.) );
#5393 = ( NAMED_UNIT(*) SI_UNIT($,.STERADIAN.) SOLID_ANGLE_UNIT() );
#5394 = UNCERTAINTY_MEASURE_WITH_UNIT(LENGTH_MEASURE(1.E-07),#5391,
  'distance_accuracy_value','confusion accuracy');
#5395 = SHAPE_DEFINITION_REPRESENTATION(#5396,#5377);
#5396 = PRODUCT_DEFINITION_SHAPE('','',#5397);
#5397 = PRODUCT_DEFINITION('design','',#5398,#5401);
#5398 = PRODUCT_DEFINITION_FORMATION('','',#5399);
#5399 = PRODUCT('J9','J9','',(#5400));
#5400 = PRODUCT_CONTEXT('',#2,'mechanical');
#5401 = PRODUCT_DEFINITION_CONTEXT('part definition',#2,'design');
#5402 = CONTEXT_DEPENDENT_SHAPE_REPRESENTATION(#5403,#5405);
#5403 = ( REPRESENTATION_RELATIONSHIP('','',#5377,#10) 
REPRESENTATION_RELATIONSHIP_WITH_TRANSFORMATION(#5404) 
SHAPE_REPRESENTATION_RELATIONSHIP() );
#5404 = ITEM_DEFINED_TRANSFORMATION('','',#11,#559);
#5405 = PRODUCT_DEFINITION_SHAPE('Placement','Placement of an item',
  #5406);
#5406 = NEXT_ASSEMBLY_USAGE_OCCURRENCE('137','=>[0:1:1:138]','',#5,#5397
  ,$);
#5407 = PRODUCT_RELATED_PRODUCT_CATEGORY('part',$,(#5399));
#5408 = ADVANCED_BREP_SHAPE_REPRESENTATION('',(#11,#5409),#5421);
#5409 = MANIFOLD_SOLID_BREP('',#5410);
#5410 = CLOSED_SHELL('',(#5411));
#5411 = ADVANCED_FACE('',(#5412),#5416,.T.);
#5412 = FACE_BOUND('',#5413,.T.);
#5413 = VERTEX_LOOP('',#5414);
#5414 = VERTEX_POINT('',#5415);
#5415 = CARTESIAN_POINT('',(1.071565949254E-17,-2.624579619658E-33,
    -0.175));
#5416 = SPHERICAL_SURFACE('',#5417,0.175);
#5417 = AXIS2_PLACEMENT_3D('',#5418,#5419,#5420);
#5418 = CARTESIAN_POINT('',(0.,0.,0.));
#5419 = DIRECTION('',(0.,0.,1.));
#5420 = DIRECTION('',(1.,0.,-0.));
#5421 = ( GEOMETRIC_REPRESENTATION_CONTEXT(3) 
GLOBAL_UNCERTAINTY_ASSIGNED_CONTEXT((#5425)) 
GLOBAL_UNIT_ASSIGNED_CONTEXT((#5422,#5423,#5424)) REPRESENTATION_CONTEXT
('Context #1','3D Context with UNIT and UNCERTAINTY') );
#5422 = ( LENGTH_UNIT() NAMED_UNIT(*) SI_UNIT(.MILLI.,.METRE.) );
#5423 = ( NAMED_UNIT(*) PLANE_ANGLE_UNIT() SI_UNIT($,.RADIAN.) );
#5424 = ( NAMED_UNIT(*) SI_UNIT($,.STERADIAN.) SOLID_ANGLE_UNIT() );
#5425 = UNCERTAINTY_MEASURE_WITH_UNIT(LENGTH_MEASURE(1.E-07),#5422,
  'distance_accuracy_value','confusion accuracy');
#5426 = SHAPE_DEFINITION_REPRESENTATION(#5427,#5408);
#5427 = PRODUCT_DEFINITION_SHAPE('','',#5428);
#5428 = PRODUCT_DEFINITION('design','',#5429,#5432);
#5429 = PRODUCT_DEFINITION_FORMATION('','',#5430);
#5430 = PRODUCT('J10','J10','',(#5431));
#5431 = PRODUCT_CONTEXT('',#2,'mechanical');
#5432 = PRODUCT_DEFINITION_CONTEXT('part definition',#2,'design');
#5433 = CONTEXT_DEPENDENT_SHAPE_REPRESENTATION(#5434,#5436);
#5434 = ( REPRESENTATION_RELATIONSHIP('','',#5408,#10) 
REPRESENTATION_RELATIONSHIP_WITH_TRANSFORMATION(#5435) 
SHAPE_REPRESENTATION_RELATIONSHIP() );
#5435 = ITEM_DEFINED_TRANSFORMATION('','',#11,#563);
#5436 = PRODUCT_DEFINITION_SHAPE('Placement','Placement of an item',
  #5437);
#5437 = NEXT_ASSEMBLY_USAGE_OCCURRENCE('138','=>[0:1:1:139]','',#5,#5428
  ,$);
#5438 = PRODUCT_RELATED_PRODUCT_CATEGORY('part',$,(#5430));
#5439 = ADVANCED_BREP_SHAPE_REPRESENTATION('',(#11,#5440),#5452);
#5440 = MANIFOLD_SOLID_BREP('',#5441);
#5441 = CLOSED_SHELL('',(#5442));
#5442 = ADVANCED_FACE('',(#5443),#5447,.T.);
#5443 = FACE_BOUND('',#5444,.T.);
#5444 = VERTEX_LOOP('',#5445);
#5445 = VERTEX_POINT('',#5446);
#5446 = CARTESIAN_POINT('',(1.071565949254E-17,-2.624579619658E-33,
    -0.175));
#5447 = SPHERICAL_SURFACE('',#5448,0.175);
#5448 = AXIS2_PLACEMENT_3D('',#5449,#5450,#5451);
#5449 = CARTESIAN_POINT('',(0.,0.,0.));
#5450 = DIRECTION('',(0.,0.,1.));
#5451 = DIRECTION('',(1.,0.,-0.));
#5452 = ( GEOMETRIC_REPRESENTATION_CONTEXT(3) 
GLOBAL_UNCERTAINTY_ASSIGNED_CONTEXT((#5456)) 
GLOBAL_UNIT_ASSIGNED_CONTEXT((#5453,#5454,#5455)) REPRESENTATION_CONTEXT
('Context #1','3D Context with UNIT and UNCERTAINTY') );
#5453 = ( LENGTH_UNIT() NAMED_UNIT(*) SI_UNIT(.MILLI.,.METRE.) );
#5454 = ( NAMED_UNIT(*) PLANE_ANGLE_UNIT() SI_UNIT($,.RADIAN.) );
#5455 = ( NAMED_UNIT(*) SI_UNIT($,.STERADIAN.) SOLID_ANGLE_UNIT() );
#5456 = UNCERTAINTY_MEASURE_WITH_UNIT(LENGTH_MEASURE(1.E-07),#5453,
  'distance_accuracy_value','confusion accuracy');
#5457 = SHAPE_DEFINITION_REPRESENTATION(#5458,#5439);
#5458 = PRODUCT_DEFINITION_SHAPE('','',#5459);
#5459 = PRODUCT_DEFINITION('design','',#5460,#5463);
#5460 = PRODUCT_DEFINITION_FORMATION('','',#5461);
#5461 = PRODUCT('J11','J11','',(#5462));
#5462 = PRODUCT_CONTEXT('',#2,'mechanical');
#5463 = PRODUCT_DEFINITION_CONTEXT('part definition',#2,'design');
#5464 = CONTEXT_DEPENDENT_SHAPE_REPRESENTATION(#5465,#5467);
#5465 = ( REPRESENTATION_RELATIONSHIP('','',#5439,#10) 
REPRESENTATION_RELATIONSHIP_WITH_TRANSFORMATION(#5466) 
SHAPE_REPRESENTATION_RELATIONSHIP() );
#5466 = ITEM_DEFINED_TRANSFORMATION('','',#11,#567);
#5467 = PRODUCT_DEFINITION_SHAPE('Placement','Placement of an item',
  #5468);
#5468 = NEXT_ASSEMBLY_USAGE_OCCURRENCE('139','=>[0:1:1:140]','',#5,#5459
  ,$);
#5469 = PRODUCT_RELATED_PRODUCT_CATEGORY('part',$,(#5461));
#5470 = ADVANCED_BREP_SHAPE_REPRESENTATION('',(#11,#5471),#5483);
#5471 = MANIFOLD_SOLID_BREP('',#5472);
#5472 = CLOSED_SHELL('',(#5473));
#5473 = ADVANCED_FACE('',(#5474),#5478,.T.);
#5474 = FACE_BOUND('',#5475,.T.);
#5475 = VERTEX_LOOP('',#5476);
#5476 = VERTEX_POINT('',#5477);
#5477 = CARTESIAN_POINT('',(1.071565949254E-17,-2.624579619658E-33,
    -0.175));
#5478 = SPHERICAL_SURFACE('',#5479,0.175);
#5479 = AXIS2_PLACEMENT_3D('',#5480,#5481,#5482);
#5480 = CARTESIAN_POINT('',(0.,0.,0.));
#5481 = DIRECTION('',(0.,0.,1.));
#5482 = DIRECTION('',(1.,0.,-0.));
#5483 = ( GEOMETRIC_REPRESENTATION_CONTEXT(3) 
GLOBAL_UNCERTAINTY_ASSIGNED_CONTEXT((#5487)) 
GLOBAL_UNIT_ASSIGNED_CONTEXT((#5484,#5485,#5486)) REPRESENTATION_CONTEXT
('Context #1','3D Context with UNIT and UNCERTAINTY') );
#5484 = ( LENGTH_UNIT() NAMED_UNIT(*) SI_UNIT(.MILLI.,.METRE.) );
#5485 = ( NAMED_UNIT(*) PLANE_ANGLE_UNIT() SI_UNIT($,.RADIAN.) );
#5486 = ( NAMED_UNIT(*) SI_UNIT($,.STERADIAN.) SOLID_ANGLE_UNIT() );
#5487 = UNCERTAINTY_MEASURE_WITH_UNIT(LENGTH_MEASURE(1.E-07),#5484,
  'distance_accuracy_value','confusion accuracy');
#5488 = SHAPE_DEFINITION_REPRESENTATION(#5489,#5470);
#5489 = PRODUCT_DEFINITION_SHAPE('','',#5490);
#5490 = PRODUCT_DEFINITION('design','',#5491,#5494);
#5491 = PRODUCT_DEFINITION_FORMATION('','',#5492);
#5492 = PRODUCT('J12','J12','',(#5493));
#5493 = PRODUCT_CONTEXT('',#2,'mechanical');
#5494 = PRODUCT_DEFINITION_CONTEXT('part definition',#2,'design');
#5495 = CONTEXT_DEPENDENT_SHAPE_REPRESENTATION(#5496,#5498);
#5496 = ( REPRESENTATION_RELATIONSHIP('','',#5470,#10) 
REPRESENTATION_RELATIONSHIP_WITH_TRANSFORMATION(#5497) 
SHAPE_REPRESENTATION_RELATIONSHIP() );
#5497 = ITEM_DEFINED_TRANSFORMATION('','',#11,#571);
#5498 = PRODUCT_DEFINITION_SHAPE('Placement','Placement of an item',
  #5499);
#5499 = NEXT_ASSEMBLY_USAGE_OCCURRENCE('140','=>[0:1:1:141]','',#5,#5490
  ,$);
#5500 = PRODUCT_RELATED_PRODUCT_CATEGORY('part',$,(#5492));
#5501 = ADVANCED_BREP_SHAPE_REPRESENTATION('',(#11,#5502),#5514);
#5502 = MANIFOLD_SOLID_BREP('',#5503);
#5503 = CLOSED_SHELL('',(#5504));
#5504 = ADVANCED_FACE('',(#5505),#5509,.T.);
#5505 = FACE_BOUND('',#5506,.T.);
#5506 = VERTEX_LOOP('',#5507);
#5507 = VERTEX_POINT('',#5508);
#5508 = CARTESIAN_POINT('',(1.071565949254E-17,-2.624579619658E-33,
    -0.175));
#5509 = SPHERICAL_SURFACE('',#5510,0.175);
#5510 = AXIS2_PLACEMENT_3D('',#5511,#5512,#5513);
#5511 = CARTESIAN_POINT('',(0.,0.,0.));
#5512 = DIRECTION('',(0.,0.,1.));
#5513 = DIRECTION('',(1.,0.,-0.));
#5514 = ( GEOMETRIC_REPRESENTATION_CONTEXT(3) 
GLOBAL_UNCERTAINTY_ASSIGNED_CONTEXT((#5518)) 
GLOBAL_UNIT_ASSIGNED_CONTEXT((#5515,#5516,#5517)) REPRESENTATION_CONTEXT
('Context #1','3D Context with UNIT and UNCERTAINTY') );
#5515 = ( LENGTH_UNIT() NAMED_UNIT(*) SI_UNIT(.MILLI.,.METRE.) );
#5516 = ( NAMED_UNIT(*) PLANE_ANGLE_UNIT() SI_UNIT($,.RADIAN.) );
#5517 = ( NAMED_UNIT(*) SI_UNIT($,.STERADIAN.) SOLID_ANGLE_UNIT() );
#5518 = UNCERTAINTY_MEASURE_WITH_UNIT(LENGTH_MEASURE(1.E-07),#5515,
  'distance_accuracy_value','confusion accuracy');
#5519 = SHAPE_DEFINITION_REPRESENTATION(#5520,#5501);
#5520 = PRODUCT_DEFINITION_SHAPE('','',#5521);
#5521 = PRODUCT_DEFINITION('design','',#5522,#5525);
#5522 = PRODUCT_DEFINITION_FORMATION('','',#5523);
#5523 = PRODUCT('J13','J13','',(#5524));
#5524 = PRODUCT_CONTEXT('',#2,'mechanical');
#5525 = PRODUCT_DEFINITION_CONTEXT('part definition',#2,'design');
#5526 = CONTEXT_DEPENDENT_SHAPE_REPRESENTATION(#5527,#5529);
#5527 = ( REPRESENTATION_RELATIONSHIP('','',#5501,#10) 
REPRESENTATION_RELATIONSHIP_WITH_TRANSFORMATION(#5528) 
SHAPE_REPRESENTATION_RELATIONSHIP() );
#5528 = ITEM_DEFINED_TRANSFORMATION('','',#11,#575);
#5529 = PRODUCT_DEFINITION_SHAPE('Placement','Placement of an item',
  #5530);
#5530 = NEXT_ASSEMBLY_USAGE_OCCURRENCE('141','=>[0:1:1:142]','',#5,#5521
  ,$);
#5531 = PRODUCT_RELATED_PRODUCT_CATEGORY('part',$,(#5523));
#5532 = ADVANCED_BREP_SHAPE_REPRESENTATION('',(#11,#5533),#5545);
#5533 = MANIFOLD_SOLID_BREP('',#5534);
#5534 = CLOSED_SHELL('',(#5535));
#5535 = ADVANCED_FACE('',(#5536),#5540,.T.);
#5536 = FACE_BOUND('',#5537,.T.);
#5537 = VERTEX_LOOP('',#5538);
#5538 = VERTEX_POINT('',#5539);
#5539 = CARTESIAN_POINT('',(1.071565949254E-17,-2.624579619658E-33,
    -0.175));
#5540 = SPHERICAL_SURFACE('',#5541,0.175);
#5541 = AXIS2_PLACEMENT_3D('',#5542,#5543,#5544);
#5542 = CARTESIAN_POINT('',(0.,0.,0.));
#5543 = DIRECTION('',(0.,0.,1.));
#5544 = DIRECTION('',(1.,0.,-0.));
#5545 = ( GEOMETRIC_REPRESENTATION_CONTEXT(3) 
GLOBAL_UNCERTAINTY_ASSIGNED_CONTEXT((#5549)) 
GLOBAL_UNIT_ASSIGNED_CONTEXT((#5546,#5547,#5548)) REPRESENTATION_CONTEXT
('Context #1','3D Context with UNIT and UNCERTAINTY') );
#5546 = ( LENGTH_UNIT() NAMED_UNIT(*) SI_UNIT(.MILLI.,.METRE.) );
#5547 = ( NAMED_UNIT(*) PLANE_ANGLE_UNIT() SI_UNIT($,.RADIAN.) );
#5548 = ( NAMED_UNIT(*) SI_UNIT($,.STERADIAN.) SOLID_ANGLE_UNIT() );
#5549 = UNCERTAINTY_MEASURE_WITH_UNIT(LENGTH_MEASURE(1.E-07),#5546,
  'distance_accuracy_value','confusion accuracy');
#5550 = SHAPE_DEFINITION_REPRESENTATION(#5551,#5532);
#5551 = PRODUCT_DEFINITION_SHAPE('','',#5552);
#5552 = PRODUCT_DEFINITION('design','',#5553,#5556);
#5553 = PRODUCT_DEFINITION_FORMATION('','',#5554);
#5554 = PRODUCT('J14','J14','',(#5555));
#5555 = PRODUCT_CONTEXT('',#2,'mechanical');
#5556 = PRODUCT_DEFINITION_CONTEXT('part definition',#2,'design');
#5557 = CONTEXT_DEPENDENT_SHAPE_REPRESENTATION(#5558,#5560);
#5558 = ( REPRESENTATION_RELATIONSHIP('','',#5532,#10) 
REPRESENTATION_RELATIONSHIP_WITH_TRANSFORMATION(#5559) 
SHAPE_REPRESENTATION_RELATIONSHIP() );
#5559 = ITEM_DEFINED_TRANSFORMATION('','',#11,#579);
#5560 = PRODUCT_DEFINITION_SHAPE('Placement','Placement of an item',
  #5561);
#5561 = NEXT_ASSEMBLY_USAGE_OCCURRENCE('142','=>[0:1:1:143]','',#5,#5552
  ,$);
#5562 = PRODUCT_RELATED_PRODUCT_CATEGORY('part',$,(#5554));
#5563 = ADVANCED_BREP_SHAPE_REPRESENTATION('',(#11,#5564),#5576);
#5564 = MANIFOLD_SOLID_BREP('',#5565);
#5565 = CLOSED_SHELL('',(#5566));
#5566 = ADVANCED_FACE('',(#5567),#5571,.T.);
#5567 = FACE_BOUND('',#5568,.T.);
#5568 = VERTEX_LOOP('',#5569);
#5569 = VERTEX_POINT('',#5570);
#5570 = CARTESIAN_POINT('',(1.071565949254E-17,-2.624579619658E-33,
    -0.175));
#5571 = SPHERICAL_SURFACE('',#5572,0.175);
#5572 = AXIS2_PLACEMENT_3D('',#5573,#5574,#5575);
#5573 = CARTESIAN_POINT('',(0.,0.,0.));
#5574 = DIRECTION('',(0.,0.,1.));
#5575 = DIRECTION('',(1.,0.,-0.));
#5576 = ( GEOMETRIC_REPRESENTATION_CONTEXT(3) 
GLOBAL_UNCERTAINTY_ASSIGNED_CONTEXT((#5580)) 
GLOBAL_UNIT_ASSIGNED_CONTEXT((#5577,#5578,#5579)) REPRESENTATION_CONTEXT
('Context #1','3D Context with UNIT and UNCERTAINTY') );
#5577 = ( LENGTH_UNIT() NAMED_UNIT(*) SI_UNIT(.MILLI.,.METRE.) );
#5578 = ( NAMED_UNIT(*) PLANE_ANGLE_UNIT() SI_UNIT($,.RADIAN.) );
#5579 = ( NAMED_UNIT(*) SI_UNIT($,.STERADIAN.) SOLID_ANGLE_UNIT() );
#5580 = UNCERTAINTY_MEASURE_WITH_UNIT(LENGTH_MEASURE(1.E-07),#5577,
  'distance_accuracy_value','confusion accuracy');
#5581 = SHAPE_DEFINITION_REPRESENTATION(#5582,#5563);
#5582 = PRODUCT_DEFINITION_SHAPE('','',#5583);
#5583 = PRODUCT_DEFINITION('design','',#5584,#5587);
#5584 = PRODUCT_DEFINITION_FORMATION('','',#5585);
#5585 = PRODUCT('J15','J15','',(#5586));
#5586 = PRODUCT_CONTEXT('',#2,'mechanical');
#5587 = PRODUCT_DEFINITION_CONTEXT('part definition',#2,'design');
#5588 = CONTEXT_DEPENDENT_SHAPE_REPRESENTATION(#5589,#5591);
#5589 = ( REPRESENTATION_RELATIONSHIP('','',#5563,#10) 
REPRESENTATION_RELATIONSHIP_WITH_TRANSFORMATION(#5590) 
SHAPE_REPRESENTATION_RELATIONSHIP() );
#5590 = ITEM_DEFINED_TRANSFORMATION('','',#11,#583);
#5591 = PRODUCT_DEFINITION_SHAPE('Placement','Placement of an item',
  #5592);
#5592 = NEXT_ASSEMBLY_USAGE_OCCURRENCE('143','=>[0:1:1:144]','',#5,#5583
  ,$);
#5593 = PRODUCT_RELATED_PRODUCT_CATEGORY('part',$,(#5585));
#5594 = ADVANCED_BREP_SHAPE_REPRESENTATION('',(#11,#5595),#5607);
#5595 = MANIFOLD_SOLID_BREP('',#5596);
#5596 = CLOSED_SHELL('',(#5597));
#5597 = ADVANCED_FACE('',(#5598),#5602,.T.);
#5598 = FACE_BOUND('',#5599,.T.);
#5599 = VERTEX_LOOP('',#5600);
#5600 = VERTEX_POINT('',#5601);
#5601 = CARTESIAN_POINT('',(1.071565949254E-17,-2.624579619658E-33,
    -0.175));
#5602 = SPHERICAL_SURFACE('',#5603,0.175);
#5603 = AXIS2_PLACEMENT_3D('',#5604,#5605,#5606);
#5604 = CARTESIAN_POINT('',(0.,0.,0.));
#5605 = DIRECTION('',(0.,0.,1.));
#5606 = DIRECTION('',(1.,0.,-0.));
#5607 = ( GEOMETRIC_REPRESENTATION_CONTEXT(3) 
GLOBAL_UNCERTAINTY_ASSIGNED_CONTEXT((#5611)) 
GLOBAL_UNIT_ASSIGNED_CONTEXT((#5608,#5609,#5610)) REPRESENTATION_CONTEXT
('Context #1','3D Context with UNIT and UNCERTAINTY') );
#5608 = ( LENGTH_UNIT() NAMED_UNIT(*) SI_UNIT(.MILLI.,.METRE.) );
#5609 = ( NAMED_UNIT(*) PLANE_ANGLE_UNIT() SI_UNIT($,.RADIAN.) );
#5610 = ( NAMED_UNIT(*) SI_UNIT($,.STERADIAN.) SOLID_ANGLE_UNIT() );
#5611 = UNCERTAINTY_MEASURE_WITH_UNIT(LENGTH_MEASURE(1.E-07),#5608,
  'distance_accuracy_value','confusion accuracy');
#5612 = SHAPE_DEFINITION_REPRESENTATION(#5613,#5594);
#5613 = PRODUCT_DEFINITION_SHAPE('','',#5614);
#5614 = PRODUCT_DEFINITION('design','',#5615,#5618);
#5615 = PRODUCT_DEFINITION_FORMATION('','',#5616);
#5616 = PRODUCT('J17','J17','',(#5617));
#5617 = PRODUCT_CONTEXT('',#2,'mechanical');
#5618 = PRODUCT_DEFINITION_CONTEXT('part definition',#2,'design');
#5619 = CONTEXT_DEPENDENT_SHAPE_REPRESENTATION(#5620,#5622);
#5620 = ( REPRESENTATION_RELATIONSHIP('','',#5594,#10) 
REPRESENTATION_RELATIONSHIP_WITH_TRANSFORMATION(#5621) 
SHAPE_REPRESENTATION_RELATIONSHIP() );
#5621 = ITEM_DEFINED_TRANSFORMATION('','',#11,#587);
#5622 = PRODUCT_DEFINITION_SHAPE('Placement','Placement of an item',
  #5623);
#5623 = NEXT_ASSEMBLY_USAGE_OCCURRENCE('144','=>[0:1:1:145]','',#5,#5614
  ,$);
#5624 = PRODUCT_RELATED_PRODUCT_CATEGORY('part',$,(#5616));
#5625 = ADVANCED_BREP_SHAPE_REPRESENTATION('',(#11,#5626),#5638);
#5626 = MANIFOLD_SOLID_BREP('',#5627);
#5627 = CLOSED_SHELL('',(#5628));
#5628 = ADVANCED_FACE('',(#5629),#5633,.T.);
#5629 = FACE_BOUND('',#5630,.T.);
#5630 = VERTEX_LOOP('',#5631);
#5631 = VERTEX_POINT('',#5632);
#5632 = CARTESIAN_POINT('',(1.071565949254E-17,-2.624579619658E-33,
    -0.175));
#5633 = SPHERICAL_SURFACE('',#5634,0.175);
#5634 = AXIS2_PLACEMENT_3D('',#5635,#5636,#5637);
#5635 = CARTESIAN_POINT('',(0.,0.,0.));
#5636 = DIRECTION('',(0.,0.,1.));
#5637 = DIRECTION('',(1.,0.,-0.));
#5638 = ( GEOMETRIC_REPRESENTATION_CONTEXT(3) 
GLOBAL_UNCERTAINTY_ASSIGNED_CONTEXT((#5642)) 
GLOBAL_UNIT_ASSIGNED_CONTEXT((#5639,#5640,#5641)) REPRESENTATION_CONTEXT
('Context #1','3D Context with UNIT and UNCERTAINTY') );
#5639 = ( LENGTH_UNIT() NAMED_UNIT(*) SI_UNIT(.MILLI.,.METRE.) );
#5640 = ( NAMED_UNIT(*) PLANE_ANGLE_UNIT() SI_UNIT($,.RADIAN.) );
#5641 = ( NAMED_UNIT(*) SI_UNIT($,.STERADIAN.) SOLID_ANGLE_UNIT() );
#5642 = UNCERTAINTY_MEASURE_WITH_UNIT(LENGTH_MEASURE(1.E-07),#5639,
  'distance_accuracy_value','confusion accuracy');
#5643 = SHAPE_DEFINITION_REPRESENTATION(#5644,#5625);
#5644 = PRODUCT_DEFINITION_SHAPE('','',#5645);
#5645 = PRODUCT_DEFINITION('design','',#5646,#5649);
#5646 = PRODUCT_DEFINITION_FORMATION('','',#5647);
#5647 = PRODUCT('J18','J18','',(#5648));
#5648 = PRODUCT_CONTEXT('',#2,'mechanical');
#5649 = PRODUCT_DEFINITION_CONTEXT('part definition',#2,'design');
#5650 = CONTEXT_DEPENDENT_SHAPE_REPRESENTATION(#5651,#5653);
#5651 = ( REPRESENTATION_RELATIONSHIP('','',#5625,#10) 
REPRESENTATION_RELATIONSHIP_WITH_TRANSFORMATION(#5652) 
SHAPE_REPRESENTATION_RELATIONSHIP() );
#5652 = ITEM_DEFINED_TRANSFORMATION('','',#11,#591);
#5653 = PRODUCT_DEFINITION_SHAPE('Placement','Placement of an item',
  #5654);
#5654 = NEXT_ASSEMBLY_USAGE_OCCURRENCE('145','=>[0:1:1:146]','',#5,#5645
  ,$);
#5655 = PRODUCT_RELATED_PRODUCT_CATEGORY('part',$,(#5647));
#5656 = ADVANCED_BREP_SHAPE_REPRESENTATION('',(#11,#5657),#5669);
#5657 = MANIFOLD_SOLID_BREP('',#5658);
#5658 = CLOSED_SHELL('',(#5659));
#5659 = ADVANCED_FACE('',(#5660),#5664,.T.);
#5660 = FACE_BOUND('',#5661,.T.);
#5661 = VERTEX_LOOP('',#5662);
#5662 = VERTEX_POINT('',#5663);
#5663 = CARTESIAN_POINT('',(1.071565949254E-17,-2.624579619658E-33,
    -0.175));
#5664 = SPHERICAL_SURFACE('',#5665,0.175);
#5665 = AXIS2_PLACEMENT_3D('',#5666,#5667,#5668);
#5666 = CARTESIAN_POINT('',(0.,0.,0.));
#5667 = DIRECTION('',(0.,0.,1.));
#5668 = DIRECTION('',(1.,0.,-0.));
#5669 = ( GEOMETRIC_REPRESENTATION_CONTEXT(3) 
GLOBAL_UNCERTAINTY_ASSIGNED_CONTEXT((#5673)) 
GLOBAL_UNIT_ASSIGNED_CONTEXT((#5670,#5671,#5672)) REPRESENTATION_CONTEXT
('Context #1','3D Context with UNIT and UNCERTAINTY') );
#5670 = ( LENGTH_UNIT() NAMED_UNIT(*) SI_UNIT(.MILLI.,.METRE.) );
#5671 = ( NAMED_UNIT(*) PLANE_ANGLE_UNIT() SI_UNIT($,.RADIAN.) );
#5672 = ( NAMED_UNIT(*) SI_UNIT($,.STERADIAN.) SOLID_ANGLE_UNIT() );
#5673 = UNCERTAINTY_MEASURE_WITH_UNIT(LENGTH_MEASURE(1.E-07),#5670,
  'distance_accuracy_value','confusion accuracy');
#5674 = SHAPE_DEFINITION_REPRESENTATION(#5675,#5656);
#5675 = PRODUCT_DEFINITION_SHAPE('','',#5676);
#5676 = PRODUCT_DEFINITION('design','',#5677,#5680);
#5677 = PRODUCT_DEFINITION_FORMATION('','',#5678);
#5678 = PRODUCT('J19','J19','',(#5679));
#5679 = PRODUCT_CONTEXT('',#2,'mechanical');
#5680 = PRODUCT_DEFINITION_CONTEXT('part definition',#2,'design');
#5681 = CONTEXT_DEPENDENT_SHAPE_REPRESENTATION(#5682,#5684);
#5682 = ( REPRESENTATION_RELATIONSHIP('','',#5656,#10) 
REPRESENTATION_RELATIONSHIP_WITH_TRANSFORMATION(#5683) 
SHAPE_REPRESENTATION_RELATIONSHIP() );
#5683 = ITEM_DEFINED_TRANSFORMATION('','',#11,#595);
#5684 = PRODUCT_DEFINITION_SHAPE('Placement','Placement of an item',
  #5685);
#5685 = NEXT_ASSEMBLY_USAGE_OCCURRENCE('146','=>[0:1:1:147]','',#5,#5676
  ,$);
#5686 = PRODUCT_RELATED_PRODUCT_CATEGORY('part',$,(#5678));
#5687 = ADVANCED_BREP_SHAPE_REPRESENTATION('',(#11,#5688),#5700);
#5688 = MANIFOLD_SOLID_BREP('',#5689);
#5689 = CLOSED_SHELL('',(#5690));
#5690 = ADVANCED_FACE('',(#5691),#5695,.T.);
#5691 = FACE_BOUND('',#5692,.T.);
#5692 = VERTEX_LOOP('',#5693);
#5693 = VERTEX_POINT('',#5694);
#5694 = CARTESIAN_POINT('',(1.071565949254E-17,-2.624579619658E-33,
    -0.175));
#5695 = SPHERICAL_SURFACE('',#5696,0.175);
#5696 = AXIS2_PLACEMENT_3D('',#5697,#5698,#5699);
#5697 = CARTESIAN_POINT('',(0.,0.,0.));
#5698 = DIRECTION('',(0.,0.,1.));
#5699 = DIRECTION('',(1.,0.,-0.));
#5700 = ( GEOMETRIC_REPRESENTATION_CONTEXT(3) 
GLOBAL_UNCERTAINTY_ASSIGNED_CONTEXT((#5704)) 
GLOBAL_UNIT_ASSIGNED_CONTEXT((#5701,#5702,#5703)) REPRESENTATION_CONTEXT
('Context #1','3D Context with UNIT and UNCERTAINTY') );
#5701 = ( LENGTH_UNIT() NAMED_UNIT(*) SI_UNIT(.MILLI.,.METRE.) );
#5702 = ( NAMED_UNIT(*) PLANE_ANGLE_UNIT() SI_UNIT($,.RADIAN.) );
#5703 = ( NAMED_UNIT(*) SI_UNIT($,.STERADIAN.) SOLID_ANGLE_UNIT() );
#5704 = UNCERTAINTY_MEASURE_WITH_UNIT(LENGTH_MEASURE(1.E-07),#5701,
  'distance_accuracy_value','confusion accuracy');
#5705 = SHAPE_DEFINITION_REPRESENTATION(#5706,#5687);
#5706 = PRODUCT_DEFINITION_SHAPE('','',#5707);
#5707 = PRODUCT_DEFINITION('design','',#5708,#5711);
#5708 = PRODUCT_DEFINITION_FORMATION('','',#5709);
#5709 = PRODUCT('J20','J20','',(#5710));
#5710 = PRODUCT_CONTEXT('',#2,'mechanical');
#5711 = PRODUCT_DEFINITION_CONTEXT('part definition',#2,'design');
#5712 = CONTEXT_DEPENDENT_SHAPE_REPRESENTATION(#5713,#5715);
#5713 = ( REPRESENTATION_RELATIONSHIP('','',#5687,#10) 
REPRESENTATION_RELATIONSHIP_WITH_TRANSFORMATION(#5714) 
SHAPE_REPRESENTATION_RELATIONSHIP() );
#5714 = ITEM_DEFINED_TRANSFORMATION('','',#11,#599);
#5715 = PRODUCT_DEFINITION_SHAPE('Placement','Placement of an item',
  #5716);
#5716 = NEXT_ASSEMBLY_USAGE_OCCURRENCE('147','=>[0:1:1:148]','',#5,#5707
  ,$);
#5717 = PRODUCT_RELATED_PRODUCT_CATEGORY('part',$,(#5709));
#5718 = ADVANCED_BREP_SHAPE_REPRESENTATION('',(#11,#5719),#5731);
#5719 = MANIFOLD_SOLID_BREP('',#5720);
#5720 = CLOSED_SHELL('',(#5721));
#5721 = ADVANCED_FACE('',(#5722),#5726,.T.);
#5722 = FACE_BOUND('',#5723,.T.);
#5723 = VERTEX_LOOP('',#5724);
#5724 = VERTEX_POINT('',#5725);
#5725 = CARTESIAN_POINT('',(1.071565949254E-17,-2.624579619658E-33,
    -0.175));
#5726 = SPHERICAL_SURFACE('',#5727,0.175);
#5727 = AXIS2_PLACEMENT_3D('',#5728,#5729,#5730);
#5728 = CARTESIAN_POINT('',(0.,0.,0.));
#5729 = DIRECTION('',(0.,0.,1.));
#5730 = DIRECTION('',(1.,0.,-0.));
#5731 = ( GEOMETRIC_REPRESENTATION_CONTEXT(3) 
GLOBAL_UNCERTAINTY_ASSIGNED_CONTEXT((#5735)) 
GLOBAL_UNIT_ASSIGNED_CONTEXT((#5732,#5733,#5734)) REPRESENTATION_CONTEXT
('Context #1','3D Context with UNIT and UNCERTAINTY') );
#5732 = ( LENGTH_UNIT() NAMED_UNIT(*) SI_UNIT(.MILLI.,.METRE.) );
#5733 = ( NAMED_UNIT(*) PLANE_ANGLE_UNIT() SI_UNIT($,.RADIAN.) );
#5734 = ( NAMED_UNIT(*) SI_UNIT($,.STERADIAN.) SOLID_ANGLE_UNIT() );
#5735 = UNCERTAINTY_MEASURE_WITH_UNIT(LENGTH_MEASURE(1.E-07),#5732,
  'distance_accuracy_value','confusion accuracy');
#5736 = SHAPE_DEFINITION_REPRESENTATION(#5737,#5718);
#5737 = PRODUCT_DEFINITION_SHAPE('','',#5738);
#5738 = PRODUCT_DEFINITION('design','',#5739,#5742);
#5739 = PRODUCT_DEFINITION_FORMATION('','',#5740);
#5740 = PRODUCT('J21','J21','',(#5741));
#5741 = PRODUCT_CONTEXT('',#2,'mechanical');
#5742 = PRODUCT_DEFINITION_CONTEXT('part definition',#2,'design');
#5743 = CONTEXT_DEPENDENT_SHAPE_REPRESENTATION(#5744,#5746);
#5744 = ( REPRESENTATION_RELATIONSHIP('','',#5718,#10) 
REPRESENTATION_RELATIONSHIP_WITH_TRANSFORMATION(#5745) 
SHAPE_REPRESENTATION_RELATIONSHIP() );
#5745 = ITEM_DEFINED_TRANSFORMATION('','',#11,#603);
#5746 = PRODUCT_DEFINITION_SHAPE('Placement','Placement of an item',
  #5747);
#5747 = NEXT_ASSEMBLY_USAGE_OCCURRENCE('148','=>[0:1:1:149]','',#5,#5738
  ,$);
#5748 = PRODUCT_RELATED_PRODUCT_CATEGORY('part',$,(#5740));
#5749 = ADVANCED_BREP_SHAPE_REPRESENTATION('',(#11,#5750),#5762);
#5750 = MANIFOLD_SOLID_BREP('',#5751);
#5751 = CLOSED_SHELL('',(#5752));
#5752 = ADVANCED_FACE('',(#5753),#5757,.T.);
#5753 = FACE_BOUND('',#5754,.T.);
#5754 = VERTEX_LOOP('',#5755);
#5755 = VERTEX_POINT('',#5756);
#5756 = CARTESIAN_POINT('',(1.071565949254E-17,-2.624579619658E-33,
    -0.175));
#5757 = SPHERICAL_SURFACE('',#5758,0.175);
#5758 = AXIS2_PLACEMENT_3D('',#5759,#5760,#5761);
#5759 = CARTESIAN_POINT('',(0.,0.,0.));
#5760 = DIRECTION('',(0.,0.,1.));
#5761 = DIRECTION('',(1.,0.,-0.));
#5762 = ( GEOMETRIC_REPRESENTATION_CONTEXT(3) 
GLOBAL_UNCERTAINTY_ASSIGNED_CONTEXT((#5766)) 
GLOBAL_UNIT_ASSIGNED_CONTEXT((#5763,#5764,#5765)) REPRESENTATION_CONTEXT
('Context #1','3D Context with UNIT and UNCERTAINTY') );
#5763 = ( LENGTH_UNIT() NAMED_UNIT(*) SI_UNIT(.MILLI.,.METRE.) );
#5764 = ( NAMED_UNIT(*) PLANE_ANGLE_UNIT() SI_UNIT($,.RADIAN.) );
#5765 = ( NAMED_UNIT(*) SI_UNIT($,.STERADIAN.) SOLID_ANGLE_UNIT() );
#5766 = UNCERTAINTY_MEASURE_WITH_UNIT(LENGTH_MEASURE(1.E-07),#5763,
  'distance_accuracy_value','confusion accuracy');
#5767 = SHAPE_DEFINITION_REPRESENTATION(#5768,#5749);
#5768 = PRODUCT_DEFINITION_SHAPE('','',#5769);
#5769 = PRODUCT_DEFINITION('design','',#5770,#5773);
#5770 = PRODUCT_DEFINITION_FORMATION('','',#5771);
#5771 = PRODUCT('K1','K1','',(#5772));
#5772 = PRODUCT_CONTEXT('',#2,'mechanical');
#5773 = PRODUCT_DEFINITION_CONTEXT('part definition',#2,'design');
#5774 = CONTEXT_DEPENDENT_SHAPE_REPRESENTATION(#5775,#5777);
#5775 = ( REPRESENTATION_RELATIONSHIP('','',#5749,#10) 
REPRESENTATION_RELATIONSHIP_WITH_TRANSFORMATION(#5776) 
SHAPE_REPRESENTATION_RELATIONSHIP() );
#5776 = ITEM_DEFINED_TRANSFORMATION('','',#11,#607);
#5777 = PRODUCT_DEFINITION_SHAPE('Placement','Placement of an item',
  #5778);
#5778 = NEXT_ASSEMBLY_USAGE_OCCURRENCE('149','=>[0:1:1:150]','',#5,#5769
  ,$);
#5779 = PRODUCT_RELATED_PRODUCT_CATEGORY('part',$,(#5771));
#5780 = ADVANCED_BREP_SHAPE_REPRESENTATION('',(#11,#5781),#5793);
#5781 = MANIFOLD_SOLID_BREP('',#5782);
#5782 = CLOSED_SHELL('',(#5783));
#5783 = ADVANCED_FACE('',(#5784),#5788,.T.);
#5784 = FACE_BOUND('',#5785,.T.);
#5785 = VERTEX_LOOP('',#5786);
#5786 = VERTEX_POINT('',#5787);
#5787 = CARTESIAN_POINT('',(1.071565949254E-17,-2.624579619658E-33,
    -0.175));
#5788 = SPHERICAL_SURFACE('',#5789,0.175);
#5789 = AXIS2_PLACEMENT_3D('',#5790,#5791,#5792);
#5790 = CARTESIAN_POINT('',(0.,0.,0.));
#5791 = DIRECTION('',(0.,0.,1.));
#5792 = DIRECTION('',(1.,0.,-0.));
#5793 = ( GEOMETRIC_REPRESENTATION_CONTEXT(3) 
GLOBAL_UNCERTAINTY_ASSIGNED_CONTEXT((#5797)) 
GLOBAL_UNIT_ASSIGNED_CONTEXT((#5794,#5795,#5796)) REPRESENTATION_CONTEXT
('Context #1','3D Context with UNIT and UNCERTAINTY') );
#5794 = ( LENGTH_UNIT() NAMED_UNIT(*) SI_UNIT(.MILLI.,.METRE.) );
#5795 = ( NAMED_UNIT(*) PLANE_ANGLE_UNIT() SI_UNIT($,.RADIAN.) );
#5796 = ( NAMED_UNIT(*) SI_UNIT($,.STERADIAN.) SOLID_ANGLE_UNIT() );
#5797 = UNCERTAINTY_MEASURE_WITH_UNIT(LENGTH_MEASURE(1.E-07),#5794,
  'distance_accuracy_value','confusion accuracy');
#5798 = SHAPE_DEFINITION_REPRESENTATION(#5799,#5780);
#5799 = PRODUCT_DEFINITION_SHAPE('','',#5800);
#5800 = PRODUCT_DEFINITION('design','',#5801,#5804);
#5801 = PRODUCT_DEFINITION_FORMATION('','',#5802);
#5802 = PRODUCT('K2','K2','',(#5803));
#5803 = PRODUCT_CONTEXT('',#2,'mechanical');
#5804 = PRODUCT_DEFINITION_CONTEXT('part definition',#2,'design');
#5805 = CONTEXT_DEPENDENT_SHAPE_REPRESENTATION(#5806,#5808);
#5806 = ( REPRESENTATION_RELATIONSHIP('','',#5780,#10) 
REPRESENTATION_RELATIONSHIP_WITH_TRANSFORMATION(#5807) 
SHAPE_REPRESENTATION_RELATIONSHIP() );
#5807 = ITEM_DEFINED_TRANSFORMATION('','',#11,#611);
#5808 = PRODUCT_DEFINITION_SHAPE('Placement','Placement of an item',
  #5809);
#5809 = NEXT_ASSEMBLY_USAGE_OCCURRENCE('150','=>[0:1:1:151]','',#5,#5800
  ,$);
#5810 = PRODUCT_RELATED_PRODUCT_CATEGORY('part',$,(#5802));
#5811 = ADVANCED_BREP_SHAPE_REPRESENTATION('',(#11,#5812),#5824);
#5812 = MANIFOLD_SOLID_BREP('',#5813);
#5813 = CLOSED_SHELL('',(#5814));
#5814 = ADVANCED_FACE('',(#5815),#5819,.T.);
#5815 = FACE_BOUND('',#5816,.T.);
#5816 = VERTEX_LOOP('',#5817);
#5817 = VERTEX_POINT('',#5818);
#5818 = CARTESIAN_POINT('',(1.071565949254E-17,-2.624579619658E-33,
    -0.175));
#5819 = SPHERICAL_SURFACE('',#5820,0.175);
#5820 = AXIS2_PLACEMENT_3D('',#5821,#5822,#5823);
#5821 = CARTESIAN_POINT('',(0.,0.,0.));
#5822 = DIRECTION('',(0.,0.,1.));
#5823 = DIRECTION('',(1.,0.,-0.));
#5824 = ( GEOMETRIC_REPRESENTATION_CONTEXT(3) 
GLOBAL_UNCERTAINTY_ASSIGNED_CONTEXT((#5828)) 
GLOBAL_UNIT_ASSIGNED_CONTEXT((#5825,#5826,#5827)) REPRESENTATION_CONTEXT
('Context #1','3D Context with UNIT and UNCERTAINTY') );
#5825 = ( LENGTH_UNIT() NAMED_UNIT(*) SI_UNIT(.MILLI.,.METRE.) );
#5826 = ( NAMED_UNIT(*) PLANE_ANGLE_UNIT() SI_UNIT($,.RADIAN.) );
#5827 = ( NAMED_UNIT(*) SI_UNIT($,.STERADIAN.) SOLID_ANGLE_UNIT() );
#5828 = UNCERTAINTY_MEASURE_WITH_UNIT(LENGTH_MEASURE(1.E-07),#5825,
  'distance_accuracy_value','confusion accuracy');
#5829 = SHAPE_DEFINITION_REPRESENTATION(#5830,#5811);
#5830 = PRODUCT_DEFINITION_SHAPE('','',#5831);
#5831 = PRODUCT_DEFINITION('design','',#5832,#5835);
#5832 = PRODUCT_DEFINITION_FORMATION('','',#5833);
#5833 = PRODUCT('K3','K3','',(#5834));
#5834 = PRODUCT_CONTEXT('',#2,'mechanical');
#5835 = PRODUCT_DEFINITION_CONTEXT('part definition',#2,'design');
#5836 = CONTEXT_DEPENDENT_SHAPE_REPRESENTATION(#5837,#5839);
#5837 = ( REPRESENTATION_RELATIONSHIP('','',#5811,#10) 
REPRESENTATION_RELATIONSHIP_WITH_TRANSFORMATION(#5838) 
SHAPE_REPRESENTATION_RELATIONSHIP() );
#5838 = ITEM_DEFINED_TRANSFORMATION('','',#11,#615);
#5839 = PRODUCT_DEFINITION_SHAPE('Placement','Placement of an item',
  #5840);
#5840 = NEXT_ASSEMBLY_USAGE_OCCURRENCE('151','=>[0:1:1:152]','',#5,#5831
  ,$);
#5841 = PRODUCT_RELATED_PRODUCT_CATEGORY('part',$,(#5833));
#5842 = ADVANCED_BREP_SHAPE_REPRESENTATION('',(#11,#5843),#5855);
#5843 = MANIFOLD_SOLID_BREP('',#5844);
#5844 = CLOSED_SHELL('',(#5845));
#5845 = ADVANCED_FACE('',(#5846),#5850,.T.);
#5846 = FACE_BOUND('',#5847,.T.);
#5847 = VERTEX_LOOP('',#5848);
#5848 = VERTEX_POINT('',#5849);
#5849 = CARTESIAN_POINT('',(1.071565949254E-17,-2.624579619658E-33,
    -0.175));
#5850 = SPHERICAL_SURFACE('',#5851,0.175);
#5851 = AXIS2_PLACEMENT_3D('',#5852,#5853,#5854);
#5852 = CARTESIAN_POINT('',(0.,0.,0.));
#5853 = DIRECTION('',(0.,0.,1.));
#5854 = DIRECTION('',(1.,0.,-0.));
#5855 = ( GEOMETRIC_REPRESENTATION_CONTEXT(3) 
GLOBAL_UNCERTAINTY_ASSIGNED_CONTEXT((#5859)) 
GLOBAL_UNIT_ASSIGNED_CONTEXT((#5856,#5857,#5858)) REPRESENTATION_CONTEXT
('Context #1','3D Context with UNIT and UNCERTAINTY') );
#5856 = ( LENGTH_UNIT() NAMED_UNIT(*) SI_UNIT(.MILLI.,.METRE.) );
#5857 = ( NAMED_UNIT(*) PLANE_ANGLE_UNIT() SI_UNIT($,.RADIAN.) );
#5858 = ( NAMED_UNIT(*) SI_UNIT($,.STERADIAN.) SOLID_ANGLE_UNIT() );
#5859 = UNCERTAINTY_MEASURE_WITH_UNIT(LENGTH_MEASURE(1.E-07),#5856,
  'distance_accuracy_value','confusion accuracy');
#5860 = SHAPE_DEFINITION_REPRESENTATION(#5861,#5842);
#5861 = PRODUCT_DEFINITION_SHAPE('','',#5862);
#5862 = PRODUCT_DEFINITION('design','',#5863,#5866);
#5863 = PRODUCT_DEFINITION_FORMATION('','',#5864);
#5864 = PRODUCT('K4','K4','',(#5865));
#5865 = PRODUCT_CONTEXT('',#2,'mechanical');
#5866 = PRODUCT_DEFINITION_CONTEXT('part definition',#2,'design');
#5867 = CONTEXT_DEPENDENT_SHAPE_REPRESENTATION(#5868,#5870);
#5868 = ( REPRESENTATION_RELATIONSHIP('','',#5842,#10) 
REPRESENTATION_RELATIONSHIP_WITH_TRANSFORMATION(#5869) 
SHAPE_REPRESENTATION_RELATIONSHIP() );
#5869 = ITEM_DEFINED_TRANSFORMATION('','',#11,#619);
#5870 = PRODUCT_DEFINITION_SHAPE('Placement','Placement of an item',
  #5871);
#5871 = NEXT_ASSEMBLY_USAGE_OCCURRENCE('152','=>[0:1:1:153]','',#5,#5862
  ,$);
#5872 = PRODUCT_RELATED_PRODUCT_CATEGORY('part',$,(#5864));
#5873 = ADVANCED_BREP_SHAPE_REPRESENTATION('',(#11,#5874),#5886);
#5874 = MANIFOLD_SOLID_BREP('',#5875);
#5875 = CLOSED_SHELL('',(#5876));
#5876 = ADVANCED_FACE('',(#5877),#5881,.T.);
#5877 = FACE_BOUND('',#5878,.T.);
#5878 = VERTEX_LOOP('',#5879);
#5879 = VERTEX_POINT('',#5880);
#5880 = CARTESIAN_POINT('',(1.071565949254E-17,-2.624579619658E-33,
    -0.175));
#5881 = SPHERICAL_SURFACE('',#5882,0.175);
#5882 = AXIS2_PLACEMENT_3D('',#5883,#5884,#5885);
#5883 = CARTESIAN_POINT('',(0.,0.,0.));
#5884 = DIRECTION('',(0.,0.,1.));
#5885 = DIRECTION('',(1.,0.,-0.));
#5886 = ( GEOMETRIC_REPRESENTATION_CONTEXT(3) 
GLOBAL_UNCERTAINTY_ASSIGNED_CONTEXT((#5890)) 
GLOBAL_UNIT_ASSIGNED_CONTEXT((#5887,#5888,#5889)) REPRESENTATION_CONTEXT
('Context #1','3D Context with UNIT and UNCERTAINTY') );
#5887 = ( LENGTH_UNIT() NAMED_UNIT(*) SI_UNIT(.MILLI.,.METRE.) );
#5888 = ( NAMED_UNIT(*) PLANE_ANGLE_UNIT() SI_UNIT($,.RADIAN.) );
#5889 = ( NAMED_UNIT(*) SI_UNIT($,.STERADIAN.) SOLID_ANGLE_UNIT() );
#5890 = UNCERTAINTY_MEASURE_WITH_UNIT(LENGTH_MEASURE(1.E-07),#5887,
  'distance_accuracy_value','confusion accuracy');
#5891 = SHAPE_DEFINITION_REPRESENTATION(#5892,#5873);
#5892 = PRODUCT_DEFINITION_SHAPE('','',#5893);
#5893 = PRODUCT_DEFINITION('design','',#5894,#5897);
#5894 = PRODUCT_DEFINITION_FORMATION('','',#5895);
#5895 = PRODUCT('K5','K5','',(#5896));
#5896 = PRODUCT_CONTEXT('',#2,'mechanical');
#5897 = PRODUCT_DEFINITION_CONTEXT('part definition',#2,'design');
#5898 = CONTEXT_DEPENDENT_SHAPE_REPRESENTATION(#5899,#5901);
#5899 = ( REPRESENTATION_RELATIONSHIP('','',#5873,#10) 
REPRESENTATION_RELATIONSHIP_WITH_TRANSFORMATION(#5900) 
SHAPE_REPRESENTATION_RELATIONSHIP() );
#5900 = ITEM_DEFINED_TRANSFORMATION('','',#11,#623);
#5901 = PRODUCT_DEFINITION_SHAPE('Placement','Placement of an item',
  #5902);
#5902 = NEXT_ASSEMBLY_USAGE_OCCURRENCE('153','=>[0:1:1:154]','',#5,#5893
  ,$);
#5903 = PRODUCT_RELATED_PRODUCT_CATEGORY('part',$,(#5895));
#5904 = ADVANCED_BREP_SHAPE_REPRESENTATION('',(#11,#5905),#5917);
#5905 = MANIFOLD_SOLID_BREP('',#5906);
#5906 = CLOSED_SHELL('',(#5907));
#5907 = ADVANCED_FACE('',(#5908),#5912,.T.);
#5908 = FACE_BOUND('',#5909,.T.);
#5909 = VERTEX_LOOP('',#5910);
#5910 = VERTEX_POINT('',#5911);
#5911 = CARTESIAN_POINT('',(1.071565949254E-17,-2.624579619658E-33,
    -0.175));
#5912 = SPHERICAL_SURFACE('',#5913,0.175);
#5913 = AXIS2_PLACEMENT_3D('',#5914,#5915,#5916);
#5914 = CARTESIAN_POINT('',(0.,0.,0.));
#5915 = DIRECTION('',(0.,0.,1.));
#5916 = DIRECTION('',(1.,0.,-0.));
#5917 = ( GEOMETRIC_REPRESENTATION_CONTEXT(3) 
GLOBAL_UNCERTAINTY_ASSIGNED_CONTEXT((#5921)) 
GLOBAL_UNIT_ASSIGNED_CONTEXT((#5918,#5919,#5920)) REPRESENTATION_CONTEXT
('Context #1','3D Context with UNIT and UNCERTAINTY') );
#5918 = ( LENGTH_UNIT() NAMED_UNIT(*) SI_UNIT(.MILLI.,.METRE.) );
#5919 = ( NAMED_UNIT(*) PLANE_ANGLE_UNIT() SI_UNIT($,.RADIAN.) );
#5920 = ( NAMED_UNIT(*) SI_UNIT($,.STERADIAN.) SOLID_ANGLE_UNIT() );
#5921 = UNCERTAINTY_MEASURE_WITH_UNIT(LENGTH_MEASURE(1.E-07),#5918,
  'distance_accuracy_value','confusion accuracy');
#5922 = SHAPE_DEFINITION_REPRESENTATION(#5923,#5904);
#5923 = PRODUCT_DEFINITION_SHAPE('','',#5924);
#5924 = PRODUCT_DEFINITION('design','',#5925,#5928);
#5925 = PRODUCT_DEFINITION_FORMATION('','',#5926);
#5926 = PRODUCT('K6','K6','',(#5927));
#5927 = PRODUCT_CONTEXT('',#2,'mechanical');
#5928 = PRODUCT_DEFINITION_CONTEXT('part definition',#2,'design');
#5929 = CONTEXT_DEPENDENT_SHAPE_REPRESENTATION(#5930,#5932);
#5930 = ( REPRESENTATION_RELATIONSHIP('','',#5904,#10) 
REPRESENTATION_RELATIONSHIP_WITH_TRANSFORMATION(#5931) 
SHAPE_REPRESENTATION_RELATIONSHIP() );
#5931 = ITEM_DEFINED_TRANSFORMATION('','',#11,#627);
#5932 = PRODUCT_DEFINITION_SHAPE('Placement','Placement of an item',
  #5933);
#5933 = NEXT_ASSEMBLY_USAGE_OCCURRENCE('154','=>[0:1:1:155]','',#5,#5924
  ,$);
#5934 = PRODUCT_RELATED_PRODUCT_CATEGORY('part',$,(#5926));
#5935 = ADVANCED_BREP_SHAPE_REPRESENTATION('',(#11,#5936),#5948);
#5936 = MANIFOLD_SOLID_BREP('',#5937);
#5937 = CLOSED_SHELL('',(#5938));
#5938 = ADVANCED_FACE('',(#5939),#5943,.T.);
#5939 = FACE_BOUND('',#5940,.T.);
#5940 = VERTEX_LOOP('',#5941);
#5941 = VERTEX_POINT('',#5942);
#5942 = CARTESIAN_POINT('',(1.071565949254E-17,-2.624579619658E-33,
    -0.175));
#5943 = SPHERICAL_SURFACE('',#5944,0.175);
#5944 = AXIS2_PLACEMENT_3D('',#5945,#5946,#5947);
#5945 = CARTESIAN_POINT('',(0.,0.,0.));
#5946 = DIRECTION('',(0.,0.,1.));
#5947 = DIRECTION('',(1.,0.,-0.));
#5948 = ( GEOMETRIC_REPRESENTATION_CONTEXT(3) 
GLOBAL_UNCERTAINTY_ASSIGNED_CONTEXT((#5952)) 
GLOBAL_UNIT_ASSIGNED_CONTEXT((#5949,#5950,#5951)) REPRESENTATION_CONTEXT
('Context #1','3D Context with UNIT and UNCERTAINTY') );
#5949 = ( LENGTH_UNIT() NAMED_UNIT(*) SI_UNIT(.MILLI.,.METRE.) );
#5950 = ( NAMED_UNIT(*) PLANE_ANGLE_UNIT() SI_UNIT($,.RADIAN.) );
#5951 = ( NAMED_UNIT(*) SI_UNIT($,.STERADIAN.) SOLID_ANGLE_UNIT() );
#5952 = UNCERTAINTY_MEASURE_WITH_UNIT(LENGTH_MEASURE(1.E-07),#5949,
  'distance_accuracy_value','confusion accuracy');
#5953 = SHAPE_DEFINITION_REPRESENTATION(#5954,#5935);
#5954 = PRODUCT_DEFINITION_SHAPE('','',#5955);
#5955 = PRODUCT_DEFINITION('design','',#5956,#5959);
#5956 = PRODUCT_DEFINITION_FORMATION('','',#5957);
#5957 = PRODUCT('K8','K8','',(#5958));
#5958 = PRODUCT_CONTEXT('',#2,'mechanical');
#5959 = PRODUCT_DEFINITION_CONTEXT('part definition',#2,'design');
#5960 = CONTEXT_DEPENDENT_SHAPE_REPRESENTATION(#5961,#5963);
#5961 = ( REPRESENTATION_RELATIONSHIP('','',#5935,#10) 
REPRESENTATION_RELATIONSHIP_WITH_TRANSFORMATION(#5962) 
SHAPE_REPRESENTATION_RELATIONSHIP() );
#5962 = ITEM_DEFINED_TRANSFORMATION('','',#11,#631);
#5963 = PRODUCT_DEFINITION_SHAPE('Placement','Placement of an item',
  #5964);
#5964 = NEXT_ASSEMBLY_USAGE_OCCURRENCE('155','=>[0:1:1:156]','',#5,#5955
  ,$);
#5965 = PRODUCT_RELATED_PRODUCT_CATEGORY('part',$,(#5957));
#5966 = ADVANCED_BREP_SHAPE_REPRESENTATION('',(#11,#5967),#5979);
#5967 = MANIFOLD_SOLID_BREP('',#5968);
#5968 = CLOSED_SHELL('',(#5969));
#5969 = ADVANCED_FACE('',(#5970),#5974,.T.);
#5970 = FACE_BOUND('',#5971,.T.);
#5971 = VERTEX_LOOP('',#5972);
#5972 = VERTEX_POINT('',#5973);
#5973 = CARTESIAN_POINT('',(1.071565949254E-17,-2.624579619658E-33,
    -0.175));
#5974 = SPHERICAL_SURFACE('',#5975,0.175);
#5975 = AXIS2_PLACEMENT_3D('',#5976,#5977,#5978);
#5976 = CARTESIAN_POINT('',(0.,0.,0.));
#5977 = DIRECTION('',(0.,0.,1.));
#5978 = DIRECTION('',(1.,0.,-0.));
#5979 = ( GEOMETRIC_REPRESENTATION_CONTEXT(3) 
GLOBAL_UNCERTAINTY_ASSIGNED_CONTEXT((#5983)) 
GLOBAL_UNIT_ASSIGNED_CONTEXT((#5980,#5981,#5982)) REPRESENTATION_CONTEXT
('Context #1','3D Context with UNIT and UNCERTAINTY') );
#5980 = ( LENGTH_UNIT() NAMED_UNIT(*) SI_UNIT(.MILLI.,.METRE.) );
#5981 = ( NAMED_UNIT(*) PLANE_ANGLE_UNIT() SI_UNIT($,.RADIAN.) );
#5982 = ( NAMED_UNIT(*) SI_UNIT($,.STERADIAN.) SOLID_ANGLE_UNIT() );
#5983 = UNCERTAINTY_MEASURE_WITH_UNIT(LENGTH_MEASURE(1.E-07),#5980,
  'distance_accuracy_value','confusion accuracy');
#5984 = SHAPE_DEFINITION_REPRESENTATION(#5985,#5966);
#5985 = PRODUCT_DEFINITION_SHAPE('','',#5986);
#5986 = PRODUCT_DEFINITION('design','',#5987,#5990);
#5987 = PRODUCT_DEFINITION_FORMATION('','',#5988);
#5988 = PRODUCT('K9','K9','',(#5989));
#5989 = PRODUCT_CONTEXT('',#2,'mechanical');
#5990 = PRODUCT_DEFINITION_CONTEXT('part definition',#2,'design');
#5991 = CONTEXT_DEPENDENT_SHAPE_REPRESENTATION(#5992,#5994);
#5992 = ( REPRESENTATION_RELATIONSHIP('','',#5966,#10) 
REPRESENTATION_RELATIONSHIP_WITH_TRANSFORMATION(#5993) 
SHAPE_REPRESENTATION_RELATIONSHIP() );
#5993 = ITEM_DEFINED_TRANSFORMATION('','',#11,#635);
#5994 = PRODUCT_DEFINITION_SHAPE('Placement','Placement of an item',
  #5995);
#5995 = NEXT_ASSEMBLY_USAGE_OCCURRENCE('156','=>[0:1:1:157]','',#5,#5986
  ,$);
#5996 = PRODUCT_RELATED_PRODUCT_CATEGORY('part',$,(#5988));
#5997 = ADVANCED_BREP_SHAPE_REPRESENTATION('',(#11,#5998),#6010);
#5998 = MANIFOLD_SOLID_BREP('',#5999);
#5999 = CLOSED_SHELL('',(#6000));
#6000 = ADVANCED_FACE('',(#6001),#6005,.T.);
#6001 = FACE_BOUND('',#6002,.T.);
#6002 = VERTEX_LOOP('',#6003);
#6003 = VERTEX_POINT('',#6004);
#6004 = CARTESIAN_POINT('',(1.071565949254E-17,-2.624579619658E-33,
    -0.175));
#6005 = SPHERICAL_SURFACE('',#6006,0.175);
#6006 = AXIS2_PLACEMENT_3D('',#6007,#6008,#6009);
#6007 = CARTESIAN_POINT('',(0.,0.,0.));
#6008 = DIRECTION('',(0.,0.,1.));
#6009 = DIRECTION('',(1.,0.,-0.));
#6010 = ( GEOMETRIC_REPRESENTATION_CONTEXT(3) 
GLOBAL_UNCERTAINTY_ASSIGNED_CONTEXT((#6014)) 
GLOBAL_UNIT_ASSIGNED_CONTEXT((#6011,#6012,#6013)) REPRESENTATION_CONTEXT
('Context #1','3D Context with UNIT and UNCERTAINTY') );
#6011 = ( LENGTH_UNIT() NAMED_UNIT(*) SI_UNIT(.MILLI.,.METRE.) );
#6012 = ( NAMED_UNIT(*) PLANE_ANGLE_UNIT() SI_UNIT($,.RADIAN.) );
#6013 = ( NAMED_UNIT(*) SI_UNIT($,.STERADIAN.) SOLID_ANGLE_UNIT() );
#6014 = UNCERTAINTY_MEASURE_WITH_UNIT(LENGTH_MEASURE(1.E-07),#6011,
  'distance_accuracy_value','confusion accuracy');
#6015 = SHAPE_DEFINITION_REPRESENTATION(#6016,#5997);
#6016 = PRODUCT_DEFINITION_SHAPE('','',#6017);
#6017 = PRODUCT_DEFINITION('design','',#6018,#6021);
#6018 = PRODUCT_DEFINITION_FORMATION('','',#6019);
#6019 = PRODUCT('K10','K10','',(#6020));
#6020 = PRODUCT_CONTEXT('',#2,'mechanical');
#6021 = PRODUCT_DEFINITION_CONTEXT('part definition',#2,'design');
#6022 = CONTEXT_DEPENDENT_SHAPE_REPRESENTATION(#6023,#6025);
#6023 = ( REPRESENTATION_RELATIONSHIP('','',#5997,#10) 
REPRESENTATION_RELATIONSHIP_WITH_TRANSFORMATION(#6024) 
SHAPE_REPRESENTATION_RELATIONSHIP() );
#6024 = ITEM_DEFINED_TRANSFORMATION('','',#11,#639);
#6025 = PRODUCT_DEFINITION_SHAPE('Placement','Placement of an item',
  #6026);
#6026 = NEXT_ASSEMBLY_USAGE_OCCURRENCE('157','=>[0:1:1:158]','',#5,#6017
  ,$);
#6027 = PRODUCT_RELATED_PRODUCT_CATEGORY('part',$,(#6019));
#6028 = ADVANCED_BREP_SHAPE_REPRESENTATION('',(#11,#6029),#6041);
#6029 = MANIFOLD_SOLID_BREP('',#6030);
#6030 = CLOSED_SHELL('',(#6031));
#6031 = ADVANCED_FACE('',(#6032),#6036,.T.);
#6032 = FACE_BOUND('',#6033,.T.);
#6033 = VERTEX_LOOP('',#6034);
#6034 = VERTEX_POINT('',#6035);
#6035 = CARTESIAN_POINT('',(1.071565949254E-17,-2.624579619658E-33,
    -0.175));
#6036 = SPHERICAL_SURFACE('',#6037,0.175);
#6037 = AXIS2_PLACEMENT_3D('',#6038,#6039,#6040);
#6038 = CARTESIAN_POINT('',(0.,0.,0.));
#6039 = DIRECTION('',(0.,0.,1.));
#6040 = DIRECTION('',(1.,0.,-0.));
#6041 = ( GEOMETRIC_REPRESENTATION_CONTEXT(3) 
GLOBAL_UNCERTAINTY_ASSIGNED_CONTEXT((#6045)) 
GLOBAL_UNIT_ASSIGNED_CONTEXT((#6042,#6043,#6044)) REPRESENTATION_CONTEXT
('Context #1','3D Context with UNIT and UNCERTAINTY') );
#6042 = ( LENGTH_UNIT() NAMED_UNIT(*) SI_UNIT(.MILLI.,.METRE.) );
#6043 = ( NAMED_UNIT(*) PLANE_ANGLE_UNIT() SI_UNIT($,.RADIAN.) );
#6044 = ( NAMED_UNIT(*) SI_UNIT($,.STERADIAN.) SOLID_ANGLE_UNIT() );
#6045 = UNCERTAINTY_MEASURE_WITH_UNIT(LENGTH_MEASURE(1.E-07),#6042,
  'distance_accuracy_value','confusion accuracy');
#6046 = SHAPE_DEFINITION_REPRESENTATION(#6047,#6028);
#6047 = PRODUCT_DEFINITION_SHAPE('','',#6048);
#6048 = PRODUCT_DEFINITION('design','',#6049,#6052);
#6049 = PRODUCT_DEFINITION_FORMATION('','',#6050);
#6050 = PRODUCT('K11','K11','',(#6051));
#6051 = PRODUCT_CONTEXT('',#2,'mechanical');
#6052 = PRODUCT_DEFINITION_CONTEXT('part definition',#2,'design');
#6053 = CONTEXT_DEPENDENT_SHAPE_REPRESENTATION(#6054,#6056);
#6054 = ( REPRESENTATION_RELATIONSHIP('','',#6028,#10) 
REPRESENTATION_RELATIONSHIP_WITH_TRANSFORMATION(#6055) 
SHAPE_REPRESENTATION_RELATIONSHIP() );
#6055 = ITEM_DEFINED_TRANSFORMATION('','',#11,#643);
#6056 = PRODUCT_DEFINITION_SHAPE('Placement','Placement of an item',
  #6057);
#6057 = NEXT_ASSEMBLY_USAGE_OCCURRENCE('158','=>[0:1:1:159]','',#5,#6048
  ,$);
#6058 = PRODUCT_RELATED_PRODUCT_CATEGORY('part',$,(#6050));
#6059 = ADVANCED_BREP_SHAPE_REPRESENTATION('',(#11,#6060),#6072);
#6060 = MANIFOLD_SOLID_BREP('',#6061);
#6061 = CLOSED_SHELL('',(#6062));
#6062 = ADVANCED_FACE('',(#6063),#6067,.T.);
#6063 = FACE_BOUND('',#6064,.T.);
#6064 = VERTEX_LOOP('',#6065);
#6065 = VERTEX_POINT('',#6066);
#6066 = CARTESIAN_POINT('',(1.071565949254E-17,-2.624579619658E-33,
    -0.175));
#6067 = SPHERICAL_SURFACE('',#6068,0.175);
#6068 = AXIS2_PLACEMENT_3D('',#6069,#6070,#6071);
#6069 = CARTESIAN_POINT('',(0.,0.,0.));
#6070 = DIRECTION('',(0.,0.,1.));
#6071 = DIRECTION('',(1.,0.,-0.));
#6072 = ( GEOMETRIC_REPRESENTATION_CONTEXT(3) 
GLOBAL_UNCERTAINTY_ASSIGNED_CONTEXT((#6076)) 
GLOBAL_UNIT_ASSIGNED_CONTEXT((#6073,#6074,#6075)) REPRESENTATION_CONTEXT
('Context #1','3D Context with UNIT and UNCERTAINTY') );
#6073 = ( LENGTH_UNIT() NAMED_UNIT(*) SI_UNIT(.MILLI.,.METRE.) );
#6074 = ( NAMED_UNIT(*) PLANE_ANGLE_UNIT() SI_UNIT($,.RADIAN.) );
#6075 = ( NAMED_UNIT(*) SI_UNIT($,.STERADIAN.) SOLID_ANGLE_UNIT() );
#6076 = UNCERTAINTY_MEASURE_WITH_UNIT(LENGTH_MEASURE(1.E-07),#6073,
  'distance_accuracy_value','confusion accuracy');
#6077 = SHAPE_DEFINITION_REPRESENTATION(#6078,#6059);
#6078 = PRODUCT_DEFINITION_SHAPE('','',#6079);
#6079 = PRODUCT_DEFINITION('design','',#6080,#6083);
#6080 = PRODUCT_DEFINITION_FORMATION('','',#6081);
#6081 = PRODUCT('K12','K12','',(#6082));
#6082 = PRODUCT_CONTEXT('',#2,'mechanical');
#6083 = PRODUCT_DEFINITION_CONTEXT('part definition',#2,'design');
#6084 = CONTEXT_DEPENDENT_SHAPE_REPRESENTATION(#6085,#6087);
#6085 = ( REPRESENTATION_RELATIONSHIP('','',#6059,#10) 
REPRESENTATION_RELATIONSHIP_WITH_TRANSFORMATION(#6086) 
SHAPE_REPRESENTATION_RELATIONSHIP() );
#6086 = ITEM_DEFINED_TRANSFORMATION('','',#11,#647);
#6087 = PRODUCT_DEFINITION_SHAPE('Placement','Placement of an item',
  #6088);
#6088 = NEXT_ASSEMBLY_USAGE_OCCURRENCE('159','=>[0:1:1:160]','',#5,#6079
  ,$);
#6089 = PRODUCT_RELATED_PRODUCT_CATEGORY('part',$,(#6081));
#6090 = ADVANCED_BREP_SHAPE_REPRESENTATION('',(#11,#6091),#6103);
#6091 = MANIFOLD_SOLID_BREP('',#6092);
#6092 = CLOSED_SHELL('',(#6093));
#6093 = ADVANCED_FACE('',(#6094),#6098,.T.);
#6094 = FACE_BOUND('',#6095,.T.);
#6095 = VERTEX_LOOP('',#6096);
#6096 = VERTEX_POINT('',#6097);
#6097 = CARTESIAN_POINT('',(1.071565949254E-17,-2.624579619658E-33,
    -0.175));
#6098 = SPHERICAL_SURFACE('',#6099,0.175);
#6099 = AXIS2_PLACEMENT_3D('',#6100,#6101,#6102);
#6100 = CARTESIAN_POINT('',(0.,0.,0.));
#6101 = DIRECTION('',(0.,0.,1.));
#6102 = DIRECTION('',(1.,0.,-0.));
#6103 = ( GEOMETRIC_REPRESENTATION_CONTEXT(3) 
GLOBAL_UNCERTAINTY_ASSIGNED_CONTEXT((#6107)) 
GLOBAL_UNIT_ASSIGNED_CONTEXT((#6104,#6105,#6106)) REPRESENTATION_CONTEXT
('Context #1','3D Context with UNIT and UNCERTAINTY') );
#6104 = ( LENGTH_UNIT() NAMED_UNIT(*) SI_UNIT(.MILLI.,.METRE.) );
#6105 = ( NAMED_UNIT(*) PLANE_ANGLE_UNIT() SI_UNIT($,.RADIAN.) );
#6106 = ( NAMED_UNIT(*) SI_UNIT($,.STERADIAN.) SOLID_ANGLE_UNIT() );
#6107 = UNCERTAINTY_MEASURE_WITH_UNIT(LENGTH_MEASURE(1.E-07),#6104,
  'distance_accuracy_value','confusion accuracy');
#6108 = SHAPE_DEFINITION_REPRESENTATION(#6109,#6090);
#6109 = PRODUCT_DEFINITION_SHAPE('','',#6110);
#6110 = PRODUCT_DEFINITION('design','',#6111,#6114);
#6111 = PRODUCT_DEFINITION_FORMATION('','',#6112);
#6112 = PRODUCT('K13','K13','',(#6113));
#6113 = PRODUCT_CONTEXT('',#2,'mechanical');
#6114 = PRODUCT_DEFINITION_CONTEXT('part definition',#2,'design');
#6115 = CONTEXT_DEPENDENT_SHAPE_REPRESENTATION(#6116,#6118);
#6116 = ( REPRESENTATION_RELATIONSHIP('','',#6090,#10) 
REPRESENTATION_RELATIONSHIP_WITH_TRANSFORMATION(#6117) 
SHAPE_REPRESENTATION_RELATIONSHIP() );
#6117 = ITEM_DEFINED_TRANSFORMATION('','',#11,#651);
#6118 = PRODUCT_DEFINITION_SHAPE('Placement','Placement of an item',
  #6119);
#6119 = NEXT_ASSEMBLY_USAGE_OCCURRENCE('160','=>[0:1:1:161]','',#5,#6110
  ,$);
#6120 = PRODUCT_RELATED_PRODUCT_CATEGORY('part',$,(#6112));
#6121 = ADVANCED_BREP_SHAPE_REPRESENTATION('',(#11,#6122),#6134);
#6122 = MANIFOLD_SOLID_BREP('',#6123);
#6123 = CLOSED_SHELL('',(#6124));
#6124 = ADVANCED_FACE('',(#6125),#6129,.T.);
#6125 = FACE_BOUND('',#6126,.T.);
#6126 = VERTEX_LOOP('',#6127);
#6127 = VERTEX_POINT('',#6128);
#6128 = CARTESIAN_POINT('',(1.071565949254E-17,-2.624579619658E-33,
    -0.175));
#6129 = SPHERICAL_SURFACE('',#6130,0.175);
#6130 = AXIS2_PLACEMENT_3D('',#6131,#6132,#6133);
#6131 = CARTESIAN_POINT('',(0.,0.,0.));
#6132 = DIRECTION('',(0.,0.,1.));
#6133 = DIRECTION('',(1.,0.,-0.));
#6134 = ( GEOMETRIC_REPRESENTATION_CONTEXT(3) 
GLOBAL_UNCERTAINTY_ASSIGNED_CONTEXT((#6138)) 
GLOBAL_UNIT_ASSIGNED_CONTEXT((#6135,#6136,#6137)) REPRESENTATION_CONTEXT
('Context #1','3D Context with UNIT and UNCERTAINTY') );
#6135 = ( LENGTH_UNIT() NAMED_UNIT(*) SI_UNIT(.MILLI.,.METRE.) );
#6136 = ( NAMED_UNIT(*) PLANE_ANGLE_UNIT() SI_UNIT($,.RADIAN.) );
#6137 = ( NAMED_UNIT(*) SI_UNIT($,.STERADIAN.) SOLID_ANGLE_UNIT() );
#6138 = UNCERTAINTY_MEASURE_WITH_UNIT(LENGTH_MEASURE(1.E-07),#6135,
  'distance_accuracy_value','confusion accuracy');
#6139 = SHAPE_DEFINITION_REPRESENTATION(#6140,#6121);
#6140 = PRODUCT_DEFINITION_SHAPE('','',#6141);
#6141 = PRODUCT_DEFINITION('design','',#6142,#6145);
#6142 = PRODUCT_DEFINITION_FORMATION('','',#6143);
#6143 = PRODUCT('K14','K14','',(#6144));
#6144 = PRODUCT_CONTEXT('',#2,'mechanical');
#6145 = PRODUCT_DEFINITION_CONTEXT('part definition',#2,'design');
#6146 = CONTEXT_DEPENDENT_SHAPE_REPRESENTATION(#6147,#6149);
#6147 = ( REPRESENTATION_RELATIONSHIP('','',#6121,#10) 
REPRESENTATION_RELATIONSHIP_WITH_TRANSFORMATION(#6148) 
SHAPE_REPRESENTATION_RELATIONSHIP() );
#6148 = ITEM_DEFINED_TRANSFORMATION('','',#11,#655);
#6149 = PRODUCT_DEFINITION_SHAPE('Placement','Placement of an item',
  #6150);
#6150 = NEXT_ASSEMBLY_USAGE_OCCURRENCE('161','=>[0:1:1:162]','',#5,#6141
  ,$);
#6151 = PRODUCT_RELATED_PRODUCT_CATEGORY('part',$,(#6143));
#6152 = ADVANCED_BREP_SHAPE_REPRESENTATION('',(#11,#6153),#6165);
#6153 = MANIFOLD_SOLID_BREP('',#6154);
#6154 = CLOSED_SHELL('',(#6155));
#6155 = ADVANCED_FACE('',(#6156),#6160,.T.);
#6156 = FACE_BOUND('',#6157,.T.);
#6157 = VERTEX_LOOP('',#6158);
#6158 = VERTEX_POINT('',#6159);
#6159 = CARTESIAN_POINT('',(1.071565949254E-17,-2.624579619658E-33,
    -0.175));
#6160 = SPHERICAL_SURFACE('',#6161,0.175);
#6161 = AXIS2_PLACEMENT_3D('',#6162,#6163,#6164);
#6162 = CARTESIAN_POINT('',(0.,0.,0.));
#6163 = DIRECTION('',(0.,0.,1.));
#6164 = DIRECTION('',(1.,0.,-0.));
#6165 = ( GEOMETRIC_REPRESENTATION_CONTEXT(3) 
GLOBAL_UNCERTAINTY_ASSIGNED_CONTEXT((#6169)) 
GLOBAL_UNIT_ASSIGNED_CONTEXT((#6166,#6167,#6168)) REPRESENTATION_CONTEXT
('Context #1','3D Context with UNIT and UNCERTAINTY') );
#6166 = ( LENGTH_UNIT() NAMED_UNIT(*) SI_UNIT(.MILLI.,.METRE.) );
#6167 = ( NAMED_UNIT(*) PLANE_ANGLE_UNIT() SI_UNIT($,.RADIAN.) );
#6168 = ( NAMED_UNIT(*) SI_UNIT($,.STERADIAN.) SOLID_ANGLE_UNIT() );
#6169 = UNCERTAINTY_MEASURE_WITH_UNIT(LENGTH_MEASURE(1.E-07),#6166,
  'distance_accuracy_value','confusion accuracy');
#6170 = SHAPE_DEFINITION_REPRESENTATION(#6171,#6152);
#6171 = PRODUCT_DEFINITION_SHAPE('','',#6172);
#6172 = PRODUCT_DEFINITION('design','',#6173,#6176);
#6173 = PRODUCT_DEFINITION_FORMATION('','',#6174);
#6174 = PRODUCT('K15','K15','',(#6175));
#6175 = PRODUCT_CONTEXT('',#2,'mechanical');
#6176 = PRODUCT_DEFINITION_CONTEXT('part definition',#2,'design');
#6177 = CONTEXT_DEPENDENT_SHAPE_REPRESENTATION(#6178,#6180);
#6178 = ( REPRESENTATION_RELATIONSHIP('','',#6152,#10) 
REPRESENTATION_RELATIONSHIP_WITH_TRANSFORMATION(#6179) 
SHAPE_REPRESENTATION_RELATIONSHIP() );
#6179 = ITEM_DEFINED_TRANSFORMATION('','',#11,#659);
#6180 = PRODUCT_DEFINITION_SHAPE('Placement','Placement of an item',
  #6181);
#6181 = NEXT_ASSEMBLY_USAGE_OCCURRENCE('162','=>[0:1:1:163]','',#5,#6172
  ,$);
#6182 = PRODUCT_RELATED_PRODUCT_CATEGORY('part',$,(#6174));
#6183 = ADVANCED_BREP_SHAPE_REPRESENTATION('',(#11,#6184),#6196);
#6184 = MANIFOLD_SOLID_BREP('',#6185);
#6185 = CLOSED_SHELL('',(#6186));
#6186 = ADVANCED_FACE('',(#6187),#6191,.T.);
#6187 = FACE_BOUND('',#6188,.T.);
#6188 = VERTEX_LOOP('',#6189);
#6189 = VERTEX_POINT('',#6190);
#6190 = CARTESIAN_POINT('',(1.071565949254E-17,-2.624579619658E-33,
    -0.175));
#6191 = SPHERICAL_SURFACE('',#6192,0.175);
#6192 = AXIS2_PLACEMENT_3D('',#6193,#6194,#6195);
#6193 = CARTESIAN_POINT('',(0.,0.,0.));
#6194 = DIRECTION('',(0.,0.,1.));
#6195 = DIRECTION('',(1.,0.,-0.));
#6196 = ( GEOMETRIC_REPRESENTATION_CONTEXT(3) 
GLOBAL_UNCERTAINTY_ASSIGNED_CONTEXT((#6200)) 
GLOBAL_UNIT_ASSIGNED_CONTEXT((#6197,#6198,#6199)) REPRESENTATION_CONTEXT
('Context #1','3D Context with UNIT and UNCERTAINTY') );
#6197 = ( LENGTH_UNIT() NAMED_UNIT(*) SI_UNIT(.MILLI.,.METRE.) );
#6198 = ( NAMED_UNIT(*) PLANE_ANGLE_UNIT() SI_UNIT($,.RADIAN.) );
#6199 = ( NAMED_UNIT(*) SI_UNIT($,.STERADIAN.) SOLID_ANGLE_UNIT() );
#6200 = UNCERTAINTY_MEASURE_WITH_UNIT(LENGTH_MEASURE(1.E-07),#6197,
  'distance_accuracy_value','confusion accuracy');
#6201 = SHAPE_DEFINITION_REPRESENTATION(#6202,#6183);
#6202 = PRODUCT_DEFINITION_SHAPE('','',#6203);
#6203 = PRODUCT_DEFINITION('design','',#6204,#6207);
#6204 = PRODUCT_DEFINITION_FORMATION('','',#6205);
#6205 = PRODUCT('K18','K18','',(#6206));
#6206 = PRODUCT_CONTEXT('',#2,'mechanical');
#6207 = PRODUCT_DEFINITION_CONTEXT('part definition',#2,'design');
#6208 = CONTEXT_DEPENDENT_SHAPE_REPRESENTATION(#6209,#6211);
#6209 = ( REPRESENTATION_RELATIONSHIP('','',#6183,#10) 
REPRESENTATION_RELATIONSHIP_WITH_TRANSFORMATION(#6210) 
SHAPE_REPRESENTATION_RELATIONSHIP() );
#6210 = ITEM_DEFINED_TRANSFORMATION('','',#11,#663);
#6211 = PRODUCT_DEFINITION_SHAPE('Placement','Placement of an item',
  #6212);
#6212 = NEXT_ASSEMBLY_USAGE_OCCURRENCE('163','=>[0:1:1:164]','',#5,#6203
  ,$);
#6213 = PRODUCT_RELATED_PRODUCT_CATEGORY('part',$,(#6205));
#6214 = ADVANCED_BREP_SHAPE_REPRESENTATION('',(#11,#6215),#6227);
#6215 = MANIFOLD_SOLID_BREP('',#6216);
#6216 = CLOSED_SHELL('',(#6217));
#6217 = ADVANCED_FACE('',(#6218),#6222,.T.);
#6218 = FACE_BOUND('',#6219,.T.);
#6219 = VERTEX_LOOP('',#6220);
#6220 = VERTEX_POINT('',#6221);
#6221 = CARTESIAN_POINT('',(1.071565949254E-17,-2.624579619658E-33,
    -0.175));
#6222 = SPHERICAL_SURFACE('',#6223,0.175);
#6223 = AXIS2_PLACEMENT_3D('',#6224,#6225,#6226);
#6224 = CARTESIAN_POINT('',(0.,0.,0.));
#6225 = DIRECTION('',(0.,0.,1.));
#6226 = DIRECTION('',(1.,0.,-0.));
#6227 = ( GEOMETRIC_REPRESENTATION_CONTEXT(3) 
GLOBAL_UNCERTAINTY_ASSIGNED_CONTEXT((#6231)) 
GLOBAL_UNIT_ASSIGNED_CONTEXT((#6228,#6229,#6230)) REPRESENTATION_CONTEXT
('Context #1','3D Context with UNIT and UNCERTAINTY') );
#6228 = ( LENGTH_UNIT() NAMED_UNIT(*) SI_UNIT(.MILLI.,.METRE.) );
#6229 = ( NAMED_UNIT(*) PLANE_ANGLE_UNIT() SI_UNIT($,.RADIAN.) );
#6230 = ( NAMED_UNIT(*) SI_UNIT($,.STERADIAN.) SOLID_ANGLE_UNIT() );
#6231 = UNCERTAINTY_MEASURE_WITH_UNIT(LENGTH_MEASURE(1.E-07),#6228,
  'distance_accuracy_value','confusion accuracy');
#6232 = SHAPE_DEFINITION_REPRESENTATION(#6233,#6214);
#6233 = PRODUCT_DEFINITION_SHAPE('','',#6234);
#6234 = PRODUCT_DEFINITION('design','',#6235,#6238);
#6235 = PRODUCT_DEFINITION_FORMATION('','',#6236);
#6236 = PRODUCT('K19','K19','',(#6237));
#6237 = PRODUCT_CONTEXT('',#2,'mechanical');
#6238 = PRODUCT_DEFINITION_CONTEXT('part definition',#2,'design');
#6239 = CONTEXT_DEPENDENT_SHAPE_REPRESENTATION(#6240,#6242);
#6240 = ( REPRESENTATION_RELATIONSHIP('','',#6214,#10) 
REPRESENTATION_RELATIONSHIP_WITH_TRANSFORMATION(#6241) 
SHAPE_REPRESENTATION_RELATIONSHIP() );
#6241 = ITEM_DEFINED_TRANSFORMATION('','',#11,#667);
#6242 = PRODUCT_DEFINITION_SHAPE('Placement','Placement of an item',
  #6243);
#6243 = NEXT_ASSEMBLY_USAGE_OCCURRENCE('164','=>[0:1:1:165]','',#5,#6234
  ,$);
#6244 = PRODUCT_RELATED_PRODUCT_CATEGORY('part',$,(#6236));
#6245 = ADVANCED_BREP_SHAPE_REPRESENTATION('',(#11,#6246),#6258);
#6246 = MANIFOLD_SOLID_BREP('',#6247);
#6247 = CLOSED_SHELL('',(#6248));
#6248 = ADVANCED_FACE('',(#6249),#6253,.T.);
#6249 = FACE_BOUND('',#6250,.T.);
#6250 = VERTEX_LOOP('',#6251);
#6251 = VERTEX_POINT('',#6252);
#6252 = CARTESIAN_POINT('',(1.071565949254E-17,-2.624579619658E-33,
    -0.175));
#6253 = SPHERICAL_SURFACE('',#6254,0.175);
#6254 = AXIS2_PLACEMENT_3D('',#6255,#6256,#6257);
#6255 = CARTESIAN_POINT('',(0.,0.,0.));
#6256 = DIRECTION('',(0.,0.,1.));
#6257 = DIRECTION('',(1.,0.,-0.));
#6258 = ( GEOMETRIC_REPRESENTATION_CONTEXT(3) 
GLOBAL_UNCERTAINTY_ASSIGNED_CONTEXT((#6262)) 
GLOBAL_UNIT_ASSIGNED_CONTEXT((#6259,#6260,#6261)) REPRESENTATION_CONTEXT
('Context #1','3D Context with UNIT and UNCERTAINTY') );
#6259 = ( LENGTH_UNIT() NAMED_UNIT(*) SI_UNIT(.MILLI.,.METRE.) );
#6260 = ( NAMED_UNIT(*) PLANE_ANGLE_UNIT() SI_UNIT($,.RADIAN.) );
#6261 = ( NAMED_UNIT(*) SI_UNIT($,.STERADIAN.) SOLID_ANGLE_UNIT() );
#6262 = UNCERTAINTY_MEASURE_WITH_UNIT(LENGTH_MEASURE(1.E-07),#6259,
  'distance_accuracy_value','confusion accuracy');
#6263 = SHAPE_DEFINITION_REPRESENTATION(#6264,#6245);
#6264 = PRODUCT_DEFINITION_SHAPE('','',#6265);
#6265 = PRODUCT_DEFINITION('design','',#6266,#6269);
#6266 = PRODUCT_DEFINITION_FORMATION('','',#6267);
#6267 = PRODUCT('K20','K20','',(#6268));
#6268 = PRODUCT_CONTEXT('',#2,'mechanical');
#6269 = PRODUCT_DEFINITION_CONTEXT('part definition',#2,'design');
#6270 = CONTEXT_DEPENDENT_SHAPE_REPRESENTATION(#6271,#6273);
#6271 = ( REPRESENTATION_RELATIONSHIP('','',#6245,#10) 
REPRESENTATION_RELATIONSHIP_WITH_TRANSFORMATION(#6272) 
SHAPE_REPRESENTATION_RELATIONSHIP() );
#6272 = ITEM_DEFINED_TRANSFORMATION('','',#11,#671);
#6273 = PRODUCT_DEFINITION_SHAPE('Placement','Placement of an item',
  #6274);
#6274 = NEXT_ASSEMBLY_USAGE_OCCURRENCE('165','=>[0:1:1:166]','',#5,#6265
  ,$);
#6275 = PRODUCT_RELATED_PRODUCT_CATEGORY('part',$,(#6267));
#6276 = ADVANCED_BREP_SHAPE_REPRESENTATION('',(#11,#6277),#6289);
#6277 = MANIFOLD_SOLID_BREP('',#6278);
#6278 = CLOSED_SHELL('',(#6279));
#6279 = ADVANCED_FACE('',(#6280),#6284,.T.);
#6280 = FACE_BOUND('',#6281,.T.);
#6281 = VERTEX_LOOP('',#6282);
#6282 = VERTEX_POINT('',#6283);
#6283 = CARTESIAN_POINT('',(1.071565949254E-17,-2.624579619658E-33,
    -0.175));
#6284 = SPHERICAL_SURFACE('',#6285,0.175);
#6285 = AXIS2_PLACEMENT_3D('',#6286,#6287,#6288);
#6286 = CARTESIAN_POINT('',(0.,0.,0.));
#6287 = DIRECTION('',(0.,0.,1.));
#6288 = DIRECTION('',(1.,0.,-0.));
#6289 = ( GEOMETRIC_REPRESENTATION_CONTEXT(3) 
GLOBAL_UNCERTAINTY_ASSIGNED_CONTEXT((#6293)) 
GLOBAL_UNIT_ASSIGNED_CONTEXT((#6290,#6291,#6292)) REPRESENTATION_CONTEXT
('Context #1','3D Context with UNIT and UNCERTAINTY') );
#6290 = ( LENGTH_UNIT() NAMED_UNIT(*) SI_UNIT(.MILLI.,.METRE.) );
#6291 = ( NAMED_UNIT(*) PLANE_ANGLE_UNIT() SI_UNIT($,.RADIAN.) );
#6292 = ( NAMED_UNIT(*) SI_UNIT($,.STERADIAN.) SOLID_ANGLE_UNIT() );
#6293 = UNCERTAINTY_MEASURE_WITH_UNIT(LENGTH_MEASURE(1.E-07),#6290,
  'distance_accuracy_value','confusion accuracy');
#6294 = SHAPE_DEFINITION_REPRESENTATION(#6295,#6276);
#6295 = PRODUCT_DEFINITION_SHAPE('','',#6296);
#6296 = PRODUCT_DEFINITION('design','',#6297,#6300);
#6297 = PRODUCT_DEFINITION_FORMATION('','',#6298);
#6298 = PRODUCT('L2','L2','',(#6299));
#6299 = PRODUCT_CONTEXT('',#2,'mechanical');
#6300 = PRODUCT_DEFINITION_CONTEXT('part definition',#2,'design');
#6301 = CONTEXT_DEPENDENT_SHAPE_REPRESENTATION(#6302,#6304);
#6302 = ( REPRESENTATION_RELATIONSHIP('','',#6276,#10) 
REPRESENTATION_RELATIONSHIP_WITH_TRANSFORMATION(#6303) 
SHAPE_REPRESENTATION_RELATIONSHIP() );
#6303 = ITEM_DEFINED_TRANSFORMATION('','',#11,#675);
#6304 = PRODUCT_DEFINITION_SHAPE('Placement','Placement of an item',
  #6305);
#6305 = NEXT_ASSEMBLY_USAGE_OCCURRENCE('166','=>[0:1:1:167]','',#5,#6296
  ,$);
#6306 = PRODUCT_RELATED_PRODUCT_CATEGORY('part',$,(#6298));
#6307 = ADVANCED_BREP_SHAPE_REPRESENTATION('',(#11,#6308),#6320);
#6308 = MANIFOLD_SOLID_BREP('',#6309);
#6309 = CLOSED_SHELL('',(#6310));
#6310 = ADVANCED_FACE('',(#6311),#6315,.T.);
#6311 = FACE_BOUND('',#6312,.T.);
#6312 = VERTEX_LOOP('',#6313);
#6313 = VERTEX_POINT('',#6314);
#6314 = CARTESIAN_POINT('',(1.071565949254E-17,-2.624579619658E-33,
    -0.175));
#6315 = SPHERICAL_SURFACE('',#6316,0.175);
#6316 = AXIS2_PLACEMENT_3D('',#6317,#6318,#6319);
#6317 = CARTESIAN_POINT('',(0.,0.,0.));
#6318 = DIRECTION('',(0.,0.,1.));
#6319 = DIRECTION('',(1.,0.,-0.));
#6320 = ( GEOMETRIC_REPRESENTATION_CONTEXT(3) 
GLOBAL_UNCERTAINTY_ASSIGNED_CONTEXT((#6324)) 
GLOBAL_UNIT_ASSIGNED_CONTEXT((#6321,#6322,#6323)) REPRESENTATION_CONTEXT
('Context #1','3D Context with UNIT and UNCERTAINTY') );
#6321 = ( LENGTH_UNIT() NAMED_UNIT(*) SI_UNIT(.MILLI.,.METRE.) );
#6322 = ( NAMED_UNIT(*) PLANE_ANGLE_UNIT() SI_UNIT($,.RADIAN.) );
#6323 = ( NAMED_UNIT(*) SI_UNIT($,.STERADIAN.) SOLID_ANGLE_UNIT() );
#6324 = UNCERTAINTY_MEASURE_WITH_UNIT(LENGTH_MEASURE(1.E-07),#6321,
  'distance_accuracy_value','confusion accuracy');
#6325 = SHAPE_DEFINITION_REPRESENTATION(#6326,#6307);
#6326 = PRODUCT_DEFINITION_SHAPE('','',#6327);
#6327 = PRODUCT_DEFINITION('design','',#6328,#6331);
#6328 = PRODUCT_DEFINITION_FORMATION('','',#6329);
#6329 = PRODUCT('L3','L3','',(#6330));
#6330 = PRODUCT_CONTEXT('',#2,'mechanical');
#6331 = PRODUCT_DEFINITION_CONTEXT('part definition',#2,'design');
#6332 = CONTEXT_DEPENDENT_SHAPE_REPRESENTATION(#6333,#6335);
#6333 = ( REPRESENTATION_RELATIONSHIP('','',#6307,#10) 
REPRESENTATION_RELATIONSHIP_WITH_TRANSFORMATION(#6334) 
SHAPE_REPRESENTATION_RELATIONSHIP() );
#6334 = ITEM_DEFINED_TRANSFORMATION('','',#11,#679);
#6335 = PRODUCT_DEFINITION_SHAPE('Placement','Placement of an item',
  #6336);
#6336 = NEXT_ASSEMBLY_USAGE_OCCURRENCE('167','=>[0:1:1:168]','',#5,#6327
  ,$);
#6337 = PRODUCT_RELATED_PRODUCT_CATEGORY('part',$,(#6329));
#6338 = ADVANCED_BREP_SHAPE_REPRESENTATION('',(#11,#6339),#6351);
#6339 = MANIFOLD_SOLID_BREP('',#6340);
#6340 = CLOSED_SHELL('',(#6341));
#6341 = ADVANCED_FACE('',(#6342),#6346,.T.);
#6342 = FACE_BOUND('',#6343,.T.);
#6343 = VERTEX_LOOP('',#6344);
#6344 = VERTEX_POINT('',#6345);
#6345 = CARTESIAN_POINT('',(1.071565949254E-17,-2.624579619658E-33,
    -0.175));
#6346 = SPHERICAL_SURFACE('',#6347,0.175);
#6347 = AXIS2_PLACEMENT_3D('',#6348,#6349,#6350);
#6348 = CARTESIAN_POINT('',(0.,0.,0.));
#6349 = DIRECTION('',(0.,0.,1.));
#6350 = DIRECTION('',(1.,0.,-0.));
#6351 = ( GEOMETRIC_REPRESENTATION_CONTEXT(3) 
GLOBAL_UNCERTAINTY_ASSIGNED_CONTEXT((#6355)) 
GLOBAL_UNIT_ASSIGNED_CONTEXT((#6352,#6353,#6354)) REPRESENTATION_CONTEXT
('Context #1','3D Context with UNIT and UNCERTAINTY') );
#6352 = ( LENGTH_UNIT() NAMED_UNIT(*) SI_UNIT(.MILLI.,.METRE.) );
#6353 = ( NAMED_UNIT(*) PLANE_ANGLE_UNIT() SI_UNIT($,.RADIAN.) );
#6354 = ( NAMED_UNIT(*) SI_UNIT($,.STERADIAN.) SOLID_ANGLE_UNIT() );
#6355 = UNCERTAINTY_MEASURE_WITH_UNIT(LENGTH_MEASURE(1.E-07),#6352,
  'distance_accuracy_value','confusion accuracy');
#6356 = SHAPE_DEFINITION_REPRESENTATION(#6357,#6338);
#6357 = PRODUCT_DEFINITION_SHAPE('','',#6358);
#6358 = PRODUCT_DEFINITION('design','',#6359,#6362);
#6359 = PRODUCT_DEFINITION_FORMATION('','',#6360);
#6360 = PRODUCT('L4','L4','',(#6361));
#6361 = PRODUCT_CONTEXT('',#2,'mechanical');
#6362 = PRODUCT_DEFINITION_CONTEXT('part definition',#2,'design');
#6363 = CONTEXT_DEPENDENT_SHAPE_REPRESENTATION(#6364,#6366);
#6364 = ( REPRESENTATION_RELATIONSHIP('','',#6338,#10) 
REPRESENTATION_RELATIONSHIP_WITH_TRANSFORMATION(#6365) 
SHAPE_REPRESENTATION_RELATIONSHIP() );
#6365 = ITEM_DEFINED_TRANSFORMATION('','',#11,#683);
#6366 = PRODUCT_DEFINITION_SHAPE('Placement','Placement of an item',
  #6367);
#6367 = NEXT_ASSEMBLY_USAGE_OCCURRENCE('168','=>[0:1:1:169]','',#5,#6358
  ,$);
#6368 = PRODUCT_RELATED_PRODUCT_CATEGORY('part',$,(#6360));
#6369 = ADVANCED_BREP_SHAPE_REPRESENTATION('',(#11,#6370),#6382);
#6370 = MANIFOLD_SOLID_BREP('',#6371);
#6371 = CLOSED_SHELL('',(#6372));
#6372 = ADVANCED_FACE('',(#6373),#6377,.T.);
#6373 = FACE_BOUND('',#6374,.T.);
#6374 = VERTEX_LOOP('',#6375);
#6375 = VERTEX_POINT('',#6376);
#6376 = CARTESIAN_POINT('',(1.071565949254E-17,-2.624579619658E-33,
    -0.175));
#6377 = SPHERICAL_SURFACE('',#6378,0.175);
#6378 = AXIS2_PLACEMENT_3D('',#6379,#6380,#6381);
#6379 = CARTESIAN_POINT('',(0.,0.,0.));
#6380 = DIRECTION('',(0.,0.,1.));
#6381 = DIRECTION('',(1.,0.,-0.));
#6382 = ( GEOMETRIC_REPRESENTATION_CONTEXT(3) 
GLOBAL_UNCERTAINTY_ASSIGNED_CONTEXT((#6386)) 
GLOBAL_UNIT_ASSIGNED_CONTEXT((#6383,#6384,#6385)) REPRESENTATION_CONTEXT
('Context #1','3D Context with UNIT and UNCERTAINTY') );
#6383 = ( LENGTH_UNIT() NAMED_UNIT(*) SI_UNIT(.MILLI.,.METRE.) );
#6384 = ( NAMED_UNIT(*) PLANE_ANGLE_UNIT() SI_UNIT($,.RADIAN.) );
#6385 = ( NAMED_UNIT(*) SI_UNIT($,.STERADIAN.) SOLID_ANGLE_UNIT() );
#6386 = UNCERTAINTY_MEASURE_WITH_UNIT(LENGTH_MEASURE(1.E-07),#6383,
  'distance_accuracy_value','confusion accuracy');
#6387 = SHAPE_DEFINITION_REPRESENTATION(#6388,#6369);
#6388 = PRODUCT_DEFINITION_SHAPE('','',#6389);
#6389 = PRODUCT_DEFINITION('design','',#6390,#6393);
#6390 = PRODUCT_DEFINITION_FORMATION('','',#6391);
#6391 = PRODUCT('L5','L5','',(#6392));
#6392 = PRODUCT_CONTEXT('',#2,'mechanical');
#6393 = PRODUCT_DEFINITION_CONTEXT('part definition',#2,'design');
#6394 = CONTEXT_DEPENDENT_SHAPE_REPRESENTATION(#6395,#6397);
#6395 = ( REPRESENTATION_RELATIONSHIP('','',#6369,#10) 
REPRESENTATION_RELATIONSHIP_WITH_TRANSFORMATION(#6396) 
SHAPE_REPRESENTATION_RELATIONSHIP() );
#6396 = ITEM_DEFINED_TRANSFORMATION('','',#11,#687);
#6397 = PRODUCT_DEFINITION_SHAPE('Placement','Placement of an item',
  #6398);
#6398 = NEXT_ASSEMBLY_USAGE_OCCURRENCE('169','=>[0:1:1:170]','',#5,#6389
  ,$);
#6399 = PRODUCT_RELATED_PRODUCT_CATEGORY('part',$,(#6391));
#6400 = ADVANCED_BREP_SHAPE_REPRESENTATION('',(#11,#6401),#6413);
#6401 = MANIFOLD_SOLID_BREP('',#6402);
#6402 = CLOSED_SHELL('',(#6403));
#6403 = ADVANCED_FACE('',(#6404),#6408,.T.);
#6404 = FACE_BOUND('',#6405,.T.);
#6405 = VERTEX_LOOP('',#6406);
#6406 = VERTEX_POINT('',#6407);
#6407 = CARTESIAN_POINT('',(1.071565949254E-17,-2.624579619658E-33,
    -0.175));
#6408 = SPHERICAL_SURFACE('',#6409,0.175);
#6409 = AXIS2_PLACEMENT_3D('',#6410,#6411,#6412);
#6410 = CARTESIAN_POINT('',(0.,0.,0.));
#6411 = DIRECTION('',(0.,0.,1.));
#6412 = DIRECTION('',(1.,0.,-0.));
#6413 = ( GEOMETRIC_REPRESENTATION_CONTEXT(3) 
GLOBAL_UNCERTAINTY_ASSIGNED_CONTEXT((#6417)) 
GLOBAL_UNIT_ASSIGNED_CONTEXT((#6414,#6415,#6416)) REPRESENTATION_CONTEXT
('Context #1','3D Context with UNIT and UNCERTAINTY') );
#6414 = ( LENGTH_UNIT() NAMED_UNIT(*) SI_UNIT(.MILLI.,.METRE.) );
#6415 = ( NAMED_UNIT(*) PLANE_ANGLE_UNIT() SI_UNIT($,.RADIAN.) );
#6416 = ( NAMED_UNIT(*) SI_UNIT($,.STERADIAN.) SOLID_ANGLE_UNIT() );
#6417 = UNCERTAINTY_MEASURE_WITH_UNIT(LENGTH_MEASURE(1.E-07),#6414,
  'distance_accuracy_value','confusion accuracy');
#6418 = SHAPE_DEFINITION_REPRESENTATION(#6419,#6400);
#6419 = PRODUCT_DEFINITION_SHAPE('','',#6420);
#6420 = PRODUCT_DEFINITION('design','',#6421,#6424);
#6421 = PRODUCT_DEFINITION_FORMATION('','',#6422);
#6422 = PRODUCT('L6','L6','',(#6423));
#6423 = PRODUCT_CONTEXT('',#2,'mechanical');
#6424 = PRODUCT_DEFINITION_CONTEXT('part definition',#2,'design');
#6425 = CONTEXT_DEPENDENT_SHAPE_REPRESENTATION(#6426,#6428);
#6426 = ( REPRESENTATION_RELATIONSHIP('','',#6400,#10) 
REPRESENTATION_RELATIONSHIP_WITH_TRANSFORMATION(#6427) 
SHAPE_REPRESENTATION_RELATIONSHIP() );
#6427 = ITEM_DEFINED_TRANSFORMATION('','',#11,#691);
#6428 = PRODUCT_DEFINITION_SHAPE('Placement','Placement of an item',
  #6429);
#6429 = NEXT_ASSEMBLY_USAGE_OCCURRENCE('170','=>[0:1:1:171]','',#5,#6420
  ,$);
#6430 = PRODUCT_RELATED_PRODUCT_CATEGORY('part',$,(#6422));
#6431 = ADVANCED_BREP_SHAPE_REPRESENTATION('',(#11,#6432),#6444);
#6432 = MANIFOLD_SOLID_BREP('',#6433);
#6433 = CLOSED_SHELL('',(#6434));
#6434 = ADVANCED_FACE('',(#6435),#6439,.T.);
#6435 = FACE_BOUND('',#6436,.T.);
#6436 = VERTEX_LOOP('',#6437);
#6437 = VERTEX_POINT('',#6438);
#6438 = CARTESIAN_POINT('',(1.071565949254E-17,-2.624579619658E-33,
    -0.175));
#6439 = SPHERICAL_SURFACE('',#6440,0.175);
#6440 = AXIS2_PLACEMENT_3D('',#6441,#6442,#6443);
#6441 = CARTESIAN_POINT('',(0.,0.,0.));
#6442 = DIRECTION('',(0.,0.,1.));
#6443 = DIRECTION('',(1.,0.,-0.));
#6444 = ( GEOMETRIC_REPRESENTATION_CONTEXT(3) 
GLOBAL_UNCERTAINTY_ASSIGNED_CONTEXT((#6448)) 
GLOBAL_UNIT_ASSIGNED_CONTEXT((#6445,#6446,#6447)) REPRESENTATION_CONTEXT
('Context #1','3D Context with UNIT and UNCERTAINTY') );
#6445 = ( LENGTH_UNIT() NAMED_UNIT(*) SI_UNIT(.MILLI.,.METRE.) );
#6446 = ( NAMED_UNIT(*) PLANE_ANGLE_UNIT() SI_UNIT($,.RADIAN.) );
#6447 = ( NAMED_UNIT(*) SI_UNIT($,.STERADIAN.) SOLID_ANGLE_UNIT() );
#6448 = UNCERTAINTY_MEASURE_WITH_UNIT(LENGTH_MEASURE(1.E-07),#6445,
  'distance_accuracy_value','confusion accuracy');
#6449 = SHAPE_DEFINITION_REPRESENTATION(#6450,#6431);
#6450 = PRODUCT_DEFINITION_SHAPE('','',#6451);
#6451 = PRODUCT_DEFINITION('design','',#6452,#6455);
#6452 = PRODUCT_DEFINITION_FORMATION('','',#6453);
#6453 = PRODUCT('L8','L8','',(#6454));
#6454 = PRODUCT_CONTEXT('',#2,'mechanical');
#6455 = PRODUCT_DEFINITION_CONTEXT('part definition',#2,'design');
#6456 = CONTEXT_DEPENDENT_SHAPE_REPRESENTATION(#6457,#6459);
#6457 = ( REPRESENTATION_RELATIONSHIP('','',#6431,#10) 
REPRESENTATION_RELATIONSHIP_WITH_TRANSFORMATION(#6458) 
SHAPE_REPRESENTATION_RELATIONSHIP() );
#6458 = ITEM_DEFINED_TRANSFORMATION('','',#11,#695);
#6459 = PRODUCT_DEFINITION_SHAPE('Placement','Placement of an item',
  #6460);
#6460 = NEXT_ASSEMBLY_USAGE_OCCURRENCE('171','=>[0:1:1:172]','',#5,#6451
  ,$);
#6461 = PRODUCT_RELATED_PRODUCT_CATEGORY('part',$,(#6453));
#6462 = ADVANCED_BREP_SHAPE_REPRESENTATION('',(#11,#6463),#6475);
#6463 = MANIFOLD_SOLID_BREP('',#6464);
#6464 = CLOSED_SHELL('',(#6465));
#6465 = ADVANCED_FACE('',(#6466),#6470,.T.);
#6466 = FACE_BOUND('',#6467,.T.);
#6467 = VERTEX_LOOP('',#6468);
#6468 = VERTEX_POINT('',#6469);
#6469 = CARTESIAN_POINT('',(1.071565949254E-17,-2.624579619658E-33,
    -0.175));
#6470 = SPHERICAL_SURFACE('',#6471,0.175);
#6471 = AXIS2_PLACEMENT_3D('',#6472,#6473,#6474);
#6472 = CARTESIAN_POINT('',(0.,0.,0.));
#6473 = DIRECTION('',(0.,0.,1.));
#6474 = DIRECTION('',(1.,0.,-0.));
#6475 = ( GEOMETRIC_REPRESENTATION_CONTEXT(3) 
GLOBAL_UNCERTAINTY_ASSIGNED_CONTEXT((#6479)) 
GLOBAL_UNIT_ASSIGNED_CONTEXT((#6476,#6477,#6478)) REPRESENTATION_CONTEXT
('Context #1','3D Context with UNIT and UNCERTAINTY') );
#6476 = ( LENGTH_UNIT() NAMED_UNIT(*) SI_UNIT(.MILLI.,.METRE.) );
#6477 = ( NAMED_UNIT(*) PLANE_ANGLE_UNIT() SI_UNIT($,.RADIAN.) );
#6478 = ( NAMED_UNIT(*) SI_UNIT($,.STERADIAN.) SOLID_ANGLE_UNIT() );
#6479 = UNCERTAINTY_MEASURE_WITH_UNIT(LENGTH_MEASURE(1.E-07),#6476,
  'distance_accuracy_value','confusion accuracy');
#6480 = SHAPE_DEFINITION_REPRESENTATION(#6481,#6462);
#6481 = PRODUCT_DEFINITION_SHAPE('','',#6482);
#6482 = PRODUCT_DEFINITION('design','',#6483,#6486);
#6483 = PRODUCT_DEFINITION_FORMATION('','',#6484);
#6484 = PRODUCT('L9','L9','',(#6485));
#6485 = PRODUCT_CONTEXT('',#2,'mechanical');
#6486 = PRODUCT_DEFINITION_CONTEXT('part definition',#2,'design');
#6487 = CONTEXT_DEPENDENT_SHAPE_REPRESENTATION(#6488,#6490);
#6488 = ( REPRESENTATION_RELATIONSHIP('','',#6462,#10) 
REPRESENTATION_RELATIONSHIP_WITH_TRANSFORMATION(#6489) 
SHAPE_REPRESENTATION_RELATIONSHIP() );
#6489 = ITEM_DEFINED_TRANSFORMATION('','',#11,#699);
#6490 = PRODUCT_DEFINITION_SHAPE('Placement','Placement of an item',
  #6491);
#6491 = NEXT_ASSEMBLY_USAGE_OCCURRENCE('172','=>[0:1:1:173]','',#5,#6482
  ,$);
#6492 = PRODUCT_RELATED_PRODUCT_CATEGORY('part',$,(#6484));
#6493 = ADVANCED_BREP_SHAPE_REPRESENTATION('',(#11,#6494),#6506);
#6494 = MANIFOLD_SOLID_BREP('',#6495);
#6495 = CLOSED_SHELL('',(#6496));
#6496 = ADVANCED_FACE('',(#6497),#6501,.T.);
#6497 = FACE_BOUND('',#6498,.T.);
#6498 = VERTEX_LOOP('',#6499);
#6499 = VERTEX_POINT('',#6500);
#6500 = CARTESIAN_POINT('',(1.071565949254E-17,-2.624579619658E-33,
    -0.175));
#6501 = SPHERICAL_SURFACE('',#6502,0.175);
#6502 = AXIS2_PLACEMENT_3D('',#6503,#6504,#6505);
#6503 = CARTESIAN_POINT('',(0.,0.,0.));
#6504 = DIRECTION('',(0.,0.,1.));
#6505 = DIRECTION('',(1.,0.,-0.));
#6506 = ( GEOMETRIC_REPRESENTATION_CONTEXT(3) 
GLOBAL_UNCERTAINTY_ASSIGNED_CONTEXT((#6510)) 
GLOBAL_UNIT_ASSIGNED_CONTEXT((#6507,#6508,#6509)) REPRESENTATION_CONTEXT
('Context #1','3D Context with UNIT and UNCERTAINTY') );
#6507 = ( LENGTH_UNIT() NAMED_UNIT(*) SI_UNIT(.MILLI.,.METRE.) );
#6508 = ( NAMED_UNIT(*) PLANE_ANGLE_UNIT() SI_UNIT($,.RADIAN.) );
#6509 = ( NAMED_UNIT(*) SI_UNIT($,.STERADIAN.) SOLID_ANGLE_UNIT() );
#6510 = UNCERTAINTY_MEASURE_WITH_UNIT(LENGTH_MEASURE(1.E-07),#6507,
  'distance_accuracy_value','confusion accuracy');
#6511 = SHAPE_DEFINITION_REPRESENTATION(#6512,#6493);
#6512 = PRODUCT_DEFINITION_SHAPE('','',#6513);
#6513 = PRODUCT_DEFINITION('design','',#6514,#6517);
#6514 = PRODUCT_DEFINITION_FORMATION('','',#6515);
#6515 = PRODUCT('L10','L10','',(#6516));
#6516 = PRODUCT_CONTEXT('',#2,'mechanical');
#6517 = PRODUCT_DEFINITION_CONTEXT('part definition',#2,'design');
#6518 = CONTEXT_DEPENDENT_SHAPE_REPRESENTATION(#6519,#6521);
#6519 = ( REPRESENTATION_RELATIONSHIP('','',#6493,#10) 
REPRESENTATION_RELATIONSHIP_WITH_TRANSFORMATION(#6520) 
SHAPE_REPRESENTATION_RELATIONSHIP() );
#6520 = ITEM_DEFINED_TRANSFORMATION('','',#11,#703);
#6521 = PRODUCT_DEFINITION_SHAPE('Placement','Placement of an item',
  #6522);
#6522 = NEXT_ASSEMBLY_USAGE_OCCURRENCE('173','=>[0:1:1:174]','',#5,#6513
  ,$);
#6523 = PRODUCT_RELATED_PRODUCT_CATEGORY('part',$,(#6515));
#6524 = ADVANCED_BREP_SHAPE_REPRESENTATION('',(#11,#6525),#6537);
#6525 = MANIFOLD_SOLID_BREP('',#6526);
#6526 = CLOSED_SHELL('',(#6527));
#6527 = ADVANCED_FACE('',(#6528),#6532,.T.);
#6528 = FACE_BOUND('',#6529,.T.);
#6529 = VERTEX_LOOP('',#6530);
#6530 = VERTEX_POINT('',#6531);
#6531 = CARTESIAN_POINT('',(1.071565949254E-17,-2.624579619658E-33,
    -0.175));
#6532 = SPHERICAL_SURFACE('',#6533,0.175);
#6533 = AXIS2_PLACEMENT_3D('',#6534,#6535,#6536);
#6534 = CARTESIAN_POINT('',(0.,0.,0.));
#6535 = DIRECTION('',(0.,0.,1.));
#6536 = DIRECTION('',(1.,0.,-0.));
#6537 = ( GEOMETRIC_REPRESENTATION_CONTEXT(3) 
GLOBAL_UNCERTAINTY_ASSIGNED_CONTEXT((#6541)) 
GLOBAL_UNIT_ASSIGNED_CONTEXT((#6538,#6539,#6540)) REPRESENTATION_CONTEXT
('Context #1','3D Context with UNIT and UNCERTAINTY') );
#6538 = ( LENGTH_UNIT() NAMED_UNIT(*) SI_UNIT(.MILLI.,.METRE.) );
#6539 = ( NAMED_UNIT(*) PLANE_ANGLE_UNIT() SI_UNIT($,.RADIAN.) );
#6540 = ( NAMED_UNIT(*) SI_UNIT($,.STERADIAN.) SOLID_ANGLE_UNIT() );
#6541 = UNCERTAINTY_MEASURE_WITH_UNIT(LENGTH_MEASURE(1.E-07),#6538,
  'distance_accuracy_value','confusion accuracy');
#6542 = SHAPE_DEFINITION_REPRESENTATION(#6543,#6524);
#6543 = PRODUCT_DEFINITION_SHAPE('','',#6544);
#6544 = PRODUCT_DEFINITION('design','',#6545,#6548);
#6545 = PRODUCT_DEFINITION_FORMATION('','',#6546);
#6546 = PRODUCT('L11','L11','',(#6547));
#6547 = PRODUCT_CONTEXT('',#2,'mechanical');
#6548 = PRODUCT_DEFINITION_CONTEXT('part definition',#2,'design');
#6549 = CONTEXT_DEPENDENT_SHAPE_REPRESENTATION(#6550,#6552);
#6550 = ( REPRESENTATION_RELATIONSHIP('','',#6524,#10) 
REPRESENTATION_RELATIONSHIP_WITH_TRANSFORMATION(#6551) 
SHAPE_REPRESENTATION_RELATIONSHIP() );
#6551 = ITEM_DEFINED_TRANSFORMATION('','',#11,#707);
#6552 = PRODUCT_DEFINITION_SHAPE('Placement','Placement of an item',
  #6553);
#6553 = NEXT_ASSEMBLY_USAGE_OCCURRENCE('174','=>[0:1:1:175]','',#5,#6544
  ,$);
#6554 = PRODUCT_RELATED_PRODUCT_CATEGORY('part',$,(#6546));
#6555 = ADVANCED_BREP_SHAPE_REPRESENTATION('',(#11,#6556),#6568);
#6556 = MANIFOLD_SOLID_BREP('',#6557);
#6557 = CLOSED_SHELL('',(#6558));
#6558 = ADVANCED_FACE('',(#6559),#6563,.T.);
#6559 = FACE_BOUND('',#6560,.T.);
#6560 = VERTEX_LOOP('',#6561);
#6561 = VERTEX_POINT('',#6562);
#6562 = CARTESIAN_POINT('',(1.071565949254E-17,-2.624579619658E-33,
    -0.175));
#6563 = SPHERICAL_SURFACE('',#6564,0.175);
#6564 = AXIS2_PLACEMENT_3D('',#6565,#6566,#6567);
#6565 = CARTESIAN_POINT('',(0.,0.,0.));
#6566 = DIRECTION('',(0.,0.,1.));
#6567 = DIRECTION('',(1.,0.,-0.));
#6568 = ( GEOMETRIC_REPRESENTATION_CONTEXT(3) 
GLOBAL_UNCERTAINTY_ASSIGNED_CONTEXT((#6572)) 
GLOBAL_UNIT_ASSIGNED_CONTEXT((#6569,#6570,#6571)) REPRESENTATION_CONTEXT
('Context #1','3D Context with UNIT and UNCERTAINTY') );
#6569 = ( LENGTH_UNIT() NAMED_UNIT(*) SI_UNIT(.MILLI.,.METRE.) );
#6570 = ( NAMED_UNIT(*) PLANE_ANGLE_UNIT() SI_UNIT($,.RADIAN.) );
#6571 = ( NAMED_UNIT(*) SI_UNIT($,.STERADIAN.) SOLID_ANGLE_UNIT() );
#6572 = UNCERTAINTY_MEASURE_WITH_UNIT(LENGTH_MEASURE(1.E-07),#6569,
  'distance_accuracy_value','confusion accuracy');
#6573 = SHAPE_DEFINITION_REPRESENTATION(#6574,#6555);
#6574 = PRODUCT_DEFINITION_SHAPE('','',#6575);
#6575 = PRODUCT_DEFINITION('design','',#6576,#6579);
#6576 = PRODUCT_DEFINITION_FORMATION('','',#6577);
#6577 = PRODUCT('L12','L12','',(#6578));
#6578 = PRODUCT_CONTEXT('',#2,'mechanical');
#6579 = PRODUCT_DEFINITION_CONTEXT('part definition',#2,'design');
#6580 = CONTEXT_DEPENDENT_SHAPE_REPRESENTATION(#6581,#6583);
#6581 = ( REPRESENTATION_RELATIONSHIP('','',#6555,#10) 
REPRESENTATION_RELATIONSHIP_WITH_TRANSFORMATION(#6582) 
SHAPE_REPRESENTATION_RELATIONSHIP() );
#6582 = ITEM_DEFINED_TRANSFORMATION('','',#11,#711);
#6583 = PRODUCT_DEFINITION_SHAPE('Placement','Placement of an item',
  #6584);
#6584 = NEXT_ASSEMBLY_USAGE_OCCURRENCE('175','=>[0:1:1:176]','',#5,#6575
  ,$);
#6585 = PRODUCT_RELATED_PRODUCT_CATEGORY('part',$,(#6577));
#6586 = ADVANCED_BREP_SHAPE_REPRESENTATION('',(#11,#6587),#6599);
#6587 = MANIFOLD_SOLID_BREP('',#6588);
#6588 = CLOSED_SHELL('',(#6589));
#6589 = ADVANCED_FACE('',(#6590),#6594,.T.);
#6590 = FACE_BOUND('',#6591,.T.);
#6591 = VERTEX_LOOP('',#6592);
#6592 = VERTEX_POINT('',#6593);
#6593 = CARTESIAN_POINT('',(1.071565949254E-17,-2.624579619658E-33,
    -0.175));
#6594 = SPHERICAL_SURFACE('',#6595,0.175);
#6595 = AXIS2_PLACEMENT_3D('',#6596,#6597,#6598);
#6596 = CARTESIAN_POINT('',(0.,0.,0.));
#6597 = DIRECTION('',(0.,0.,1.));
#6598 = DIRECTION('',(1.,0.,-0.));
#6599 = ( GEOMETRIC_REPRESENTATION_CONTEXT(3) 
GLOBAL_UNCERTAINTY_ASSIGNED_CONTEXT((#6603)) 
GLOBAL_UNIT_ASSIGNED_CONTEXT((#6600,#6601,#6602)) REPRESENTATION_CONTEXT
('Context #1','3D Context with UNIT and UNCERTAINTY') );
#6600 = ( LENGTH_UNIT() NAMED_UNIT(*) SI_UNIT(.MILLI.,.METRE.) );
#6601 = ( NAMED_UNIT(*) PLANE_ANGLE_UNIT() SI_UNIT($,.RADIAN.) );
#6602 = ( NAMED_UNIT(*) SI_UNIT($,.STERADIAN.) SOLID_ANGLE_UNIT() );
#6603 = UNCERTAINTY_MEASURE_WITH_UNIT(LENGTH_MEASURE(1.E-07),#6600,
  'distance_accuracy_value','confusion accuracy');
#6604 = SHAPE_DEFINITION_REPRESENTATION(#6605,#6586);
#6605 = PRODUCT_DEFINITION_SHAPE('','',#6606);
#6606 = PRODUCT_DEFINITION('design','',#6607,#6610);
#6607 = PRODUCT_DEFINITION_FORMATION('','',#6608);
#6608 = PRODUCT('L13','L13','',(#6609));
#6609 = PRODUCT_CONTEXT('',#2,'mechanical');
#6610 = PRODUCT_DEFINITION_CONTEXT('part definition',#2,'design');
#6611 = CONTEXT_DEPENDENT_SHAPE_REPRESENTATION(#6612,#6614);
#6612 = ( REPRESENTATION_RELATIONSHIP('','',#6586,#10) 
REPRESENTATION_RELATIONSHIP_WITH_TRANSFORMATION(#6613) 
SHAPE_REPRESENTATION_RELATIONSHIP() );
#6613 = ITEM_DEFINED_TRANSFORMATION('','',#11,#715);
#6614 = PRODUCT_DEFINITION_SHAPE('Placement','Placement of an item',
  #6615);
#6615 = NEXT_ASSEMBLY_USAGE_OCCURRENCE('176','=>[0:1:1:177]','',#5,#6606
  ,$);
#6616 = PRODUCT_RELATED_PRODUCT_CATEGORY('part',$,(#6608));
#6617 = ADVANCED_BREP_SHAPE_REPRESENTATION('',(#11,#6618),#6630);
#6618 = MANIFOLD_SOLID_BREP('',#6619);
#6619 = CLOSED_SHELL('',(#6620));
#6620 = ADVANCED_FACE('',(#6621),#6625,.T.);
#6621 = FACE_BOUND('',#6622,.T.);
#6622 = VERTEX_LOOP('',#6623);
#6623 = VERTEX_POINT('',#6624);
#6624 = CARTESIAN_POINT('',(1.071565949254E-17,-2.624579619658E-33,
    -0.175));
#6625 = SPHERICAL_SURFACE('',#6626,0.175);
#6626 = AXIS2_PLACEMENT_3D('',#6627,#6628,#6629);
#6627 = CARTESIAN_POINT('',(0.,0.,0.));
#6628 = DIRECTION('',(0.,0.,1.));
#6629 = DIRECTION('',(1.,0.,-0.));
#6630 = ( GEOMETRIC_REPRESENTATION_CONTEXT(3) 
GLOBAL_UNCERTAINTY_ASSIGNED_CONTEXT((#6634)) 
GLOBAL_UNIT_ASSIGNED_CONTEXT((#6631,#6632,#6633)) REPRESENTATION_CONTEXT
('Context #1','3D Context with UNIT and UNCERTAINTY') );
#6631 = ( LENGTH_UNIT() NAMED_UNIT(*) SI_UNIT(.MILLI.,.METRE.) );
#6632 = ( NAMED_UNIT(*) PLANE_ANGLE_UNIT() SI_UNIT($,.RADIAN.) );
#6633 = ( NAMED_UNIT(*) SI_UNIT($,.STERADIAN.) SOLID_ANGLE_UNIT() );
#6634 = UNCERTAINTY_MEASURE_WITH_UNIT(LENGTH_MEASURE(1.E-07),#6631,
  'distance_accuracy_value','confusion accuracy');
#6635 = SHAPE_DEFINITION_REPRESENTATION(#6636,#6617);
#6636 = PRODUCT_DEFINITION_SHAPE('','',#6637);
#6637 = PRODUCT_DEFINITION('design','',#6638,#6641);
#6638 = PRODUCT_DEFINITION_FORMATION('','',#6639);
#6639 = PRODUCT('L14','L14','',(#6640));
#6640 = PRODUCT_CONTEXT('',#2,'mechanical');
#6641 = PRODUCT_DEFINITION_CONTEXT('part definition',#2,'design');
#6642 = CONTEXT_DEPENDENT_SHAPE_REPRESENTATION(#6643,#6645);
#6643 = ( REPRESENTATION_RELATIONSHIP('','',#6617,#10) 
REPRESENTATION_RELATIONSHIP_WITH_TRANSFORMATION(#6644) 
SHAPE_REPRESENTATION_RELATIONSHIP() );
#6644 = ITEM_DEFINED_TRANSFORMATION('','',#11,#719);
#6645 = PRODUCT_DEFINITION_SHAPE('Placement','Placement of an item',
  #6646);
#6646 = NEXT_ASSEMBLY_USAGE_OCCURRENCE('177','=>[0:1:1:178]','',#5,#6637
  ,$);
#6647 = PRODUCT_RELATED_PRODUCT_CATEGORY('part',$,(#6639));
#6648 = ADVANCED_BREP_SHAPE_REPRESENTATION('',(#11,#6649),#6661);
#6649 = MANIFOLD_SOLID_BREP('',#6650);
#6650 = CLOSED_SHELL('',(#6651));
#6651 = ADVANCED_FACE('',(#6652),#6656,.T.);
#6652 = FACE_BOUND('',#6653,.T.);
#6653 = VERTEX_LOOP('',#6654);
#6654 = VERTEX_POINT('',#6655);
#6655 = CARTESIAN_POINT('',(1.071565949254E-17,-2.624579619658E-33,
    -0.175));
#6656 = SPHERICAL_SURFACE('',#6657,0.175);
#6657 = AXIS2_PLACEMENT_3D('',#6658,#6659,#6660);
#6658 = CARTESIAN_POINT('',(0.,0.,0.));
#6659 = DIRECTION('',(0.,0.,1.));
#6660 = DIRECTION('',(1.,0.,-0.));
#6661 = ( GEOMETRIC_REPRESENTATION_CONTEXT(3) 
GLOBAL_UNCERTAINTY_ASSIGNED_CONTEXT((#6665)) 
GLOBAL_UNIT_ASSIGNED_CONTEXT((#6662,#6663,#6664)) REPRESENTATION_CONTEXT
('Context #1','3D Context with UNIT and UNCERTAINTY') );
#6662 = ( LENGTH_UNIT() NAMED_UNIT(*) SI_UNIT(.MILLI.,.METRE.) );
#6663 = ( NAMED_UNIT(*) PLANE_ANGLE_UNIT() SI_UNIT($,.RADIAN.) );
#6664 = ( NAMED_UNIT(*) SI_UNIT($,.STERADIAN.) SOLID_ANGLE_UNIT() );
#6665 = UNCERTAINTY_MEASURE_WITH_UNIT(LENGTH_MEASURE(1.E-07),#6662,
  'distance_accuracy_value','confusion accuracy');
#6666 = SHAPE_DEFINITION_REPRESENTATION(#6667,#6648);
#6667 = PRODUCT_DEFINITION_SHAPE('','',#6668);
#6668 = PRODUCT_DEFINITION('design','',#6669,#6672);
#6669 = PRODUCT_DEFINITION_FORMATION('','',#6670);
#6670 = PRODUCT('L15','L15','',(#6671));
#6671 = PRODUCT_CONTEXT('',#2,'mechanical');
#6672 = PRODUCT_DEFINITION_CONTEXT('part definition',#2,'design');
#6673 = CONTEXT_DEPENDENT_SHAPE_REPRESENTATION(#6674,#6676);
#6674 = ( REPRESENTATION_RELATIONSHIP('','',#6648,#10) 
REPRESENTATION_RELATIONSHIP_WITH_TRANSFORMATION(#6675) 
SHAPE_REPRESENTATION_RELATIONSHIP() );
#6675 = ITEM_DEFINED_TRANSFORMATION('','',#11,#723);
#6676 = PRODUCT_DEFINITION_SHAPE('Placement','Placement of an item',
  #6677);
#6677 = NEXT_ASSEMBLY_USAGE_OCCURRENCE('178','=>[0:1:1:179]','',#5,#6668
  ,$);
#6678 = PRODUCT_RELATED_PRODUCT_CATEGORY('part',$,(#6670));
#6679 = ADVANCED_BREP_SHAPE_REPRESENTATION('',(#11,#6680),#6692);
#6680 = MANIFOLD_SOLID_BREP('',#6681);
#6681 = CLOSED_SHELL('',(#6682));
#6682 = ADVANCED_FACE('',(#6683),#6687,.T.);
#6683 = FACE_BOUND('',#6684,.T.);
#6684 = VERTEX_LOOP('',#6685);
#6685 = VERTEX_POINT('',#6686);
#6686 = CARTESIAN_POINT('',(1.071565949254E-17,-2.624579619658E-33,
    -0.175));
#6687 = SPHERICAL_SURFACE('',#6688,0.175);
#6688 = AXIS2_PLACEMENT_3D('',#6689,#6690,#6691);
#6689 = CARTESIAN_POINT('',(0.,0.,0.));
#6690 = DIRECTION('',(0.,0.,1.));
#6691 = DIRECTION('',(1.,0.,-0.));
#6692 = ( GEOMETRIC_REPRESENTATION_CONTEXT(3) 
GLOBAL_UNCERTAINTY_ASSIGNED_CONTEXT((#6696)) 
GLOBAL_UNIT_ASSIGNED_CONTEXT((#6693,#6694,#6695)) REPRESENTATION_CONTEXT
('Context #1','3D Context with UNIT and UNCERTAINTY') );
#6693 = ( LENGTH_UNIT() NAMED_UNIT(*) SI_UNIT(.MILLI.,.METRE.) );
#6694 = ( NAMED_UNIT(*) PLANE_ANGLE_UNIT() SI_UNIT($,.RADIAN.) );
#6695 = ( NAMED_UNIT(*) SI_UNIT($,.STERADIAN.) SOLID_ANGLE_UNIT() );
#6696 = UNCERTAINTY_MEASURE_WITH_UNIT(LENGTH_MEASURE(1.E-07),#6693,
  'distance_accuracy_value','confusion accuracy');
#6697 = SHAPE_DEFINITION_REPRESENTATION(#6698,#6679);
#6698 = PRODUCT_DEFINITION_SHAPE('','',#6699);
#6699 = PRODUCT_DEFINITION('design','',#6700,#6703);
#6700 = PRODUCT_DEFINITION_FORMATION('','',#6701);
#6701 = PRODUCT('L18','L18','',(#6702));
#6702 = PRODUCT_CONTEXT('',#2,'mechanical');
#6703 = PRODUCT_DEFINITION_CONTEXT('part definition',#2,'design');
#6704 = CONTEXT_DEPENDENT_SHAPE_REPRESENTATION(#6705,#6707);
#6705 = ( REPRESENTATION_RELATIONSHIP('','',#6679,#10) 
REPRESENTATION_RELATIONSHIP_WITH_TRANSFORMATION(#6706) 
SHAPE_REPRESENTATION_RELATIONSHIP() );
#6706 = ITEM_DEFINED_TRANSFORMATION('','',#11,#727);
#6707 = PRODUCT_DEFINITION_SHAPE('Placement','Placement of an item',
  #6708);
#6708 = NEXT_ASSEMBLY_USAGE_OCCURRENCE('179','=>[0:1:1:180]','',#5,#6699
  ,$);
#6709 = PRODUCT_RELATED_PRODUCT_CATEGORY('part',$,(#6701));
#6710 = ADVANCED_BREP_SHAPE_REPRESENTATION('',(#11,#6711),#6723);
#6711 = MANIFOLD_SOLID_BREP('',#6712);
#6712 = CLOSED_SHELL('',(#6713));
#6713 = ADVANCED_FACE('',(#6714),#6718,.T.);
#6714 = FACE_BOUND('',#6715,.T.);
#6715 = VERTEX_LOOP('',#6716);
#6716 = VERTEX_POINT('',#6717);
#6717 = CARTESIAN_POINT('',(1.071565949254E-17,-2.624579619658E-33,
    -0.175));
#6718 = SPHERICAL_SURFACE('',#6719,0.175);
#6719 = AXIS2_PLACEMENT_3D('',#6720,#6721,#6722);
#6720 = CARTESIAN_POINT('',(0.,0.,0.));
#6721 = DIRECTION('',(0.,0.,1.));
#6722 = DIRECTION('',(1.,0.,-0.));
#6723 = ( GEOMETRIC_REPRESENTATION_CONTEXT(3) 
GLOBAL_UNCERTAINTY_ASSIGNED_CONTEXT((#6727)) 
GLOBAL_UNIT_ASSIGNED_CONTEXT((#6724,#6725,#6726)) REPRESENTATION_CONTEXT
('Context #1','3D Context with UNIT and UNCERTAINTY') );
#6724 = ( LENGTH_UNIT() NAMED_UNIT(*) SI_UNIT(.MILLI.,.METRE.) );
#6725 = ( NAMED_UNIT(*) PLANE_ANGLE_UNIT() SI_UNIT($,.RADIAN.) );
#6726 = ( NAMED_UNIT(*) SI_UNIT($,.STERADIAN.) SOLID_ANGLE_UNIT() );
#6727 = UNCERTAINTY_MEASURE_WITH_UNIT(LENGTH_MEASURE(1.E-07),#6724,
  'distance_accuracy_value','confusion accuracy');
#6728 = SHAPE_DEFINITION_REPRESENTATION(#6729,#6710);
#6729 = PRODUCT_DEFINITION_SHAPE('','',#6730);
#6730 = PRODUCT_DEFINITION('design','',#6731,#6734);
#6731 = PRODUCT_DEFINITION_FORMATION('','',#6732);
#6732 = PRODUCT('L19','L19','',(#6733));
#6733 = PRODUCT_CONTEXT('',#2,'mechanical');
#6734 = PRODUCT_DEFINITION_CONTEXT('part definition',#2,'design');
#6735 = CONTEXT_DEPENDENT_SHAPE_REPRESENTATION(#6736,#6738);
#6736 = ( REPRESENTATION_RELATIONSHIP('','',#6710,#10) 
REPRESENTATION_RELATIONSHIP_WITH_TRANSFORMATION(#6737) 
SHAPE_REPRESENTATION_RELATIONSHIP() );
#6737 = ITEM_DEFINED_TRANSFORMATION('','',#11,#731);
#6738 = PRODUCT_DEFINITION_SHAPE('Placement','Placement of an item',
  #6739);
#6739 = NEXT_ASSEMBLY_USAGE_OCCURRENCE('180','=>[0:1:1:181]','',#5,#6730
  ,$);
#6740 = PRODUCT_RELATED_PRODUCT_CATEGORY('part',$,(#6732));
#6741 = ADVANCED_BREP_SHAPE_REPRESENTATION('',(#11,#6742),#6754);
#6742 = MANIFOLD_SOLID_BREP('',#6743);
#6743 = CLOSED_SHELL('',(#6744));
#6744 = ADVANCED_FACE('',(#6745),#6749,.T.);
#6745 = FACE_BOUND('',#6746,.T.);
#6746 = VERTEX_LOOP('',#6747);
#6747 = VERTEX_POINT('',#6748);
#6748 = CARTESIAN_POINT('',(1.071565949254E-17,-2.624579619658E-33,
    -0.175));
#6749 = SPHERICAL_SURFACE('',#6750,0.175);
#6750 = AXIS2_PLACEMENT_3D('',#6751,#6752,#6753);
#6751 = CARTESIAN_POINT('',(0.,0.,0.));
#6752 = DIRECTION('',(0.,0.,1.));
#6753 = DIRECTION('',(1.,0.,-0.));
#6754 = ( GEOMETRIC_REPRESENTATION_CONTEXT(3) 
GLOBAL_UNCERTAINTY_ASSIGNED_CONTEXT((#6758)) 
GLOBAL_UNIT_ASSIGNED_CONTEXT((#6755,#6756,#6757)) REPRESENTATION_CONTEXT
('Context #1','3D Context with UNIT and UNCERTAINTY') );
#6755 = ( LENGTH_UNIT() NAMED_UNIT(*) SI_UNIT(.MILLI.,.METRE.) );
#6756 = ( NAMED_UNIT(*) PLANE_ANGLE_UNIT() SI_UNIT($,.RADIAN.) );
#6757 = ( NAMED_UNIT(*) SI_UNIT($,.STERADIAN.) SOLID_ANGLE_UNIT() );
#6758 = UNCERTAINTY_MEASURE_WITH_UNIT(LENGTH_MEASURE(1.E-07),#6755,
  'distance_accuracy_value','confusion accuracy');
#6759 = SHAPE_DEFINITION_REPRESENTATION(#6760,#6741);
#6760 = PRODUCT_DEFINITION_SHAPE('','',#6761);
#6761 = PRODUCT_DEFINITION('design','',#6762,#6765);
#6762 = PRODUCT_DEFINITION_FORMATION('','',#6763);
#6763 = PRODUCT('L20','L20','',(#6764));
#6764 = PRODUCT_CONTEXT('',#2,'mechanical');
#6765 = PRODUCT_DEFINITION_CONTEXT('part definition',#2,'design');
#6766 = CONTEXT_DEPENDENT_SHAPE_REPRESENTATION(#6767,#6769);
#6767 = ( REPRESENTATION_RELATIONSHIP('','',#6741,#10) 
REPRESENTATION_RELATIONSHIP_WITH_TRANSFORMATION(#6768) 
SHAPE_REPRESENTATION_RELATIONSHIP() );
#6768 = ITEM_DEFINED_TRANSFORMATION('','',#11,#735);
#6769 = PRODUCT_DEFINITION_SHAPE('Placement','Placement of an item',
  #6770);
#6770 = NEXT_ASSEMBLY_USAGE_OCCURRENCE('181','=>[0:1:1:182]','',#5,#6761
  ,$);
#6771 = PRODUCT_RELATED_PRODUCT_CATEGORY('part',$,(#6763));
#6772 = ADVANCED_BREP_SHAPE_REPRESENTATION('',(#11,#6773),#6785);
#6773 = MANIFOLD_SOLID_BREP('',#6774);
#6774 = CLOSED_SHELL('',(#6775));
#6775 = ADVANCED_FACE('',(#6776),#6780,.T.);
#6776 = FACE_BOUND('',#6777,.T.);
#6777 = VERTEX_LOOP('',#6778);
#6778 = VERTEX_POINT('',#6779);
#6779 = CARTESIAN_POINT('',(1.071565949254E-17,-2.624579619658E-33,
    -0.175));
#6780 = SPHERICAL_SURFACE('',#6781,0.175);
#6781 = AXIS2_PLACEMENT_3D('',#6782,#6783,#6784);
#6782 = CARTESIAN_POINT('',(0.,0.,0.));
#6783 = DIRECTION('',(0.,0.,1.));
#6784 = DIRECTION('',(1.,0.,-0.));
#6785 = ( GEOMETRIC_REPRESENTATION_CONTEXT(3) 
GLOBAL_UNCERTAINTY_ASSIGNED_CONTEXT((#6789)) 
GLOBAL_UNIT_ASSIGNED_CONTEXT((#6786,#6787,#6788)) REPRESENTATION_CONTEXT
('Context #1','3D Context with UNIT and UNCERTAINTY') );
#6786 = ( LENGTH_UNIT() NAMED_UNIT(*) SI_UNIT(.MILLI.,.METRE.) );
#6787 = ( NAMED_UNIT(*) PLANE_ANGLE_UNIT() SI_UNIT($,.RADIAN.) );
#6788 = ( NAMED_UNIT(*) SI_UNIT($,.STERADIAN.) SOLID_ANGLE_UNIT() );
#6789 = UNCERTAINTY_MEASURE_WITH_UNIT(LENGTH_MEASURE(1.E-07),#6786,
  'distance_accuracy_value','confusion accuracy');
#6790 = SHAPE_DEFINITION_REPRESENTATION(#6791,#6772);
#6791 = PRODUCT_DEFINITION_SHAPE('','',#6792);
#6792 = PRODUCT_DEFINITION('design','',#6793,#6796);
#6793 = PRODUCT_DEFINITION_FORMATION('','',#6794);
#6794 = PRODUCT('L21','L21','',(#6795));
#6795 = PRODUCT_CONTEXT('',#2,'mechanical');
#6796 = PRODUCT_DEFINITION_CONTEXT('part definition',#2,'design');
#6797 = CONTEXT_DEPENDENT_SHAPE_REPRESENTATION(#6798,#6800);
#6798 = ( REPRESENTATION_RELATIONSHIP('','',#6772,#10) 
REPRESENTATION_RELATIONSHIP_WITH_TRANSFORMATION(#6799) 
SHAPE_REPRESENTATION_RELATIONSHIP() );
#6799 = ITEM_DEFINED_TRANSFORMATION('','',#11,#739);
#6800 = PRODUCT_DEFINITION_SHAPE('Placement','Placement of an item',
  #6801);
#6801 = NEXT_ASSEMBLY_USAGE_OCCURRENCE('182','=>[0:1:1:183]','',#5,#6792
  ,$);
#6802 = PRODUCT_RELATED_PRODUCT_CATEGORY('part',$,(#6794));
#6803 = ADVANCED_BREP_SHAPE_REPRESENTATION('',(#11,#6804),#6816);
#6804 = MANIFOLD_SOLID_BREP('',#6805);
#6805 = CLOSED_SHELL('',(#6806));
#6806 = ADVANCED_FACE('',(#6807),#6811,.T.);
#6807 = FACE_BOUND('',#6808,.T.);
#6808 = VERTEX_LOOP('',#6809);
#6809 = VERTEX_POINT('',#6810);
#6810 = CARTESIAN_POINT('',(1.071565949254E-17,-2.624579619658E-33,
    -0.175));
#6811 = SPHERICAL_SURFACE('',#6812,0.175);
#6812 = AXIS2_PLACEMENT_3D('',#6813,#6814,#6815);
#6813 = CARTESIAN_POINT('',(0.,0.,0.));
#6814 = DIRECTION('',(0.,0.,1.));
#6815 = DIRECTION('',(1.,0.,-0.));
#6816 = ( GEOMETRIC_REPRESENTATION_CONTEXT(3) 
GLOBAL_UNCERTAINTY_ASSIGNED_CONTEXT((#6820)) 
GLOBAL_UNIT_ASSIGNED_CONTEXT((#6817,#6818,#6819)) REPRESENTATION_CONTEXT
('Context #1','3D Context with UNIT and UNCERTAINTY') );
#6817 = ( LENGTH_UNIT() NAMED_UNIT(*) SI_UNIT(.MILLI.,.METRE.) );
#6818 = ( NAMED_UNIT(*) PLANE_ANGLE_UNIT() SI_UNIT($,.RADIAN.) );
#6819 = ( NAMED_UNIT(*) SI_UNIT($,.STERADIAN.) SOLID_ANGLE_UNIT() );
#6820 = UNCERTAINTY_MEASURE_WITH_UNIT(LENGTH_MEASURE(1.E-07),#6817,
  'distance_accuracy_value','confusion accuracy');
#6821 = SHAPE_DEFINITION_REPRESENTATION(#6822,#6803);
#6822 = PRODUCT_DEFINITION_SHAPE('','',#6823);
#6823 = PRODUCT_DEFINITION('design','',#6824,#6827);
#6824 = PRODUCT_DEFINITION_FORMATION('','',#6825);
#6825 = PRODUCT('M1','M1','',(#6826));
#6826 = PRODUCT_CONTEXT('',#2,'mechanical');
#6827 = PRODUCT_DEFINITION_CONTEXT('part definition',#2,'design');
#6828 = CONTEXT_DEPENDENT_SHAPE_REPRESENTATION(#6829,#6831);
#6829 = ( REPRESENTATION_RELATIONSHIP('','',#6803,#10) 
REPRESENTATION_RELATIONSHIP_WITH_TRANSFORMATION(#6830) 
SHAPE_REPRESENTATION_RELATIONSHIP() );
#6830 = ITEM_DEFINED_TRANSFORMATION('','',#11,#743);
#6831 = PRODUCT_DEFINITION_SHAPE('Placement','Placement of an item',
  #6832);
#6832 = NEXT_ASSEMBLY_USAGE_OCCURRENCE('183','=>[0:1:1:184]','',#5,#6823
  ,$);
#6833 = PRODUCT_RELATED_PRODUCT_CATEGORY('part',$,(#6825));
#6834 = ADVANCED_BREP_SHAPE_REPRESENTATION('',(#11,#6835),#6847);
#6835 = MANIFOLD_SOLID_BREP('',#6836);
#6836 = CLOSED_SHELL('',(#6837));
#6837 = ADVANCED_FACE('',(#6838),#6842,.T.);
#6838 = FACE_BOUND('',#6839,.T.);
#6839 = VERTEX_LOOP('',#6840);
#6840 = VERTEX_POINT('',#6841);
#6841 = CARTESIAN_POINT('',(1.071565949254E-17,-2.624579619658E-33,
    -0.175));
#6842 = SPHERICAL_SURFACE('',#6843,0.175);
#6843 = AXIS2_PLACEMENT_3D('',#6844,#6845,#6846);
#6844 = CARTESIAN_POINT('',(0.,0.,0.));
#6845 = DIRECTION('',(0.,0.,1.));
#6846 = DIRECTION('',(1.,0.,-0.));
#6847 = ( GEOMETRIC_REPRESENTATION_CONTEXT(3) 
GLOBAL_UNCERTAINTY_ASSIGNED_CONTEXT((#6851)) 
GLOBAL_UNIT_ASSIGNED_CONTEXT((#6848,#6849,#6850)) REPRESENTATION_CONTEXT
('Context #1','3D Context with UNIT and UNCERTAINTY') );
#6848 = ( LENGTH_UNIT() NAMED_UNIT(*) SI_UNIT(.MILLI.,.METRE.) );
#6849 = ( NAMED_UNIT(*) PLANE_ANGLE_UNIT() SI_UNIT($,.RADIAN.) );
#6850 = ( NAMED_UNIT(*) SI_UNIT($,.STERADIAN.) SOLID_ANGLE_UNIT() );
#6851 = UNCERTAINTY_MEASURE_WITH_UNIT(LENGTH_MEASURE(1.E-07),#6848,
  'distance_accuracy_value','confusion accuracy');
#6852 = SHAPE_DEFINITION_REPRESENTATION(#6853,#6834);
#6853 = PRODUCT_DEFINITION_SHAPE('','',#6854);
#6854 = PRODUCT_DEFINITION('design','',#6855,#6858);
#6855 = PRODUCT_DEFINITION_FORMATION('','',#6856);
#6856 = PRODUCT('M2','M2','',(#6857));
#6857 = PRODUCT_CONTEXT('',#2,'mechanical');
#6858 = PRODUCT_DEFINITION_CONTEXT('part definition',#2,'design');
#6859 = CONTEXT_DEPENDENT_SHAPE_REPRESENTATION(#6860,#6862);
#6860 = ( REPRESENTATION_RELATIONSHIP('','',#6834,#10) 
REPRESENTATION_RELATIONSHIP_WITH_TRANSFORMATION(#6861) 
SHAPE_REPRESENTATION_RELATIONSHIP() );
#6861 = ITEM_DEFINED_TRANSFORMATION('','',#11,#747);
#6862 = PRODUCT_DEFINITION_SHAPE('Placement','Placement of an item',
  #6863);
#6863 = NEXT_ASSEMBLY_USAGE_OCCURRENCE('184','=>[0:1:1:185]','',#5,#6854
  ,$);
#6864 = PRODUCT_RELATED_PRODUCT_CATEGORY('part',$,(#6856));
#6865 = ADVANCED_BREP_SHAPE_REPRESENTATION('',(#11,#6866),#6878);
#6866 = MANIFOLD_SOLID_BREP('',#6867);
#6867 = CLOSED_SHELL('',(#6868));
#6868 = ADVANCED_FACE('',(#6869),#6873,.T.);
#6869 = FACE_BOUND('',#6870,.T.);
#6870 = VERTEX_LOOP('',#6871);
#6871 = VERTEX_POINT('',#6872);
#6872 = CARTESIAN_POINT('',(1.071565949254E-17,-2.624579619658E-33,
    -0.175));
#6873 = SPHERICAL_SURFACE('',#6874,0.175);
#6874 = AXIS2_PLACEMENT_3D('',#6875,#6876,#6877);
#6875 = CARTESIAN_POINT('',(0.,0.,0.));
#6876 = DIRECTION('',(0.,0.,1.));
#6877 = DIRECTION('',(1.,0.,-0.));
#6878 = ( GEOMETRIC_REPRESENTATION_CONTEXT(3) 
GLOBAL_UNCERTAINTY_ASSIGNED_CONTEXT((#6882)) 
GLOBAL_UNIT_ASSIGNED_CONTEXT((#6879,#6880,#6881)) REPRESENTATION_CONTEXT
('Context #1','3D Context with UNIT and UNCERTAINTY') );
#6879 = ( LENGTH_UNIT() NAMED_UNIT(*) SI_UNIT(.MILLI.,.METRE.) );
#6880 = ( NAMED_UNIT(*) PLANE_ANGLE_UNIT() SI_UNIT($,.RADIAN.) );
#6881 = ( NAMED_UNIT(*) SI_UNIT($,.STERADIAN.) SOLID_ANGLE_UNIT() );
#6882 = UNCERTAINTY_MEASURE_WITH_UNIT(LENGTH_MEASURE(1.E-07),#6879,
  'distance_accuracy_value','confusion accuracy');
#6883 = SHAPE_DEFINITION_REPRESENTATION(#6884,#6865);
#6884 = PRODUCT_DEFINITION_SHAPE('','',#6885);
#6885 = PRODUCT_DEFINITION('design','',#6886,#6889);
#6886 = PRODUCT_DEFINITION_FORMATION('','',#6887);
#6887 = PRODUCT('M3','M3','',(#6888));
#6888 = PRODUCT_CONTEXT('',#2,'mechanical');
#6889 = PRODUCT_DEFINITION_CONTEXT('part definition',#2,'design');
#6890 = CONTEXT_DEPENDENT_SHAPE_REPRESENTATION(#6891,#6893);
#6891 = ( REPRESENTATION_RELATIONSHIP('','',#6865,#10) 
REPRESENTATION_RELATIONSHIP_WITH_TRANSFORMATION(#6892) 
SHAPE_REPRESENTATION_RELATIONSHIP() );
#6892 = ITEM_DEFINED_TRANSFORMATION('','',#11,#751);
#6893 = PRODUCT_DEFINITION_SHAPE('Placement','Placement of an item',
  #6894);
#6894 = NEXT_ASSEMBLY_USAGE_OCCURRENCE('185','=>[0:1:1:186]','',#5,#6885
  ,$);
#6895 = PRODUCT_RELATED_PRODUCT_CATEGORY('part',$,(#6887));
#6896 = ADVANCED_BREP_SHAPE_REPRESENTATION('',(#11,#6897),#6909);
#6897 = MANIFOLD_SOLID_BREP('',#6898);
#6898 = CLOSED_SHELL('',(#6899));
#6899 = ADVANCED_FACE('',(#6900),#6904,.T.);
#6900 = FACE_BOUND('',#6901,.T.);
#6901 = VERTEX_LOOP('',#6902);
#6902 = VERTEX_POINT('',#6903);
#6903 = CARTESIAN_POINT('',(1.071565949254E-17,-2.624579619658E-33,
    -0.175));
#6904 = SPHERICAL_SURFACE('',#6905,0.175);
#6905 = AXIS2_PLACEMENT_3D('',#6906,#6907,#6908);
#6906 = CARTESIAN_POINT('',(0.,0.,0.));
#6907 = DIRECTION('',(0.,0.,1.));
#6908 = DIRECTION('',(1.,0.,-0.));
#6909 = ( GEOMETRIC_REPRESENTATION_CONTEXT(3) 
GLOBAL_UNCERTAINTY_ASSIGNED_CONTEXT((#6913)) 
GLOBAL_UNIT_ASSIGNED_CONTEXT((#6910,#6911,#6912)) REPRESENTATION_CONTEXT
('Context #1','3D Context with UNIT and UNCERTAINTY') );
#6910 = ( LENGTH_UNIT() NAMED_UNIT(*) SI_UNIT(.MILLI.,.METRE.) );
#6911 = ( NAMED_UNIT(*) PLANE_ANGLE_UNIT() SI_UNIT($,.RADIAN.) );
#6912 = ( NAMED_UNIT(*) SI_UNIT($,.STERADIAN.) SOLID_ANGLE_UNIT() );
#6913 = UNCERTAINTY_MEASURE_WITH_UNIT(LENGTH_MEASURE(1.E-07),#6910,
  'distance_accuracy_value','confusion accuracy');
#6914 = SHAPE_DEFINITION_REPRESENTATION(#6915,#6896);
#6915 = PRODUCT_DEFINITION_SHAPE('','',#6916);
#6916 = PRODUCT_DEFINITION('design','',#6917,#6920);
#6917 = PRODUCT_DEFINITION_FORMATION('','',#6918);
#6918 = PRODUCT('M18','M18','',(#6919));
#6919 = PRODUCT_CONTEXT('',#2,'mechanical');
#6920 = PRODUCT_DEFINITION_CONTEXT('part definition',#2,'design');
#6921 = CONTEXT_DEPENDENT_SHAPE_REPRESENTATION(#6922,#6924);
#6922 = ( REPRESENTATION_RELATIONSHIP('','',#6896,#10) 
REPRESENTATION_RELATIONSHIP_WITH_TRANSFORMATION(#6923) 
SHAPE_REPRESENTATION_RELATIONSHIP() );
#6923 = ITEM_DEFINED_TRANSFORMATION('','',#11,#755);
#6924 = PRODUCT_DEFINITION_SHAPE('Placement','Placement of an item',
  #6925);
#6925 = NEXT_ASSEMBLY_USAGE_OCCURRENCE('186','=>[0:1:1:187]','',#5,#6916
  ,$);
#6926 = PRODUCT_RELATED_PRODUCT_CATEGORY('part',$,(#6918));
#6927 = ADVANCED_BREP_SHAPE_REPRESENTATION('',(#11,#6928),#6940);
#6928 = MANIFOLD_SOLID_BREP('',#6929);
#6929 = CLOSED_SHELL('',(#6930));
#6930 = ADVANCED_FACE('',(#6931),#6935,.T.);
#6931 = FACE_BOUND('',#6932,.T.);
#6932 = VERTEX_LOOP('',#6933);
#6933 = VERTEX_POINT('',#6934);
#6934 = CARTESIAN_POINT('',(1.071565949254E-17,-2.624579619658E-33,
    -0.175));
#6935 = SPHERICAL_SURFACE('',#6936,0.175);
#6936 = AXIS2_PLACEMENT_3D('',#6937,#6938,#6939);
#6937 = CARTESIAN_POINT('',(0.,0.,0.));
#6938 = DIRECTION('',(0.,0.,1.));
#6939 = DIRECTION('',(1.,0.,-0.));
#6940 = ( GEOMETRIC_REPRESENTATION_CONTEXT(3) 
GLOBAL_UNCERTAINTY_ASSIGNED_CONTEXT((#6944)) 
GLOBAL_UNIT_ASSIGNED_CONTEXT((#6941,#6942,#6943)) REPRESENTATION_CONTEXT
('Context #1','3D Context with UNIT and UNCERTAINTY') );
#6941 = ( LENGTH_UNIT() NAMED_UNIT(*) SI_UNIT(.MILLI.,.METRE.) );
#6942 = ( NAMED_UNIT(*) PLANE_ANGLE_UNIT() SI_UNIT($,.RADIAN.) );
#6943 = ( NAMED_UNIT(*) SI_UNIT($,.STERADIAN.) SOLID_ANGLE_UNIT() );
#6944 = UNCERTAINTY_MEASURE_WITH_UNIT(LENGTH_MEASURE(1.E-07),#6941,
  'distance_accuracy_value','confusion accuracy');
#6945 = SHAPE_DEFINITION_REPRESENTATION(#6946,#6927);
#6946 = PRODUCT_DEFINITION_SHAPE('','',#6947);
#6947 = PRODUCT_DEFINITION('design','',#6948,#6951);
#6948 = PRODUCT_DEFINITION_FORMATION('','',#6949);
#6949 = PRODUCT('M19','M19','',(#6950));
#6950 = PRODUCT_CONTEXT('',#2,'mechanical');
#6951 = PRODUCT_DEFINITION_CONTEXT('part definition',#2,'design');
#6952 = CONTEXT_DEPENDENT_SHAPE_REPRESENTATION(#6953,#6955);
#6953 = ( REPRESENTATION_RELATIONSHIP('','',#6927,#10) 
REPRESENTATION_RELATIONSHIP_WITH_TRANSFORMATION(#6954) 
SHAPE_REPRESENTATION_RELATIONSHIP() );
#6954 = ITEM_DEFINED_TRANSFORMATION('','',#11,#759);
#6955 = PRODUCT_DEFINITION_SHAPE('Placement','Placement of an item',
  #6956);
#6956 = NEXT_ASSEMBLY_USAGE_OCCURRENCE('187','=>[0:1:1:188]','',#5,#6947
  ,$);
#6957 = PRODUCT_RELATED_PRODUCT_CATEGORY('part',$,(#6949));
#6958 = ADVANCED_BREP_SHAPE_REPRESENTATION('',(#11,#6959),#6971);
#6959 = MANIFOLD_SOLID_BREP('',#6960);
#6960 = CLOSED_SHELL('',(#6961));
#6961 = ADVANCED_FACE('',(#6962),#6966,.T.);
#6962 = FACE_BOUND('',#6963,.T.);
#6963 = VERTEX_LOOP('',#6964);
#6964 = VERTEX_POINT('',#6965);
#6965 = CARTESIAN_POINT('',(1.071565949254E-17,-2.624579619658E-33,
    -0.175));
#6966 = SPHERICAL_SURFACE('',#6967,0.175);
#6967 = AXIS2_PLACEMENT_3D('',#6968,#6969,#6970);
#6968 = CARTESIAN_POINT('',(0.,0.,0.));
#6969 = DIRECTION('',(0.,0.,1.));
#6970 = DIRECTION('',(1.,0.,-0.));
#6971 = ( GEOMETRIC_REPRESENTATION_CONTEXT(3) 
GLOBAL_UNCERTAINTY_ASSIGNED_CONTEXT((#6975)) 
GLOBAL_UNIT_ASSIGNED_CONTEXT((#6972,#6973,#6974)) REPRESENTATION_CONTEXT
('Context #1','3D Context with UNIT and UNCERTAINTY') );
#6972 = ( LENGTH_UNIT() NAMED_UNIT(*) SI_UNIT(.MILLI.,.METRE.) );
#6973 = ( NAMED_UNIT(*) PLANE_ANGLE_UNIT() SI_UNIT($,.RADIAN.) );
#6974 = ( NAMED_UNIT(*) SI_UNIT($,.STERADIAN.) SOLID_ANGLE_UNIT() );
#6975 = UNCERTAINTY_MEASURE_WITH_UNIT(LENGTH_MEASURE(1.E-07),#6972,
  'distance_accuracy_value','confusion accuracy');
#6976 = SHAPE_DEFINITION_REPRESENTATION(#6977,#6958);
#6977 = PRODUCT_DEFINITION_SHAPE('','',#6978);
#6978 = PRODUCT_DEFINITION('design','',#6979,#6982);
#6979 = PRODUCT_DEFINITION_FORMATION('','',#6980);
#6980 = PRODUCT('M20','M20','',(#6981));
#6981 = PRODUCT_CONTEXT('',#2,'mechanical');
#6982 = PRODUCT_DEFINITION_CONTEXT('part definition',#2,'design');
#6983 = CONTEXT_DEPENDENT_SHAPE_REPRESENTATION(#6984,#6986);
#6984 = ( REPRESENTATION_RELATIONSHIP('','',#6958,#10) 
REPRESENTATION_RELATIONSHIP_WITH_TRANSFORMATION(#6985) 
SHAPE_REPRESENTATION_RELATIONSHIP() );
#6985 = ITEM_DEFINED_TRANSFORMATION('','',#11,#763);
#6986 = PRODUCT_DEFINITION_SHAPE('Placement','Placement of an item',
  #6987);
#6987 = NEXT_ASSEMBLY_USAGE_OCCURRENCE('188','=>[0:1:1:189]','',#5,#6978
  ,$);
#6988 = PRODUCT_RELATED_PRODUCT_CATEGORY('part',$,(#6980));
#6989 = ADVANCED_BREP_SHAPE_REPRESENTATION('',(#11,#6990),#7002);
#6990 = MANIFOLD_SOLID_BREP('',#6991);
#6991 = CLOSED_SHELL('',(#6992));
#6992 = ADVANCED_FACE('',(#6993),#6997,.T.);
#6993 = FACE_BOUND('',#6994,.T.);
#6994 = VERTEX_LOOP('',#6995);
#6995 = VERTEX_POINT('',#6996);
#6996 = CARTESIAN_POINT('',(1.071565949254E-17,-2.624579619658E-33,
    -0.175));
#6997 = SPHERICAL_SURFACE('',#6998,0.175);
#6998 = AXIS2_PLACEMENT_3D('',#6999,#7000,#7001);
#6999 = CARTESIAN_POINT('',(0.,0.,0.));
#7000 = DIRECTION('',(0.,0.,1.));
#7001 = DIRECTION('',(1.,0.,-0.));
#7002 = ( GEOMETRIC_REPRESENTATION_CONTEXT(3) 
GLOBAL_UNCERTAINTY_ASSIGNED_CONTEXT((#7006)) 
GLOBAL_UNIT_ASSIGNED_CONTEXT((#7003,#7004,#7005)) REPRESENTATION_CONTEXT
('Context #1','3D Context with UNIT and UNCERTAINTY') );
#7003 = ( LENGTH_UNIT() NAMED_UNIT(*) SI_UNIT(.MILLI.,.METRE.) );
#7004 = ( NAMED_UNIT(*) PLANE_ANGLE_UNIT() SI_UNIT($,.RADIAN.) );
#7005 = ( NAMED_UNIT(*) SI_UNIT($,.STERADIAN.) SOLID_ANGLE_UNIT() );
#7006 = UNCERTAINTY_MEASURE_WITH_UNIT(LENGTH_MEASURE(1.E-07),#7003,
  'distance_accuracy_value','confusion accuracy');
#7007 = SHAPE_DEFINITION_REPRESENTATION(#7008,#6989);
#7008 = PRODUCT_DEFINITION_SHAPE('','',#7009);
#7009 = PRODUCT_DEFINITION('design','',#7010,#7013);
#7010 = PRODUCT_DEFINITION_FORMATION('','',#7011);
#7011 = PRODUCT('N2','N2','',(#7012));
#7012 = PRODUCT_CONTEXT('',#2,'mechanical');
#7013 = PRODUCT_DEFINITION_CONTEXT('part definition',#2,'design');
#7014 = CONTEXT_DEPENDENT_SHAPE_REPRESENTATION(#7015,#7017);
#7015 = ( REPRESENTATION_RELATIONSHIP('','',#6989,#10) 
REPRESENTATION_RELATIONSHIP_WITH_TRANSFORMATION(#7016) 
SHAPE_REPRESENTATION_RELATIONSHIP() );
#7016 = ITEM_DEFINED_TRANSFORMATION('','',#11,#767);
#7017 = PRODUCT_DEFINITION_SHAPE('Placement','Placement of an item',
  #7018);
#7018 = NEXT_ASSEMBLY_USAGE_OCCURRENCE('189','=>[0:1:1:190]','',#5,#7009
  ,$);
#7019 = PRODUCT_RELATED_PRODUCT_CATEGORY('part',$,(#7011));
#7020 = ADVANCED_BREP_SHAPE_REPRESENTATION('',(#11,#7021),#7033);
#7021 = MANIFOLD_SOLID_BREP('',#7022);
#7022 = CLOSED_SHELL('',(#7023));
#7023 = ADVANCED_FACE('',(#7024),#7028,.T.);
#7024 = FACE_BOUND('',#7025,.T.);
#7025 = VERTEX_LOOP('',#7026);
#7026 = VERTEX_POINT('',#7027);
#7027 = CARTESIAN_POINT('',(1.071565949254E-17,-2.624579619658E-33,
    -0.175));
#7028 = SPHERICAL_SURFACE('',#7029,0.175);
#7029 = AXIS2_PLACEMENT_3D('',#7030,#7031,#7032);
#7030 = CARTESIAN_POINT('',(0.,0.,0.));
#7031 = DIRECTION('',(0.,0.,1.));
#7032 = DIRECTION('',(1.,0.,-0.));
#7033 = ( GEOMETRIC_REPRESENTATION_CONTEXT(3) 
GLOBAL_UNCERTAINTY_ASSIGNED_CONTEXT((#7037)) 
GLOBAL_UNIT_ASSIGNED_CONTEXT((#7034,#7035,#7036)) REPRESENTATION_CONTEXT
('Context #1','3D Context with UNIT and UNCERTAINTY') );
#7034 = ( LENGTH_UNIT() NAMED_UNIT(*) SI_UNIT(.MILLI.,.METRE.) );
#7035 = ( NAMED_UNIT(*) PLANE_ANGLE_UNIT() SI_UNIT($,.RADIAN.) );
#7036 = ( NAMED_UNIT(*) SI_UNIT($,.STERADIAN.) SOLID_ANGLE_UNIT() );
#7037 = UNCERTAINTY_MEASURE_WITH_UNIT(LENGTH_MEASURE(1.E-07),#7034,
  'distance_accuracy_value','confusion accuracy');
#7038 = SHAPE_DEFINITION_REPRESENTATION(#7039,#7020);
#7039 = PRODUCT_DEFINITION_SHAPE('','',#7040);
#7040 = PRODUCT_DEFINITION('design','',#7041,#7044);
#7041 = PRODUCT_DEFINITION_FORMATION('','',#7042);
#7042 = PRODUCT('N3','N3','',(#7043));
#7043 = PRODUCT_CONTEXT('',#2,'mechanical');
#7044 = PRODUCT_DEFINITION_CONTEXT('part definition',#2,'design');
#7045 = CONTEXT_DEPENDENT_SHAPE_REPRESENTATION(#7046,#7048);
#7046 = ( REPRESENTATION_RELATIONSHIP('','',#7020,#10) 
REPRESENTATION_RELATIONSHIP_WITH_TRANSFORMATION(#7047) 
SHAPE_REPRESENTATION_RELATIONSHIP() );
#7047 = ITEM_DEFINED_TRANSFORMATION('','',#11,#771);
#7048 = PRODUCT_DEFINITION_SHAPE('Placement','Placement of an item',
  #7049);
#7049 = NEXT_ASSEMBLY_USAGE_OCCURRENCE('190','=>[0:1:1:191]','',#5,#7040
  ,$);
#7050 = PRODUCT_RELATED_PRODUCT_CATEGORY('part',$,(#7042));
#7051 = ADVANCED_BREP_SHAPE_REPRESENTATION('',(#11,#7052),#7064);
#7052 = MANIFOLD_SOLID_BREP('',#7053);
#7053 = CLOSED_SHELL('',(#7054));
#7054 = ADVANCED_FACE('',(#7055),#7059,.T.);
#7055 = FACE_BOUND('',#7056,.T.);
#7056 = VERTEX_LOOP('',#7057);
#7057 = VERTEX_POINT('',#7058);
#7058 = CARTESIAN_POINT('',(1.071565949254E-17,-2.624579619658E-33,
    -0.175));
#7059 = SPHERICAL_SURFACE('',#7060,0.175);
#7060 = AXIS2_PLACEMENT_3D('',#7061,#7062,#7063);
#7061 = CARTESIAN_POINT('',(0.,0.,0.));
#7062 = DIRECTION('',(0.,0.,1.));
#7063 = DIRECTION('',(1.,0.,-0.));
#7064 = ( GEOMETRIC_REPRESENTATION_CONTEXT(3) 
GLOBAL_UNCERTAINTY_ASSIGNED_CONTEXT((#7068)) 
GLOBAL_UNIT_ASSIGNED_CONTEXT((#7065,#7066,#7067)) REPRESENTATION_CONTEXT
('Context #1','3D Context with UNIT and UNCERTAINTY') );
#7065 = ( LENGTH_UNIT() NAMED_UNIT(*) SI_UNIT(.MILLI.,.METRE.) );
#7066 = ( NAMED_UNIT(*) PLANE_ANGLE_UNIT() SI_UNIT($,.RADIAN.) );
#7067 = ( NAMED_UNIT(*) SI_UNIT($,.STERADIAN.) SOLID_ANGLE_UNIT() );
#7068 = UNCERTAINTY_MEASURE_WITH_UNIT(LENGTH_MEASURE(1.E-07),#7065,
  'distance_accuracy_value','confusion accuracy');
#7069 = SHAPE_DEFINITION_REPRESENTATION(#7070,#7051);
#7070 = PRODUCT_DEFINITION_SHAPE('','',#7071);
#7071 = PRODUCT_DEFINITION('design','',#7072,#7075);
#7072 = PRODUCT_DEFINITION_FORMATION('','',#7073);
#7073 = PRODUCT('N4','N4','',(#7074));
#7074 = PRODUCT_CONTEXT('',#2,'mechanical');
#7075 = PRODUCT_DEFINITION_CONTEXT('part definition',#2,'design');
#7076 = CONTEXT_DEPENDENT_SHAPE_REPRESENTATION(#7077,#7079);
#7077 = ( REPRESENTATION_RELATIONSHIP('','',#7051,#10) 
REPRESENTATION_RELATIONSHIP_WITH_TRANSFORMATION(#7078) 
SHAPE_REPRESENTATION_RELATIONSHIP() );
#7078 = ITEM_DEFINED_TRANSFORMATION('','',#11,#775);
#7079 = PRODUCT_DEFINITION_SHAPE('Placement','Placement of an item',
  #7080);
#7080 = NEXT_ASSEMBLY_USAGE_OCCURRENCE('191','=>[0:1:1:192]','',#5,#7071
  ,$);
#7081 = PRODUCT_RELATED_PRODUCT_CATEGORY('part',$,(#7073));
#7082 = ADVANCED_BREP_SHAPE_REPRESENTATION('',(#11,#7083),#7095);
#7083 = MANIFOLD_SOLID_BREP('',#7084);
#7084 = CLOSED_SHELL('',(#7085));
#7085 = ADVANCED_FACE('',(#7086),#7090,.T.);
#7086 = FACE_BOUND('',#7087,.T.);
#7087 = VERTEX_LOOP('',#7088);
#7088 = VERTEX_POINT('',#7089);
#7089 = CARTESIAN_POINT('',(1.071565949254E-17,-2.624579619658E-33,
    -0.175));
#7090 = SPHERICAL_SURFACE('',#7091,0.175);
#7091 = AXIS2_PLACEMENT_3D('',#7092,#7093,#7094);
#7092 = CARTESIAN_POINT('',(0.,0.,0.));
#7093 = DIRECTION('',(0.,0.,1.));
#7094 = DIRECTION('',(1.,0.,-0.));
#7095 = ( GEOMETRIC_REPRESENTATION_CONTEXT(3) 
GLOBAL_UNCERTAINTY_ASSIGNED_CONTEXT((#7099)) 
GLOBAL_UNIT_ASSIGNED_CONTEXT((#7096,#7097,#7098)) REPRESENTATION_CONTEXT
('Context #1','3D Context with UNIT and UNCERTAINTY') );
#7096 = ( LENGTH_UNIT() NAMED_UNIT(*) SI_UNIT(.MILLI.,.METRE.) );
#7097 = ( NAMED_UNIT(*) PLANE_ANGLE_UNIT() SI_UNIT($,.RADIAN.) );
#7098 = ( NAMED_UNIT(*) SI_UNIT($,.STERADIAN.) SOLID_ANGLE_UNIT() );
#7099 = UNCERTAINTY_MEASURE_WITH_UNIT(LENGTH_MEASURE(1.E-07),#7096,
  'distance_accuracy_value','confusion accuracy');
#7100 = SHAPE_DEFINITION_REPRESENTATION(#7101,#7082);
#7101 = PRODUCT_DEFINITION_SHAPE('','',#7102);
#7102 = PRODUCT_DEFINITION('design','',#7103,#7106);
#7103 = PRODUCT_DEFINITION_FORMATION('','',#7104);
#7104 = PRODUCT('N5','N5','',(#7105));
#7105 = PRODUCT_CONTEXT('',#2,'mechanical');
#7106 = PRODUCT_DEFINITION_CONTEXT('part definition',#2,'design');
#7107 = CONTEXT_DEPENDENT_SHAPE_REPRESENTATION(#7108,#7110);
#7108 = ( REPRESENTATION_RELATIONSHIP('','',#7082,#10) 
REPRESENTATION_RELATIONSHIP_WITH_TRANSFORMATION(#7109) 
SHAPE_REPRESENTATION_RELATIONSHIP() );
#7109 = ITEM_DEFINED_TRANSFORMATION('','',#11,#779);
#7110 = PRODUCT_DEFINITION_SHAPE('Placement','Placement of an item',
  #7111);
#7111 = NEXT_ASSEMBLY_USAGE_OCCURRENCE('192','=>[0:1:1:193]','',#5,#7102
  ,$);
#7112 = PRODUCT_RELATED_PRODUCT_CATEGORY('part',$,(#7104));
#7113 = ADVANCED_BREP_SHAPE_REPRESENTATION('',(#11,#7114),#7126);
#7114 = MANIFOLD_SOLID_BREP('',#7115);
#7115 = CLOSED_SHELL('',(#7116));
#7116 = ADVANCED_FACE('',(#7117),#7121,.T.);
#7117 = FACE_BOUND('',#7118,.T.);
#7118 = VERTEX_LOOP('',#7119);
#7119 = VERTEX_POINT('',#7120);
#7120 = CARTESIAN_POINT('',(1.071565949254E-17,-2.624579619658E-33,
    -0.175));
#7121 = SPHERICAL_SURFACE('',#7122,0.175);
#7122 = AXIS2_PLACEMENT_3D('',#7123,#7124,#7125);
#7123 = CARTESIAN_POINT('',(0.,0.,0.));
#7124 = DIRECTION('',(0.,0.,1.));
#7125 = DIRECTION('',(1.,0.,-0.));
#7126 = ( GEOMETRIC_REPRESENTATION_CONTEXT(3) 
GLOBAL_UNCERTAINTY_ASSIGNED_CONTEXT((#7130)) 
GLOBAL_UNIT_ASSIGNED_CONTEXT((#7127,#7128,#7129)) REPRESENTATION_CONTEXT
('Context #1','3D Context with UNIT and UNCERTAINTY') );
#7127 = ( LENGTH_UNIT() NAMED_UNIT(*) SI_UNIT(.MILLI.,.METRE.) );
#7128 = ( NAMED_UNIT(*) PLANE_ANGLE_UNIT() SI_UNIT($,.RADIAN.) );
#7129 = ( NAMED_UNIT(*) SI_UNIT($,.STERADIAN.) SOLID_ANGLE_UNIT() );
#7130 = UNCERTAINTY_MEASURE_WITH_UNIT(LENGTH_MEASURE(1.E-07),#7127,
  'distance_accuracy_value','confusion accuracy');
#7131 = SHAPE_DEFINITION_REPRESENTATION(#7132,#7113);
#7132 = PRODUCT_DEFINITION_SHAPE('','',#7133);
#7133 = PRODUCT_DEFINITION('design','',#7134,#7137);
#7134 = PRODUCT_DEFINITION_FORMATION('','',#7135);
#7135 = PRODUCT('N6','N6','',(#7136));
#7136 = PRODUCT_CONTEXT('',#2,'mechanical');
#7137 = PRODUCT_DEFINITION_CONTEXT('part definition',#2,'design');
#7138 = CONTEXT_DEPENDENT_SHAPE_REPRESENTATION(#7139,#7141);
#7139 = ( REPRESENTATION_RELATIONSHIP('','',#7113,#10) 
REPRESENTATION_RELATIONSHIP_WITH_TRANSFORMATION(#7140) 
SHAPE_REPRESENTATION_RELATIONSHIP() );
#7140 = ITEM_DEFINED_TRANSFORMATION('','',#11,#783);
#7141 = PRODUCT_DEFINITION_SHAPE('Placement','Placement of an item',
  #7142);
#7142 = NEXT_ASSEMBLY_USAGE_OCCURRENCE('193','=>[0:1:1:194]','',#5,#7133
  ,$);
#7143 = PRODUCT_RELATED_PRODUCT_CATEGORY('part',$,(#7135));
#7144 = ADVANCED_BREP_SHAPE_REPRESENTATION('',(#11,#7145),#7157);
#7145 = MANIFOLD_SOLID_BREP('',#7146);
#7146 = CLOSED_SHELL('',(#7147));
#7147 = ADVANCED_FACE('',(#7148),#7152,.T.);
#7148 = FACE_BOUND('',#7149,.T.);
#7149 = VERTEX_LOOP('',#7150);
#7150 = VERTEX_POINT('',#7151);
#7151 = CARTESIAN_POINT('',(1.071565949254E-17,-2.624579619658E-33,
    -0.175));
#7152 = SPHERICAL_SURFACE('',#7153,0.175);
#7153 = AXIS2_PLACEMENT_3D('',#7154,#7155,#7156);
#7154 = CARTESIAN_POINT('',(0.,0.,0.));
#7155 = DIRECTION('',(0.,0.,1.));
#7156 = DIRECTION('',(1.,0.,-0.));
#7157 = ( GEOMETRIC_REPRESENTATION_CONTEXT(3) 
GLOBAL_UNCERTAINTY_ASSIGNED_CONTEXT((#7161)) 
GLOBAL_UNIT_ASSIGNED_CONTEXT((#7158,#7159,#7160)) REPRESENTATION_CONTEXT
('Context #1','3D Context with UNIT and UNCERTAINTY') );
#7158 = ( LENGTH_UNIT() NAMED_UNIT(*) SI_UNIT(.MILLI.,.METRE.) );
#7159 = ( NAMED_UNIT(*) PLANE_ANGLE_UNIT() SI_UNIT($,.RADIAN.) );
#7160 = ( NAMED_UNIT(*) SI_UNIT($,.STERADIAN.) SOLID_ANGLE_UNIT() );
#7161 = UNCERTAINTY_MEASURE_WITH_UNIT(LENGTH_MEASURE(1.E-07),#7158,
  'distance_accuracy_value','confusion accuracy');
#7162 = SHAPE_DEFINITION_REPRESENTATION(#7163,#7144);
#7163 = PRODUCT_DEFINITION_SHAPE('','',#7164);
#7164 = PRODUCT_DEFINITION('design','',#7165,#7168);
#7165 = PRODUCT_DEFINITION_FORMATION('','',#7166);
#7166 = PRODUCT('N7','N7','',(#7167));
#7167 = PRODUCT_CONTEXT('',#2,'mechanical');
#7168 = PRODUCT_DEFINITION_CONTEXT('part definition',#2,'design');
#7169 = CONTEXT_DEPENDENT_SHAPE_REPRESENTATION(#7170,#7172);
#7170 = ( REPRESENTATION_RELATIONSHIP('','',#7144,#10) 
REPRESENTATION_RELATIONSHIP_WITH_TRANSFORMATION(#7171) 
SHAPE_REPRESENTATION_RELATIONSHIP() );
#7171 = ITEM_DEFINED_TRANSFORMATION('','',#11,#787);
#7172 = PRODUCT_DEFINITION_SHAPE('Placement','Placement of an item',
  #7173);
#7173 = NEXT_ASSEMBLY_USAGE_OCCURRENCE('194','=>[0:1:1:195]','',#5,#7164
  ,$);
#7174 = PRODUCT_RELATED_PRODUCT_CATEGORY('part',$,(#7166));
#7175 = ADVANCED_BREP_SHAPE_REPRESENTATION('',(#11,#7176),#7188);
#7176 = MANIFOLD_SOLID_BREP('',#7177);
#7177 = CLOSED_SHELL('',(#7178));
#7178 = ADVANCED_FACE('',(#7179),#7183,.T.);
#7179 = FACE_BOUND('',#7180,.T.);
#7180 = VERTEX_LOOP('',#7181);
#7181 = VERTEX_POINT('',#7182);
#7182 = CARTESIAN_POINT('',(1.071565949254E-17,-2.624579619658E-33,
    -0.175));
#7183 = SPHERICAL_SURFACE('',#7184,0.175);
#7184 = AXIS2_PLACEMENT_3D('',#7185,#7186,#7187);
#7185 = CARTESIAN_POINT('',(0.,0.,0.));
#7186 = DIRECTION('',(0.,0.,1.));
#7187 = DIRECTION('',(1.,0.,-0.));
#7188 = ( GEOMETRIC_REPRESENTATION_CONTEXT(3) 
GLOBAL_UNCERTAINTY_ASSIGNED_CONTEXT((#7192)) 
GLOBAL_UNIT_ASSIGNED_CONTEXT((#7189,#7190,#7191)) REPRESENTATION_CONTEXT
('Context #1','3D Context with UNIT and UNCERTAINTY') );
#7189 = ( LENGTH_UNIT() NAMED_UNIT(*) SI_UNIT(.MILLI.,.METRE.) );
#7190 = ( NAMED_UNIT(*) PLANE_ANGLE_UNIT() SI_UNIT($,.RADIAN.) );
#7191 = ( NAMED_UNIT(*) SI_UNIT($,.STERADIAN.) SOLID_ANGLE_UNIT() );
#7192 = UNCERTAINTY_MEASURE_WITH_UNIT(LENGTH_MEASURE(1.E-07),#7189,
  'distance_accuracy_value','confusion accuracy');
#7193 = SHAPE_DEFINITION_REPRESENTATION(#7194,#7175);
#7194 = PRODUCT_DEFINITION_SHAPE('','',#7195);
#7195 = PRODUCT_DEFINITION('design','',#7196,#7199);
#7196 = PRODUCT_DEFINITION_FORMATION('','',#7197);
#7197 = PRODUCT('N9','N9','',(#7198));
#7198 = PRODUCT_CONTEXT('',#2,'mechanical');
#7199 = PRODUCT_DEFINITION_CONTEXT('part definition',#2,'design');
#7200 = CONTEXT_DEPENDENT_SHAPE_REPRESENTATION(#7201,#7203);
#7201 = ( REPRESENTATION_RELATIONSHIP('','',#7175,#10) 
REPRESENTATION_RELATIONSHIP_WITH_TRANSFORMATION(#7202) 
SHAPE_REPRESENTATION_RELATIONSHIP() );
#7202 = ITEM_DEFINED_TRANSFORMATION('','',#11,#791);
#7203 = PRODUCT_DEFINITION_SHAPE('Placement','Placement of an item',
  #7204);
#7204 = NEXT_ASSEMBLY_USAGE_OCCURRENCE('195','=>[0:1:1:196]','',#5,#7195
  ,$);
#7205 = PRODUCT_RELATED_PRODUCT_CATEGORY('part',$,(#7197));
#7206 = ADVANCED_BREP_SHAPE_REPRESENTATION('',(#11,#7207),#7219);
#7207 = MANIFOLD_SOLID_BREP('',#7208);
#7208 = CLOSED_SHELL('',(#7209));
#7209 = ADVANCED_FACE('',(#7210),#7214,.T.);
#7210 = FACE_BOUND('',#7211,.T.);
#7211 = VERTEX_LOOP('',#7212);
#7212 = VERTEX_POINT('',#7213);
#7213 = CARTESIAN_POINT('',(1.071565949254E-17,-2.624579619658E-33,
    -0.175));
#7214 = SPHERICAL_SURFACE('',#7215,0.175);
#7215 = AXIS2_PLACEMENT_3D('',#7216,#7217,#7218);
#7216 = CARTESIAN_POINT('',(0.,0.,0.));
#7217 = DIRECTION('',(0.,0.,1.));
#7218 = DIRECTION('',(1.,0.,-0.));
#7219 = ( GEOMETRIC_REPRESENTATION_CONTEXT(3) 
GLOBAL_UNCERTAINTY_ASSIGNED_CONTEXT((#7223)) 
GLOBAL_UNIT_ASSIGNED_CONTEXT((#7220,#7221,#7222)) REPRESENTATION_CONTEXT
('Context #1','3D Context with UNIT and UNCERTAINTY') );
#7220 = ( LENGTH_UNIT() NAMED_UNIT(*) SI_UNIT(.MILLI.,.METRE.) );
#7221 = ( NAMED_UNIT(*) PLANE_ANGLE_UNIT() SI_UNIT($,.RADIAN.) );
#7222 = ( NAMED_UNIT(*) SI_UNIT($,.STERADIAN.) SOLID_ANGLE_UNIT() );
#7223 = UNCERTAINTY_MEASURE_WITH_UNIT(LENGTH_MEASURE(1.E-07),#7220,
  'distance_accuracy_value','confusion accuracy');
#7224 = SHAPE_DEFINITION_REPRESENTATION(#7225,#7206);
#7225 = PRODUCT_DEFINITION_SHAPE('','',#7226);
#7226 = PRODUCT_DEFINITION('design','',#7227,#7230);
#7227 = PRODUCT_DEFINITION_FORMATION('','',#7228);
#7228 = PRODUCT('N10','N10','',(#7229));
#7229 = PRODUCT_CONTEXT('',#2,'mechanical');
#7230 = PRODUCT_DEFINITION_CONTEXT('part definition',#2,'design');
#7231 = CONTEXT_DEPENDENT_SHAPE_REPRESENTATION(#7232,#7234);
#7232 = ( REPRESENTATION_RELATIONSHIP('','',#7206,#10) 
REPRESENTATION_RELATIONSHIP_WITH_TRANSFORMATION(#7233) 
SHAPE_REPRESENTATION_RELATIONSHIP() );
#7233 = ITEM_DEFINED_TRANSFORMATION('','',#11,#795);
#7234 = PRODUCT_DEFINITION_SHAPE('Placement','Placement of an item',
  #7235);
#7235 = NEXT_ASSEMBLY_USAGE_OCCURRENCE('196','=>[0:1:1:197]','',#5,#7226
  ,$);
#7236 = PRODUCT_RELATED_PRODUCT_CATEGORY('part',$,(#7228));
#7237 = ADVANCED_BREP_SHAPE_REPRESENTATION('',(#11,#7238),#7250);
#7238 = MANIFOLD_SOLID_BREP('',#7239);
#7239 = CLOSED_SHELL('',(#7240));
#7240 = ADVANCED_FACE('',(#7241),#7245,.T.);
#7241 = FACE_BOUND('',#7242,.T.);
#7242 = VERTEX_LOOP('',#7243);
#7243 = VERTEX_POINT('',#7244);
#7244 = CARTESIAN_POINT('',(1.071565949254E-17,-2.624579619658E-33,
    -0.175));
#7245 = SPHERICAL_SURFACE('',#7246,0.175);
#7246 = AXIS2_PLACEMENT_3D('',#7247,#7248,#7249);
#7247 = CARTESIAN_POINT('',(0.,0.,0.));
#7248 = DIRECTION('',(0.,0.,1.));
#7249 = DIRECTION('',(1.,0.,-0.));
#7250 = ( GEOMETRIC_REPRESENTATION_CONTEXT(3) 
GLOBAL_UNCERTAINTY_ASSIGNED_CONTEXT((#7254)) 
GLOBAL_UNIT_ASSIGNED_CONTEXT((#7251,#7252,#7253)) REPRESENTATION_CONTEXT
('Context #1','3D Context with UNIT and UNCERTAINTY') );
#7251 = ( LENGTH_UNIT() NAMED_UNIT(*) SI_UNIT(.MILLI.,.METRE.) );
#7252 = ( NAMED_UNIT(*) PLANE_ANGLE_UNIT() SI_UNIT($,.RADIAN.) );
#7253 = ( NAMED_UNIT(*) SI_UNIT($,.STERADIAN.) SOLID_ANGLE_UNIT() );
#7254 = UNCERTAINTY_MEASURE_WITH_UNIT(LENGTH_MEASURE(1.E-07),#7251,
  'distance_accuracy_value','confusion accuracy');
#7255 = SHAPE_DEFINITION_REPRESENTATION(#7256,#7237);
#7256 = PRODUCT_DEFINITION_SHAPE('','',#7257);
#7257 = PRODUCT_DEFINITION('design','',#7258,#7261);
#7258 = PRODUCT_DEFINITION_FORMATION('','',#7259);
#7259 = PRODUCT('N12','N12','',(#7260));
#7260 = PRODUCT_CONTEXT('',#2,'mechanical');
#7261 = PRODUCT_DEFINITION_CONTEXT('part definition',#2,'design');
#7262 = CONTEXT_DEPENDENT_SHAPE_REPRESENTATION(#7263,#7265);
#7263 = ( REPRESENTATION_RELATIONSHIP('','',#7237,#10) 
REPRESENTATION_RELATIONSHIP_WITH_TRANSFORMATION(#7264) 
SHAPE_REPRESENTATION_RELATIONSHIP() );
#7264 = ITEM_DEFINED_TRANSFORMATION('','',#11,#799);
#7265 = PRODUCT_DEFINITION_SHAPE('Placement','Placement of an item',
  #7266);
#7266 = NEXT_ASSEMBLY_USAGE_OCCURRENCE('197','=>[0:1:1:198]','',#5,#7257
  ,$);
#7267 = PRODUCT_RELATED_PRODUCT_CATEGORY('part',$,(#7259));
#7268 = ADVANCED_BREP_SHAPE_REPRESENTATION('',(#11,#7269),#7281);
#7269 = MANIFOLD_SOLID_BREP('',#7270);
#7270 = CLOSED_SHELL('',(#7271));
#7271 = ADVANCED_FACE('',(#7272),#7276,.T.);
#7272 = FACE_BOUND('',#7273,.T.);
#7273 = VERTEX_LOOP('',#7274);
#7274 = VERTEX_POINT('',#7275);
#7275 = CARTESIAN_POINT('',(1.071565949254E-17,-2.624579619658E-33,
    -0.175));
#7276 = SPHERICAL_SURFACE('',#7277,0.175);
#7277 = AXIS2_PLACEMENT_3D('',#7278,#7279,#7280);
#7278 = CARTESIAN_POINT('',(0.,0.,0.));
#7279 = DIRECTION('',(0.,0.,1.));
#7280 = DIRECTION('',(1.,0.,-0.));
#7281 = ( GEOMETRIC_REPRESENTATION_CONTEXT(3) 
GLOBAL_UNCERTAINTY_ASSIGNED_CONTEXT((#7285)) 
GLOBAL_UNIT_ASSIGNED_CONTEXT((#7282,#7283,#7284)) REPRESENTATION_CONTEXT
('Context #1','3D Context with UNIT and UNCERTAINTY') );
#7282 = ( LENGTH_UNIT() NAMED_UNIT(*) SI_UNIT(.MILLI.,.METRE.) );
#7283 = ( NAMED_UNIT(*) PLANE_ANGLE_UNIT() SI_UNIT($,.RADIAN.) );
#7284 = ( NAMED_UNIT(*) SI_UNIT($,.STERADIAN.) SOLID_ANGLE_UNIT() );
#7285 = UNCERTAINTY_MEASURE_WITH_UNIT(LENGTH_MEASURE(1.E-07),#7282,
  'distance_accuracy_value','confusion accuracy');
#7286 = SHAPE_DEFINITION_REPRESENTATION(#7287,#7268);
#7287 = PRODUCT_DEFINITION_SHAPE('','',#7288);
#7288 = PRODUCT_DEFINITION('design','',#7289,#7292);
#7289 = PRODUCT_DEFINITION_FORMATION('','',#7290);
#7290 = PRODUCT('N13','N13','',(#7291));
#7291 = PRODUCT_CONTEXT('',#2,'mechanical');
#7292 = PRODUCT_DEFINITION_CONTEXT('part definition',#2,'design');
#7293 = CONTEXT_DEPENDENT_SHAPE_REPRESENTATION(#7294,#7296);
#7294 = ( REPRESENTATION_RELATIONSHIP('','',#7268,#10) 
REPRESENTATION_RELATIONSHIP_WITH_TRANSFORMATION(#7295) 
SHAPE_REPRESENTATION_RELATIONSHIP() );
#7295 = ITEM_DEFINED_TRANSFORMATION('','',#11,#803);
#7296 = PRODUCT_DEFINITION_SHAPE('Placement','Placement of an item',
  #7297);
#7297 = NEXT_ASSEMBLY_USAGE_OCCURRENCE('198','=>[0:1:1:199]','',#5,#7288
  ,$);
#7298 = PRODUCT_RELATED_PRODUCT_CATEGORY('part',$,(#7290));
#7299 = ADVANCED_BREP_SHAPE_REPRESENTATION('',(#11,#7300),#7312);
#7300 = MANIFOLD_SOLID_BREP('',#7301);
#7301 = CLOSED_SHELL('',(#7302));
#7302 = ADVANCED_FACE('',(#7303),#7307,.T.);
#7303 = FACE_BOUND('',#7304,.T.);
#7304 = VERTEX_LOOP('',#7305);
#7305 = VERTEX_POINT('',#7306);
#7306 = CARTESIAN_POINT('',(1.071565949254E-17,-2.624579619658E-33,
    -0.175));
#7307 = SPHERICAL_SURFACE('',#7308,0.175);
#7308 = AXIS2_PLACEMENT_3D('',#7309,#7310,#7311);
#7309 = CARTESIAN_POINT('',(0.,0.,0.));
#7310 = DIRECTION('',(0.,0.,1.));
#7311 = DIRECTION('',(1.,0.,-0.));
#7312 = ( GEOMETRIC_REPRESENTATION_CONTEXT(3) 
GLOBAL_UNCERTAINTY_ASSIGNED_CONTEXT((#7316)) 
GLOBAL_UNIT_ASSIGNED_CONTEXT((#7313,#7314,#7315)) REPRESENTATION_CONTEXT
('Context #1','3D Context with UNIT and UNCERTAINTY') );
#7313 = ( LENGTH_UNIT() NAMED_UNIT(*) SI_UNIT(.MILLI.,.METRE.) );
#7314 = ( NAMED_UNIT(*) PLANE_ANGLE_UNIT() SI_UNIT($,.RADIAN.) );
#7315 = ( NAMED_UNIT(*) SI_UNIT($,.STERADIAN.) SOLID_ANGLE_UNIT() );
#7316 = UNCERTAINTY_MEASURE_WITH_UNIT(LENGTH_MEASURE(1.E-07),#7313,
  'distance_accuracy_value','confusion accuracy');
#7317 = SHAPE_DEFINITION_REPRESENTATION(#7318,#7299);
#7318 = PRODUCT_DEFINITION_SHAPE('','',#7319);
#7319 = PRODUCT_DEFINITION('design','',#7320,#7323);
#7320 = PRODUCT_DEFINITION_FORMATION('','',#7321);
#7321 = PRODUCT('N15','N15','',(#7322));
#7322 = PRODUCT_CONTEXT('',#2,'mechanical');
#7323 = PRODUCT_DEFINITION_CONTEXT('part definition',#2,'design');
#7324 = CONTEXT_DEPENDENT_SHAPE_REPRESENTATION(#7325,#7327);
#7325 = ( REPRESENTATION_RELATIONSHIP('','',#7299,#10) 
REPRESENTATION_RELATIONSHIP_WITH_TRANSFORMATION(#7326) 
SHAPE_REPRESENTATION_RELATIONSHIP() );
#7326 = ITEM_DEFINED_TRANSFORMATION('','',#11,#807);
#7327 = PRODUCT_DEFINITION_SHAPE('Placement','Placement of an item',
  #7328);
#7328 = NEXT_ASSEMBLY_USAGE_OCCURRENCE('199','=>[0:1:1:200]','',#5,#7319
  ,$);
#7329 = PRODUCT_RELATED_PRODUCT_CATEGORY('part',$,(#7321));
#7330 = ADVANCED_BREP_SHAPE_REPRESENTATION('',(#11,#7331),#7343);
#7331 = MANIFOLD_SOLID_BREP('',#7332);
#7332 = CLOSED_SHELL('',(#7333));
#7333 = ADVANCED_FACE('',(#7334),#7338,.T.);
#7334 = FACE_BOUND('',#7335,.T.);
#7335 = VERTEX_LOOP('',#7336);
#7336 = VERTEX_POINT('',#7337);
#7337 = CARTESIAN_POINT('',(1.071565949254E-17,-2.624579619658E-33,
    -0.175));
#7338 = SPHERICAL_SURFACE('',#7339,0.175);
#7339 = AXIS2_PLACEMENT_3D('',#7340,#7341,#7342);
#7340 = CARTESIAN_POINT('',(0.,0.,0.));
#7341 = DIRECTION('',(0.,0.,1.));
#7342 = DIRECTION('',(1.,0.,-0.));
#7343 = ( GEOMETRIC_REPRESENTATION_CONTEXT(3) 
GLOBAL_UNCERTAINTY_ASSIGNED_CONTEXT((#7347)) 
GLOBAL_UNIT_ASSIGNED_CONTEXT((#7344,#7345,#7346)) REPRESENTATION_CONTEXT
('Context #1','3D Context with UNIT and UNCERTAINTY') );
#7344 = ( LENGTH_UNIT() NAMED_UNIT(*) SI_UNIT(.MILLI.,.METRE.) );
#7345 = ( NAMED_UNIT(*) PLANE_ANGLE_UNIT() SI_UNIT($,.RADIAN.) );
#7346 = ( NAMED_UNIT(*) SI_UNIT($,.STERADIAN.) SOLID_ANGLE_UNIT() );
#7347 = UNCERTAINTY_MEASURE_WITH_UNIT(LENGTH_MEASURE(1.E-07),#7344,
  'distance_accuracy_value','confusion accuracy');
#7348 = SHAPE_DEFINITION_REPRESENTATION(#7349,#7330);
#7349 = PRODUCT_DEFINITION_SHAPE('','',#7350);
#7350 = PRODUCT_DEFINITION('design','',#7351,#7354);
#7351 = PRODUCT_DEFINITION_FORMATION('','',#7352);
#7352 = PRODUCT('N16','N16','',(#7353));
#7353 = PRODUCT_CONTEXT('',#2,'mechanical');
#7354 = PRODUCT_DEFINITION_CONTEXT('part definition',#2,'design');
#7355 = CONTEXT_DEPENDENT_SHAPE_REPRESENTATION(#7356,#7358);
#7356 = ( REPRESENTATION_RELATIONSHIP('','',#7330,#10) 
REPRESENTATION_RELATIONSHIP_WITH_TRANSFORMATION(#7357) 
SHAPE_REPRESENTATION_RELATIONSHIP() );
#7357 = ITEM_DEFINED_TRANSFORMATION('','',#11,#811);
#7358 = PRODUCT_DEFINITION_SHAPE('Placement','Placement of an item',
  #7359);
#7359 = NEXT_ASSEMBLY_USAGE_OCCURRENCE('200','=>[0:1:1:201]','',#5,#7350
  ,$);
#7360 = PRODUCT_RELATED_PRODUCT_CATEGORY('part',$,(#7352));
#7361 = ADVANCED_BREP_SHAPE_REPRESENTATION('',(#11,#7362),#7374);
#7362 = MANIFOLD_SOLID_BREP('',#7363);
#7363 = CLOSED_SHELL('',(#7364));
#7364 = ADVANCED_FACE('',(#7365),#7369,.T.);
#7365 = FACE_BOUND('',#7366,.T.);
#7366 = VERTEX_LOOP('',#7367);
#7367 = VERTEX_POINT('',#7368);
#7368 = CARTESIAN_POINT('',(1.071565949254E-17,-2.624579619658E-33,
    -0.175));
#7369 = SPHERICAL_SURFACE('',#7370,0.175);
#7370 = AXIS2_PLACEMENT_3D('',#7371,#7372,#7373);
#7371 = CARTESIAN_POINT('',(0.,0.,0.));
#7372 = DIRECTION('',(0.,0.,1.));
#7373 = DIRECTION('',(1.,0.,-0.));
#7374 = ( GEOMETRIC_REPRESENTATION_CONTEXT(3) 
GLOBAL_UNCERTAINTY_ASSIGNED_CONTEXT((#7378)) 
GLOBAL_UNIT_ASSIGNED_CONTEXT((#7375,#7376,#7377)) REPRESENTATION_CONTEXT
('Context #1','3D Context with UNIT and UNCERTAINTY') );
#7375 = ( LENGTH_UNIT() NAMED_UNIT(*) SI_UNIT(.MILLI.,.METRE.) );
#7376 = ( NAMED_UNIT(*) PLANE_ANGLE_UNIT() SI_UNIT($,.RADIAN.) );
#7377 = ( NAMED_UNIT(*) SI_UNIT($,.STERADIAN.) SOLID_ANGLE_UNIT() );
#7378 = UNCERTAINTY_MEASURE_WITH_UNIT(LENGTH_MEASURE(1.E-07),#7375,
  'distance_accuracy_value','confusion accuracy');
#7379 = SHAPE_DEFINITION_REPRESENTATION(#7380,#7361);
#7380 = PRODUCT_DEFINITION_SHAPE('','',#7381);
#7381 = PRODUCT_DEFINITION('design','',#7382,#7385);
#7382 = PRODUCT_DEFINITION_FORMATION('','',#7383);
#7383 = PRODUCT('N18','N18','',(#7384));
#7384 = PRODUCT_CONTEXT('',#2,'mechanical');
#7385 = PRODUCT_DEFINITION_CONTEXT('part definition',#2,'design');
#7386 = CONTEXT_DEPENDENT_SHAPE_REPRESENTATION(#7387,#7389);
#7387 = ( REPRESENTATION_RELATIONSHIP('','',#7361,#10) 
REPRESENTATION_RELATIONSHIP_WITH_TRANSFORMATION(#7388) 
SHAPE_REPRESENTATION_RELATIONSHIP() );
#7388 = ITEM_DEFINED_TRANSFORMATION('','',#11,#815);
#7389 = PRODUCT_DEFINITION_SHAPE('Placement','Placement of an item',
  #7390);
#7390 = NEXT_ASSEMBLY_USAGE_OCCURRENCE('201','=>[0:1:1:202]','',#5,#7381
  ,$);
#7391 = PRODUCT_RELATED_PRODUCT_CATEGORY('part',$,(#7383));
#7392 = ADVANCED_BREP_SHAPE_REPRESENTATION('',(#11,#7393),#7405);
#7393 = MANIFOLD_SOLID_BREP('',#7394);
#7394 = CLOSED_SHELL('',(#7395));
#7395 = ADVANCED_FACE('',(#7396),#7400,.T.);
#7396 = FACE_BOUND('',#7397,.T.);
#7397 = VERTEX_LOOP('',#7398);
#7398 = VERTEX_POINT('',#7399);
#7399 = CARTESIAN_POINT('',(1.071565949254E-17,-2.624579619658E-33,
    -0.175));
#7400 = SPHERICAL_SURFACE('',#7401,0.175);
#7401 = AXIS2_PLACEMENT_3D('',#7402,#7403,#7404);
#7402 = CARTESIAN_POINT('',(0.,0.,0.));
#7403 = DIRECTION('',(0.,0.,1.));
#7404 = DIRECTION('',(1.,0.,-0.));
#7405 = ( GEOMETRIC_REPRESENTATION_CONTEXT(3) 
GLOBAL_UNCERTAINTY_ASSIGNED_CONTEXT((#7409)) 
GLOBAL_UNIT_ASSIGNED_CONTEXT((#7406,#7407,#7408)) REPRESENTATION_CONTEXT
('Context #1','3D Context with UNIT and UNCERTAINTY') );
#7406 = ( LENGTH_UNIT() NAMED_UNIT(*) SI_UNIT(.MILLI.,.METRE.) );
#7407 = ( NAMED_UNIT(*) PLANE_ANGLE_UNIT() SI_UNIT($,.RADIAN.) );
#7408 = ( NAMED_UNIT(*) SI_UNIT($,.STERADIAN.) SOLID_ANGLE_UNIT() );
#7409 = UNCERTAINTY_MEASURE_WITH_UNIT(LENGTH_MEASURE(1.E-07),#7406,
  'distance_accuracy_value','confusion accuracy');
#7410 = SHAPE_DEFINITION_REPRESENTATION(#7411,#7392);
#7411 = PRODUCT_DEFINITION_SHAPE('','',#7412);
#7412 = PRODUCT_DEFINITION('design','',#7413,#7416);
#7413 = PRODUCT_DEFINITION_FORMATION('','',#7414);
#7414 = PRODUCT('N19','N19','',(#7415));
#7415 = PRODUCT_CONTEXT('',#2,'mechanical');
#7416 = PRODUCT_DEFINITION_CONTEXT('part definition',#2,'design');
#7417 = CONTEXT_DEPENDENT_SHAPE_REPRESENTATION(#7418,#7420);
#7418 = ( REPRESENTATION_RELATIONSHIP('','',#7392,#10) 
REPRESENTATION_RELATIONSHIP_WITH_TRANSFORMATION(#7419) 
SHAPE_REPRESENTATION_RELATIONSHIP() );
#7419 = ITEM_DEFINED_TRANSFORMATION('','',#11,#819);
#7420 = PRODUCT_DEFINITION_SHAPE('Placement','Placement of an item',
  #7421);
#7421 = NEXT_ASSEMBLY_USAGE_OCCURRENCE('202','=>[0:1:1:203]','',#5,#7412
  ,$);
#7422 = PRODUCT_RELATED_PRODUCT_CATEGORY('part',$,(#7414));
#7423 = ADVANCED_BREP_SHAPE_REPRESENTATION('',(#11,#7424),#7436);
#7424 = MANIFOLD_SOLID_BREP('',#7425);
#7425 = CLOSED_SHELL('',(#7426));
#7426 = ADVANCED_FACE('',(#7427),#7431,.T.);
#7427 = FACE_BOUND('',#7428,.T.);
#7428 = VERTEX_LOOP('',#7429);
#7429 = VERTEX_POINT('',#7430);
#7430 = CARTESIAN_POINT('',(1.071565949254E-17,-2.624579619658E-33,
    -0.175));
#7431 = SPHERICAL_SURFACE('',#7432,0.175);
#7432 = AXIS2_PLACEMENT_3D('',#7433,#7434,#7435);
#7433 = CARTESIAN_POINT('',(0.,0.,0.));
#7434 = DIRECTION('',(0.,0.,1.));
#7435 = DIRECTION('',(1.,0.,-0.));
#7436 = ( GEOMETRIC_REPRESENTATION_CONTEXT(3) 
GLOBAL_UNCERTAINTY_ASSIGNED_CONTEXT((#7440)) 
GLOBAL_UNIT_ASSIGNED_CONTEXT((#7437,#7438,#7439)) REPRESENTATION_CONTEXT
('Context #1','3D Context with UNIT and UNCERTAINTY') );
#7437 = ( LENGTH_UNIT() NAMED_UNIT(*) SI_UNIT(.MILLI.,.METRE.) );
#7438 = ( NAMED_UNIT(*) PLANE_ANGLE_UNIT() SI_UNIT($,.RADIAN.) );
#7439 = ( NAMED_UNIT(*) SI_UNIT($,.STERADIAN.) SOLID_ANGLE_UNIT() );
#7440 = UNCERTAINTY_MEASURE_WITH_UNIT(LENGTH_MEASURE(1.E-07),#7437,
  'distance_accuracy_value','confusion accuracy');
#7441 = SHAPE_DEFINITION_REPRESENTATION(#7442,#7423);
#7442 = PRODUCT_DEFINITION_SHAPE('','',#7443);
#7443 = PRODUCT_DEFINITION('design','',#7444,#7447);
#7444 = PRODUCT_DEFINITION_FORMATION('','',#7445);
#7445 = PRODUCT('N20','N20','',(#7446));
#7446 = PRODUCT_CONTEXT('',#2,'mechanical');
#7447 = PRODUCT_DEFINITION_CONTEXT('part definition',#2,'design');
#7448 = CONTEXT_DEPENDENT_SHAPE_REPRESENTATION(#7449,#7451);
#7449 = ( REPRESENTATION_RELATIONSHIP('','',#7423,#10) 
REPRESENTATION_RELATIONSHIP_WITH_TRANSFORMATION(#7450) 
SHAPE_REPRESENTATION_RELATIONSHIP() );
#7450 = ITEM_DEFINED_TRANSFORMATION('','',#11,#823);
#7451 = PRODUCT_DEFINITION_SHAPE('Placement','Placement of an item',
  #7452);
#7452 = NEXT_ASSEMBLY_USAGE_OCCURRENCE('203','=>[0:1:1:204]','',#5,#7443
  ,$);
#7453 = PRODUCT_RELATED_PRODUCT_CATEGORY('part',$,(#7445));
#7454 = ADVANCED_BREP_SHAPE_REPRESENTATION('',(#11,#7455),#7467);
#7455 = MANIFOLD_SOLID_BREP('',#7456);
#7456 = CLOSED_SHELL('',(#7457));
#7457 = ADVANCED_FACE('',(#7458),#7462,.T.);
#7458 = FACE_BOUND('',#7459,.T.);
#7459 = VERTEX_LOOP('',#7460);
#7460 = VERTEX_POINT('',#7461);
#7461 = CARTESIAN_POINT('',(1.071565949254E-17,-2.624579619658E-33,
    -0.175));
#7462 = SPHERICAL_SURFACE('',#7463,0.175);
#7463 = AXIS2_PLACEMENT_3D('',#7464,#7465,#7466);
#7464 = CARTESIAN_POINT('',(0.,0.,0.));
#7465 = DIRECTION('',(0.,0.,1.));
#7466 = DIRECTION('',(1.,0.,-0.));
#7467 = ( GEOMETRIC_REPRESENTATION_CONTEXT(3) 
GLOBAL_UNCERTAINTY_ASSIGNED_CONTEXT((#7471)) 
GLOBAL_UNIT_ASSIGNED_CONTEXT((#7468,#7469,#7470)) REPRESENTATION_CONTEXT
('Context #1','3D Context with UNIT and UNCERTAINTY') );
#7468 = ( LENGTH_UNIT() NAMED_UNIT(*) SI_UNIT(.MILLI.,.METRE.) );
#7469 = ( NAMED_UNIT(*) PLANE_ANGLE_UNIT() SI_UNIT($,.RADIAN.) );
#7470 = ( NAMED_UNIT(*) SI_UNIT($,.STERADIAN.) SOLID_ANGLE_UNIT() );
#7471 = UNCERTAINTY_MEASURE_WITH_UNIT(LENGTH_MEASURE(1.E-07),#7468,
  'distance_accuracy_value','confusion accuracy');
#7472 = SHAPE_DEFINITION_REPRESENTATION(#7473,#7454);
#7473 = PRODUCT_DEFINITION_SHAPE('','',#7474);
#7474 = PRODUCT_DEFINITION('design','',#7475,#7478);
#7475 = PRODUCT_DEFINITION_FORMATION('','',#7476);
#7476 = PRODUCT('N21','N21','',(#7477));
#7477 = PRODUCT_CONTEXT('',#2,'mechanical');
#7478 = PRODUCT_DEFINITION_CONTEXT('part definition',#2,'design');
#7479 = CONTEXT_DEPENDENT_SHAPE_REPRESENTATION(#7480,#7482);
#7480 = ( REPRESENTATION_RELATIONSHIP('','',#7454,#10) 
REPRESENTATION_RELATIONSHIP_WITH_TRANSFORMATION(#7481) 
SHAPE_REPRESENTATION_RELATIONSHIP() );
#7481 = ITEM_DEFINED_TRANSFORMATION('','',#11,#827);
#7482 = PRODUCT_DEFINITION_SHAPE('Placement','Placement of an item',
  #7483);
#7483 = NEXT_ASSEMBLY_USAGE_OCCURRENCE('204','=>[0:1:1:205]','',#5,#7474
  ,$);
#7484 = PRODUCT_RELATED_PRODUCT_CATEGORY('part',$,(#7476));
#7485 = ADVANCED_BREP_SHAPE_REPRESENTATION('',(#11,#7486),#7498);
#7486 = MANIFOLD_SOLID_BREP('',#7487);
#7487 = CLOSED_SHELL('',(#7488));
#7488 = ADVANCED_FACE('',(#7489),#7493,.T.);
#7489 = FACE_BOUND('',#7490,.T.);
#7490 = VERTEX_LOOP('',#7491);
#7491 = VERTEX_POINT('',#7492);
#7492 = CARTESIAN_POINT('',(1.071565949254E-17,-2.624579619658E-33,
    -0.175));
#7493 = SPHERICAL_SURFACE('',#7494,0.175);
#7494 = AXIS2_PLACEMENT_3D('',#7495,#7496,#7497);
#7495 = CARTESIAN_POINT('',(0.,0.,0.));
#7496 = DIRECTION('',(0.,0.,1.));
#7497 = DIRECTION('',(1.,0.,-0.));
#7498 = ( GEOMETRIC_REPRESENTATION_CONTEXT(3) 
GLOBAL_UNCERTAINTY_ASSIGNED_CONTEXT((#7502)) 
GLOBAL_UNIT_ASSIGNED_CONTEXT((#7499,#7500,#7501)) REPRESENTATION_CONTEXT
('Context #1','3D Context with UNIT and UNCERTAINTY') );
#7499 = ( LENGTH_UNIT() NAMED_UNIT(*) SI_UNIT(.MILLI.,.METRE.) );
#7500 = ( NAMED_UNIT(*) PLANE_ANGLE_UNIT() SI_UNIT($,.RADIAN.) );
#7501 = ( NAMED_UNIT(*) SI_UNIT($,.STERADIAN.) SOLID_ANGLE_UNIT() );
#7502 = UNCERTAINTY_MEASURE_WITH_UNIT(LENGTH_MEASURE(1.E-07),#7499,
  'distance_accuracy_value','confusion accuracy');
#7503 = SHAPE_DEFINITION_REPRESENTATION(#7504,#7485);
#7504 = PRODUCT_DEFINITION_SHAPE('','',#7505);
#7505 = PRODUCT_DEFINITION('design','',#7506,#7509);
#7506 = PRODUCT_DEFINITION_FORMATION('','',#7507);
#7507 = PRODUCT('P1','P1','',(#7508));
#7508 = PRODUCT_CONTEXT('',#2,'mechanical');
#7509 = PRODUCT_DEFINITION_CONTEXT('part definition',#2,'design');
#7510 = CONTEXT_DEPENDENT_SHAPE_REPRESENTATION(#7511,#7513);
#7511 = ( REPRESENTATION_RELATIONSHIP('','',#7485,#10) 
REPRESENTATION_RELATIONSHIP_WITH_TRANSFORMATION(#7512) 
SHAPE_REPRESENTATION_RELATIONSHIP() );
#7512 = ITEM_DEFINED_TRANSFORMATION('','',#11,#831);
#7513 = PRODUCT_DEFINITION_SHAPE('Placement','Placement of an item',
  #7514);
#7514 = NEXT_ASSEMBLY_USAGE_OCCURRENCE('205','=>[0:1:1:206]','',#5,#7505
  ,$);
#7515 = PRODUCT_RELATED_PRODUCT_CATEGORY('part',$,(#7507));
#7516 = ADVANCED_BREP_SHAPE_REPRESENTATION('',(#11,#7517),#7529);
#7517 = MANIFOLD_SOLID_BREP('',#7518);
#7518 = CLOSED_SHELL('',(#7519));
#7519 = ADVANCED_FACE('',(#7520),#7524,.T.);
#7520 = FACE_BOUND('',#7521,.T.);
#7521 = VERTEX_LOOP('',#7522);
#7522 = VERTEX_POINT('',#7523);
#7523 = CARTESIAN_POINT('',(1.071565949254E-17,-2.624579619658E-33,
    -0.175));
#7524 = SPHERICAL_SURFACE('',#7525,0.175);
#7525 = AXIS2_PLACEMENT_3D('',#7526,#7527,#7528);
#7526 = CARTESIAN_POINT('',(0.,0.,0.));
#7527 = DIRECTION('',(0.,0.,1.));
#7528 = DIRECTION('',(1.,0.,-0.));
#7529 = ( GEOMETRIC_REPRESENTATION_CONTEXT(3) 
GLOBAL_UNCERTAINTY_ASSIGNED_CONTEXT((#7533)) 
GLOBAL_UNIT_ASSIGNED_CONTEXT((#7530,#7531,#7532)) REPRESENTATION_CONTEXT
('Context #1','3D Context with UNIT and UNCERTAINTY') );
#7530 = ( LENGTH_UNIT() NAMED_UNIT(*) SI_UNIT(.MILLI.,.METRE.) );
#7531 = ( NAMED_UNIT(*) PLANE_ANGLE_UNIT() SI_UNIT($,.RADIAN.) );
#7532 = ( NAMED_UNIT(*) SI_UNIT($,.STERADIAN.) SOLID_ANGLE_UNIT() );
#7533 = UNCERTAINTY_MEASURE_WITH_UNIT(LENGTH_MEASURE(1.E-07),#7530,
  'distance_accuracy_value','confusion accuracy');
#7534 = SHAPE_DEFINITION_REPRESENTATION(#7535,#7516);
#7535 = PRODUCT_DEFINITION_SHAPE('','',#7536);
#7536 = PRODUCT_DEFINITION('design','',#7537,#7540);
#7537 = PRODUCT_DEFINITION_FORMATION('','',#7538);
#7538 = PRODUCT('P2','P2','',(#7539));
#7539 = PRODUCT_CONTEXT('',#2,'mechanical');
#7540 = PRODUCT_DEFINITION_CONTEXT('part definition',#2,'design');
#7541 = CONTEXT_DEPENDENT_SHAPE_REPRESENTATION(#7542,#7544);
#7542 = ( REPRESENTATION_RELATIONSHIP('','',#7516,#10) 
REPRESENTATION_RELATIONSHIP_WITH_TRANSFORMATION(#7543) 
SHAPE_REPRESENTATION_RELATIONSHIP() );
#7543 = ITEM_DEFINED_TRANSFORMATION('','',#11,#835);
#7544 = PRODUCT_DEFINITION_SHAPE('Placement','Placement of an item',
  #7545);
#7545 = NEXT_ASSEMBLY_USAGE_OCCURRENCE('206','=>[0:1:1:207]','',#5,#7536
  ,$);
#7546 = PRODUCT_RELATED_PRODUCT_CATEGORY('part',$,(#7538));
#7547 = ADVANCED_BREP_SHAPE_REPRESENTATION('',(#11,#7548),#7560);
#7548 = MANIFOLD_SOLID_BREP('',#7549);
#7549 = CLOSED_SHELL('',(#7550));
#7550 = ADVANCED_FACE('',(#7551),#7555,.T.);
#7551 = FACE_BOUND('',#7552,.T.);
#7552 = VERTEX_LOOP('',#7553);
#7553 = VERTEX_POINT('',#7554);
#7554 = CARTESIAN_POINT('',(1.071565949254E-17,-2.624579619658E-33,
    -0.175));
#7555 = SPHERICAL_SURFACE('',#7556,0.175);
#7556 = AXIS2_PLACEMENT_3D('',#7557,#7558,#7559);
#7557 = CARTESIAN_POINT('',(0.,0.,0.));
#7558 = DIRECTION('',(0.,0.,1.));
#7559 = DIRECTION('',(1.,0.,-0.));
#7560 = ( GEOMETRIC_REPRESENTATION_CONTEXT(3) 
GLOBAL_UNCERTAINTY_ASSIGNED_CONTEXT((#7564)) 
GLOBAL_UNIT_ASSIGNED_CONTEXT((#7561,#7562,#7563)) REPRESENTATION_CONTEXT
('Context #1','3D Context with UNIT and UNCERTAINTY') );
#7561 = ( LENGTH_UNIT() NAMED_UNIT(*) SI_UNIT(.MILLI.,.METRE.) );
#7562 = ( NAMED_UNIT(*) PLANE_ANGLE_UNIT() SI_UNIT($,.RADIAN.) );
#7563 = ( NAMED_UNIT(*) SI_UNIT($,.STERADIAN.) SOLID_ANGLE_UNIT() );
#7564 = UNCERTAINTY_MEASURE_WITH_UNIT(LENGTH_MEASURE(1.E-07),#7561,
  'distance_accuracy_value','confusion accuracy');
#7565 = SHAPE_DEFINITION_REPRESENTATION(#7566,#7547);
#7566 = PRODUCT_DEFINITION_SHAPE('','',#7567);
#7567 = PRODUCT_DEFINITION('design','',#7568,#7571);
#7568 = PRODUCT_DEFINITION_FORMATION('','',#7569);
#7569 = PRODUCT('P3','P3','',(#7570));
#7570 = PRODUCT_CONTEXT('',#2,'mechanical');
#7571 = PRODUCT_DEFINITION_CONTEXT('part definition',#2,'design');
#7572 = CONTEXT_DEPENDENT_SHAPE_REPRESENTATION(#7573,#7575);
#7573 = ( REPRESENTATION_RELATIONSHIP('','',#7547,#10) 
REPRESENTATION_RELATIONSHIP_WITH_TRANSFORMATION(#7574) 
SHAPE_REPRESENTATION_RELATIONSHIP() );
#7574 = ITEM_DEFINED_TRANSFORMATION('','',#11,#839);
#7575 = PRODUCT_DEFINITION_SHAPE('Placement','Placement of an item',
  #7576);
#7576 = NEXT_ASSEMBLY_USAGE_OCCURRENCE('207','=>[0:1:1:208]','',#5,#7567
  ,$);
#7577 = PRODUCT_RELATED_PRODUCT_CATEGORY('part',$,(#7569));
#7578 = ADVANCED_BREP_SHAPE_REPRESENTATION('',(#11,#7579),#7591);
#7579 = MANIFOLD_SOLID_BREP('',#7580);
#7580 = CLOSED_SHELL('',(#7581));
#7581 = ADVANCED_FACE('',(#7582),#7586,.T.);
#7582 = FACE_BOUND('',#7583,.T.);
#7583 = VERTEX_LOOP('',#7584);
#7584 = VERTEX_POINT('',#7585);
#7585 = CARTESIAN_POINT('',(1.071565949254E-17,-2.624579619658E-33,
    -0.175));
#7586 = SPHERICAL_SURFACE('',#7587,0.175);
#7587 = AXIS2_PLACEMENT_3D('',#7588,#7589,#7590);
#7588 = CARTESIAN_POINT('',(0.,0.,0.));
#7589 = DIRECTION('',(0.,0.,1.));
#7590 = DIRECTION('',(1.,0.,-0.));
#7591 = ( GEOMETRIC_REPRESENTATION_CONTEXT(3) 
GLOBAL_UNCERTAINTY_ASSIGNED_CONTEXT((#7595)) 
GLOBAL_UNIT_ASSIGNED_CONTEXT((#7592,#7593,#7594)) REPRESENTATION_CONTEXT
('Context #1','3D Context with UNIT and UNCERTAINTY') );
#7592 = ( LENGTH_UNIT() NAMED_UNIT(*) SI_UNIT(.MILLI.,.METRE.) );
#7593 = ( NAMED_UNIT(*) PLANE_ANGLE_UNIT() SI_UNIT($,.RADIAN.) );
#7594 = ( NAMED_UNIT(*) SI_UNIT($,.STERADIAN.) SOLID_ANGLE_UNIT() );
#7595 = UNCERTAINTY_MEASURE_WITH_UNIT(LENGTH_MEASURE(1.E-07),#7592,
  'distance_accuracy_value','confusion accuracy');
#7596 = SHAPE_DEFINITION_REPRESENTATION(#7597,#7578);
#7597 = PRODUCT_DEFINITION_SHAPE('','',#7598);
#7598 = PRODUCT_DEFINITION('design','',#7599,#7602);
#7599 = PRODUCT_DEFINITION_FORMATION('','',#7600);
#7600 = PRODUCT('P4','P4','',(#7601));
#7601 = PRODUCT_CONTEXT('',#2,'mechanical');
#7602 = PRODUCT_DEFINITION_CONTEXT('part definition',#2,'design');
#7603 = CONTEXT_DEPENDENT_SHAPE_REPRESENTATION(#7604,#7606);
#7604 = ( REPRESENTATION_RELATIONSHIP('','',#7578,#10) 
REPRESENTATION_RELATIONSHIP_WITH_TRANSFORMATION(#7605) 
SHAPE_REPRESENTATION_RELATIONSHIP() );
#7605 = ITEM_DEFINED_TRANSFORMATION('','',#11,#843);
#7606 = PRODUCT_DEFINITION_SHAPE('Placement','Placement of an item',
  #7607);
#7607 = NEXT_ASSEMBLY_USAGE_OCCURRENCE('208','=>[0:1:1:209]','',#5,#7598
  ,$);
#7608 = PRODUCT_RELATED_PRODUCT_CATEGORY('part',$,(#7600));
#7609 = ADVANCED_BREP_SHAPE_REPRESENTATION('',(#11,#7610),#7622);
#7610 = MANIFOLD_SOLID_BREP('',#7611);
#7611 = CLOSED_SHELL('',(#7612));
#7612 = ADVANCED_FACE('',(#7613),#7617,.T.);
#7613 = FACE_BOUND('',#7614,.T.);
#7614 = VERTEX_LOOP('',#7615);
#7615 = VERTEX_POINT('',#7616);
#7616 = CARTESIAN_POINT('',(1.071565949254E-17,-2.624579619658E-33,
    -0.175));
#7617 = SPHERICAL_SURFACE('',#7618,0.175);
#7618 = AXIS2_PLACEMENT_3D('',#7619,#7620,#7621);
#7619 = CARTESIAN_POINT('',(0.,0.,0.));
#7620 = DIRECTION('',(0.,0.,1.));
#7621 = DIRECTION('',(1.,0.,-0.));
#7622 = ( GEOMETRIC_REPRESENTATION_CONTEXT(3) 
GLOBAL_UNCERTAINTY_ASSIGNED_CONTEXT((#7626)) 
GLOBAL_UNIT_ASSIGNED_CONTEXT((#7623,#7624,#7625)) REPRESENTATION_CONTEXT
('Context #1','3D Context with UNIT and UNCERTAINTY') );
#7623 = ( LENGTH_UNIT() NAMED_UNIT(*) SI_UNIT(.MILLI.,.METRE.) );
#7624 = ( NAMED_UNIT(*) PLANE_ANGLE_UNIT() SI_UNIT($,.RADIAN.) );
#7625 = ( NAMED_UNIT(*) SI_UNIT($,.STERADIAN.) SOLID_ANGLE_UNIT() );
#7626 = UNCERTAINTY_MEASURE_WITH_UNIT(LENGTH_MEASURE(1.E-07),#7623,
  'distance_accuracy_value','confusion accuracy');
#7627 = SHAPE_DEFINITION_REPRESENTATION(#7628,#7609);
#7628 = PRODUCT_DEFINITION_SHAPE('','',#7629);
#7629 = PRODUCT_DEFINITION('design','',#7630,#7633);
#7630 = PRODUCT_DEFINITION_FORMATION('','',#7631);
#7631 = PRODUCT('P5','P5','',(#7632));
#7632 = PRODUCT_CONTEXT('',#2,'mechanical');
#7633 = PRODUCT_DEFINITION_CONTEXT('part definition',#2,'design');
#7634 = CONTEXT_DEPENDENT_SHAPE_REPRESENTATION(#7635,#7637);
#7635 = ( REPRESENTATION_RELATIONSHIP('','',#7609,#10) 
REPRESENTATION_RELATIONSHIP_WITH_TRANSFORMATION(#7636) 
SHAPE_REPRESENTATION_RELATIONSHIP() );
#7636 = ITEM_DEFINED_TRANSFORMATION('','',#11,#847);
#7637 = PRODUCT_DEFINITION_SHAPE('Placement','Placement of an item',
  #7638);
#7638 = NEXT_ASSEMBLY_USAGE_OCCURRENCE('209','=>[0:1:1:210]','',#5,#7629
  ,$);
#7639 = PRODUCT_RELATED_PRODUCT_CATEGORY('part',$,(#7631));
#7640 = ADVANCED_BREP_SHAPE_REPRESENTATION('',(#11,#7641),#7653);
#7641 = MANIFOLD_SOLID_BREP('',#7642);
#7642 = CLOSED_SHELL('',(#7643));
#7643 = ADVANCED_FACE('',(#7644),#7648,.T.);
#7644 = FACE_BOUND('',#7645,.T.);
#7645 = VERTEX_LOOP('',#7646);
#7646 = VERTEX_POINT('',#7647);
#7647 = CARTESIAN_POINT('',(1.071565949254E-17,-2.624579619658E-33,
    -0.175));
#7648 = SPHERICAL_SURFACE('',#7649,0.175);
#7649 = AXIS2_PLACEMENT_3D('',#7650,#7651,#7652);
#7650 = CARTESIAN_POINT('',(0.,0.,0.));
#7651 = DIRECTION('',(0.,0.,1.));
#7652 = DIRECTION('',(1.,0.,-0.));
#7653 = ( GEOMETRIC_REPRESENTATION_CONTEXT(3) 
GLOBAL_UNCERTAINTY_ASSIGNED_CONTEXT((#7657)) 
GLOBAL_UNIT_ASSIGNED_CONTEXT((#7654,#7655,#7656)) REPRESENTATION_CONTEXT
('Context #1','3D Context with UNIT and UNCERTAINTY') );
#7654 = ( LENGTH_UNIT() NAMED_UNIT(*) SI_UNIT(.MILLI.,.METRE.) );
#7655 = ( NAMED_UNIT(*) PLANE_ANGLE_UNIT() SI_UNIT($,.RADIAN.) );
#7656 = ( NAMED_UNIT(*) SI_UNIT($,.STERADIAN.) SOLID_ANGLE_UNIT() );
#7657 = UNCERTAINTY_MEASURE_WITH_UNIT(LENGTH_MEASURE(1.E-07),#7654,
  'distance_accuracy_value','confusion accuracy');
#7658 = SHAPE_DEFINITION_REPRESENTATION(#7659,#7640);
#7659 = PRODUCT_DEFINITION_SHAPE('','',#7660);
#7660 = PRODUCT_DEFINITION('design','',#7661,#7664);
#7661 = PRODUCT_DEFINITION_FORMATION('','',#7662);
#7662 = PRODUCT('P6','P6','',(#7663));
#7663 = PRODUCT_CONTEXT('',#2,'mechanical');
#7664 = PRODUCT_DEFINITION_CONTEXT('part definition',#2,'design');
#7665 = CONTEXT_DEPENDENT_SHAPE_REPRESENTATION(#7666,#7668);
#7666 = ( REPRESENTATION_RELATIONSHIP('','',#7640,#10) 
REPRESENTATION_RELATIONSHIP_WITH_TRANSFORMATION(#7667) 
SHAPE_REPRESENTATION_RELATIONSHIP() );
#7667 = ITEM_DEFINED_TRANSFORMATION('','',#11,#851);
#7668 = PRODUCT_DEFINITION_SHAPE('Placement','Placement of an item',
  #7669);
#7669 = NEXT_ASSEMBLY_USAGE_OCCURRENCE('210','=>[0:1:1:211]','',#5,#7660
  ,$);
#7670 = PRODUCT_RELATED_PRODUCT_CATEGORY('part',$,(#7662));
#7671 = ADVANCED_BREP_SHAPE_REPRESENTATION('',(#11,#7672),#7684);
#7672 = MANIFOLD_SOLID_BREP('',#7673);
#7673 = CLOSED_SHELL('',(#7674));
#7674 = ADVANCED_FACE('',(#7675),#7679,.T.);
#7675 = FACE_BOUND('',#7676,.T.);
#7676 = VERTEX_LOOP('',#7677);
#7677 = VERTEX_POINT('',#7678);
#7678 = CARTESIAN_POINT('',(1.071565949254E-17,-2.624579619658E-33,
    -0.175));
#7679 = SPHERICAL_SURFACE('',#7680,0.175);
#7680 = AXIS2_PLACEMENT_3D('',#7681,#7682,#7683);
#7681 = CARTESIAN_POINT('',(0.,0.,0.));
#7682 = DIRECTION('',(0.,0.,1.));
#7683 = DIRECTION('',(1.,0.,-0.));
#7684 = ( GEOMETRIC_REPRESENTATION_CONTEXT(3) 
GLOBAL_UNCERTAINTY_ASSIGNED_CONTEXT((#7688)) 
GLOBAL_UNIT_ASSIGNED_CONTEXT((#7685,#7686,#7687)) REPRESENTATION_CONTEXT
('Context #1','3D Context with UNIT and UNCERTAINTY') );
#7685 = ( LENGTH_UNIT() NAMED_UNIT(*) SI_UNIT(.MILLI.,.METRE.) );
#7686 = ( NAMED_UNIT(*) PLANE_ANGLE_UNIT() SI_UNIT($,.RADIAN.) );
#7687 = ( NAMED_UNIT(*) SI_UNIT($,.STERADIAN.) SOLID_ANGLE_UNIT() );
#7688 = UNCERTAINTY_MEASURE_WITH_UNIT(LENGTH_MEASURE(1.E-07),#7685,
  'distance_accuracy_value','confusion accuracy');
#7689 = SHAPE_DEFINITION_REPRESENTATION(#7690,#7671);
#7690 = PRODUCT_DEFINITION_SHAPE('','',#7691);
#7691 = PRODUCT_DEFINITION('design','',#7692,#7695);
#7692 = PRODUCT_DEFINITION_FORMATION('','',#7693);
#7693 = PRODUCT('P7','P7','',(#7694));
#7694 = PRODUCT_CONTEXT('',#2,'mechanical');
#7695 = PRODUCT_DEFINITION_CONTEXT('part definition',#2,'design');
#7696 = CONTEXT_DEPENDENT_SHAPE_REPRESENTATION(#7697,#7699);
#7697 = ( REPRESENTATION_RELATIONSHIP('','',#7671,#10) 
REPRESENTATION_RELATIONSHIP_WITH_TRANSFORMATION(#7698) 
SHAPE_REPRESENTATION_RELATIONSHIP() );
#7698 = ITEM_DEFINED_TRANSFORMATION('','',#11,#855);
#7699 = PRODUCT_DEFINITION_SHAPE('Placement','Placement of an item',
  #7700);
#7700 = NEXT_ASSEMBLY_USAGE_OCCURRENCE('211','=>[0:1:1:212]','',#5,#7691
  ,$);
#7701 = PRODUCT_RELATED_PRODUCT_CATEGORY('part',$,(#7693));
#7702 = ADVANCED_BREP_SHAPE_REPRESENTATION('',(#11,#7703),#7715);
#7703 = MANIFOLD_SOLID_BREP('',#7704);
#7704 = CLOSED_SHELL('',(#7705));
#7705 = ADVANCED_FACE('',(#7706),#7710,.T.);
#7706 = FACE_BOUND('',#7707,.T.);
#7707 = VERTEX_LOOP('',#7708);
#7708 = VERTEX_POINT('',#7709);
#7709 = CARTESIAN_POINT('',(1.071565949254E-17,-2.624579619658E-33,
    -0.175));
#7710 = SPHERICAL_SURFACE('',#7711,0.175);
#7711 = AXIS2_PLACEMENT_3D('',#7712,#7713,#7714);
#7712 = CARTESIAN_POINT('',(0.,0.,0.));
#7713 = DIRECTION('',(0.,0.,1.));
#7714 = DIRECTION('',(1.,0.,-0.));
#7715 = ( GEOMETRIC_REPRESENTATION_CONTEXT(3) 
GLOBAL_UNCERTAINTY_ASSIGNED_CONTEXT((#7719)) 
GLOBAL_UNIT_ASSIGNED_CONTEXT((#7716,#7717,#7718)) REPRESENTATION_CONTEXT
('Context #1','3D Context with UNIT and UNCERTAINTY') );
#7716 = ( LENGTH_UNIT() NAMED_UNIT(*) SI_UNIT(.MILLI.,.METRE.) );
#7717 = ( NAMED_UNIT(*) PLANE_ANGLE_UNIT() SI_UNIT($,.RADIAN.) );
#7718 = ( NAMED_UNIT(*) SI_UNIT($,.STERADIAN.) SOLID_ANGLE_UNIT() );
#7719 = UNCERTAINTY_MEASURE_WITH_UNIT(LENGTH_MEASURE(1.E-07),#7716,
  'distance_accuracy_value','confusion accuracy');
#7720 = SHAPE_DEFINITION_REPRESENTATION(#7721,#7702);
#7721 = PRODUCT_DEFINITION_SHAPE('','',#7722);
#7722 = PRODUCT_DEFINITION('design','',#7723,#7726);
#7723 = PRODUCT_DEFINITION_FORMATION('','',#7724);
#7724 = PRODUCT('P9','P9','',(#7725));
#7725 = PRODUCT_CONTEXT('',#2,'mechanical');
#7726 = PRODUCT_DEFINITION_CONTEXT('part definition',#2,'design');
#7727 = CONTEXT_DEPENDENT_SHAPE_REPRESENTATION(#7728,#7730);
#7728 = ( REPRESENTATION_RELATIONSHIP('','',#7702,#10) 
REPRESENTATION_RELATIONSHIP_WITH_TRANSFORMATION(#7729) 
SHAPE_REPRESENTATION_RELATIONSHIP() );
#7729 = ITEM_DEFINED_TRANSFORMATION('','',#11,#859);
#7730 = PRODUCT_DEFINITION_SHAPE('Placement','Placement of an item',
  #7731);
#7731 = NEXT_ASSEMBLY_USAGE_OCCURRENCE('212','=>[0:1:1:213]','',#5,#7722
  ,$);
#7732 = PRODUCT_RELATED_PRODUCT_CATEGORY('part',$,(#7724));
#7733 = ADVANCED_BREP_SHAPE_REPRESENTATION('',(#11,#7734),#7746);
#7734 = MANIFOLD_SOLID_BREP('',#7735);
#7735 = CLOSED_SHELL('',(#7736));
#7736 = ADVANCED_FACE('',(#7737),#7741,.T.);
#7737 = FACE_BOUND('',#7738,.T.);
#7738 = VERTEX_LOOP('',#7739);
#7739 = VERTEX_POINT('',#7740);
#7740 = CARTESIAN_POINT('',(1.071565949254E-17,-2.624579619658E-33,
    -0.175));
#7741 = SPHERICAL_SURFACE('',#7742,0.175);
#7742 = AXIS2_PLACEMENT_3D('',#7743,#7744,#7745);
#7743 = CARTESIAN_POINT('',(0.,0.,0.));
#7744 = DIRECTION('',(0.,0.,1.));
#7745 = DIRECTION('',(1.,0.,-0.));
#7746 = ( GEOMETRIC_REPRESENTATION_CONTEXT(3) 
GLOBAL_UNCERTAINTY_ASSIGNED_CONTEXT((#7750)) 
GLOBAL_UNIT_ASSIGNED_CONTEXT((#7747,#7748,#7749)) REPRESENTATION_CONTEXT
('Context #1','3D Context with UNIT and UNCERTAINTY') );
#7747 = ( LENGTH_UNIT() NAMED_UNIT(*) SI_UNIT(.MILLI.,.METRE.) );
#7748 = ( NAMED_UNIT(*) PLANE_ANGLE_UNIT() SI_UNIT($,.RADIAN.) );
#7749 = ( NAMED_UNIT(*) SI_UNIT($,.STERADIAN.) SOLID_ANGLE_UNIT() );
#7750 = UNCERTAINTY_MEASURE_WITH_UNIT(LENGTH_MEASURE(1.E-07),#7747,
  'distance_accuracy_value','confusion accuracy');
#7751 = SHAPE_DEFINITION_REPRESENTATION(#7752,#7733);
#7752 = PRODUCT_DEFINITION_SHAPE('','',#7753);
#7753 = PRODUCT_DEFINITION('design','',#7754,#7757);
#7754 = PRODUCT_DEFINITION_FORMATION('','',#7755);
#7755 = PRODUCT('P10','P10','',(#7756));
#7756 = PRODUCT_CONTEXT('',#2,'mechanical');
#7757 = PRODUCT_DEFINITION_CONTEXT('part definition',#2,'design');
#7758 = CONTEXT_DEPENDENT_SHAPE_REPRESENTATION(#7759,#7761);
#7759 = ( REPRESENTATION_RELATIONSHIP('','',#7733,#10) 
REPRESENTATION_RELATIONSHIP_WITH_TRANSFORMATION(#7760) 
SHAPE_REPRESENTATION_RELATIONSHIP() );
#7760 = ITEM_DEFINED_TRANSFORMATION('','',#11,#863);
#7761 = PRODUCT_DEFINITION_SHAPE('Placement','Placement of an item',
  #7762);
#7762 = NEXT_ASSEMBLY_USAGE_OCCURRENCE('213','=>[0:1:1:214]','',#5,#7753
  ,$);
#7763 = PRODUCT_RELATED_PRODUCT_CATEGORY('part',$,(#7755));
#7764 = ADVANCED_BREP_SHAPE_REPRESENTATION('',(#11,#7765),#7777);
#7765 = MANIFOLD_SOLID_BREP('',#7766);
#7766 = CLOSED_SHELL('',(#7767));
#7767 = ADVANCED_FACE('',(#7768),#7772,.T.);
#7768 = FACE_BOUND('',#7769,.T.);
#7769 = VERTEX_LOOP('',#7770);
#7770 = VERTEX_POINT('',#7771);
#7771 = CARTESIAN_POINT('',(1.071565949254E-17,-2.624579619658E-33,
    -0.175));
#7772 = SPHERICAL_SURFACE('',#7773,0.175);
#7773 = AXIS2_PLACEMENT_3D('',#7774,#7775,#7776);
#7774 = CARTESIAN_POINT('',(0.,0.,0.));
#7775 = DIRECTION('',(0.,0.,1.));
#7776 = DIRECTION('',(1.,0.,-0.));
#7777 = ( GEOMETRIC_REPRESENTATION_CONTEXT(3) 
GLOBAL_UNCERTAINTY_ASSIGNED_CONTEXT((#7781)) 
GLOBAL_UNIT_ASSIGNED_CONTEXT((#7778,#7779,#7780)) REPRESENTATION_CONTEXT
('Context #1','3D Context with UNIT and UNCERTAINTY') );
#7778 = ( LENGTH_UNIT() NAMED_UNIT(*) SI_UNIT(.MILLI.,.METRE.) );
#7779 = ( NAMED_UNIT(*) PLANE_ANGLE_UNIT() SI_UNIT($,.RADIAN.) );
#7780 = ( NAMED_UNIT(*) SI_UNIT($,.STERADIAN.) SOLID_ANGLE_UNIT() );
#7781 = UNCERTAINTY_MEASURE_WITH_UNIT(LENGTH_MEASURE(1.E-07),#7778,
  'distance_accuracy_value','confusion accuracy');
#7782 = SHAPE_DEFINITION_REPRESENTATION(#7783,#7764);
#7783 = PRODUCT_DEFINITION_SHAPE('','',#7784);
#7784 = PRODUCT_DEFINITION('design','',#7785,#7788);
#7785 = PRODUCT_DEFINITION_FORMATION('','',#7786);
#7786 = PRODUCT('P12','P12','',(#7787));
#7787 = PRODUCT_CONTEXT('',#2,'mechanical');
#7788 = PRODUCT_DEFINITION_CONTEXT('part definition',#2,'design');
#7789 = CONTEXT_DEPENDENT_SHAPE_REPRESENTATION(#7790,#7792);
#7790 = ( REPRESENTATION_RELATIONSHIP('','',#7764,#10) 
REPRESENTATION_RELATIONSHIP_WITH_TRANSFORMATION(#7791) 
SHAPE_REPRESENTATION_RELATIONSHIP() );
#7791 = ITEM_DEFINED_TRANSFORMATION('','',#11,#867);
#7792 = PRODUCT_DEFINITION_SHAPE('Placement','Placement of an item',
  #7793);
#7793 = NEXT_ASSEMBLY_USAGE_OCCURRENCE('214','=>[0:1:1:215]','',#5,#7784
  ,$);
#7794 = PRODUCT_RELATED_PRODUCT_CATEGORY('part',$,(#7786));
#7795 = ADVANCED_BREP_SHAPE_REPRESENTATION('',(#11,#7796),#7808);
#7796 = MANIFOLD_SOLID_BREP('',#7797);
#7797 = CLOSED_SHELL('',(#7798));
#7798 = ADVANCED_FACE('',(#7799),#7803,.T.);
#7799 = FACE_BOUND('',#7800,.T.);
#7800 = VERTEX_LOOP('',#7801);
#7801 = VERTEX_POINT('',#7802);
#7802 = CARTESIAN_POINT('',(1.071565949254E-17,-2.624579619658E-33,
    -0.175));
#7803 = SPHERICAL_SURFACE('',#7804,0.175);
#7804 = AXIS2_PLACEMENT_3D('',#7805,#7806,#7807);
#7805 = CARTESIAN_POINT('',(0.,0.,0.));
#7806 = DIRECTION('',(0.,0.,1.));
#7807 = DIRECTION('',(1.,0.,-0.));
#7808 = ( GEOMETRIC_REPRESENTATION_CONTEXT(3) 
GLOBAL_UNCERTAINTY_ASSIGNED_CONTEXT((#7812)) 
GLOBAL_UNIT_ASSIGNED_CONTEXT((#7809,#7810,#7811)) REPRESENTATION_CONTEXT
('Context #1','3D Context with UNIT and UNCERTAINTY') );
#7809 = ( LENGTH_UNIT() NAMED_UNIT(*) SI_UNIT(.MILLI.,.METRE.) );
#7810 = ( NAMED_UNIT(*) PLANE_ANGLE_UNIT() SI_UNIT($,.RADIAN.) );
#7811 = ( NAMED_UNIT(*) SI_UNIT($,.STERADIAN.) SOLID_ANGLE_UNIT() );
#7812 = UNCERTAINTY_MEASURE_WITH_UNIT(LENGTH_MEASURE(1.E-07),#7809,
  'distance_accuracy_value','confusion accuracy');
#7813 = SHAPE_DEFINITION_REPRESENTATION(#7814,#7795);
#7814 = PRODUCT_DEFINITION_SHAPE('','',#7815);
#7815 = PRODUCT_DEFINITION('design','',#7816,#7819);
#7816 = PRODUCT_DEFINITION_FORMATION('','',#7817);
#7817 = PRODUCT('P13','P13','',(#7818));
#7818 = PRODUCT_CONTEXT('',#2,'mechanical');
#7819 = PRODUCT_DEFINITION_CONTEXT('part definition',#2,'design');
#7820 = CONTEXT_DEPENDENT_SHAPE_REPRESENTATION(#7821,#7823);
#7821 = ( REPRESENTATION_RELATIONSHIP('','',#7795,#10) 
REPRESENTATION_RELATIONSHIP_WITH_TRANSFORMATION(#7822) 
SHAPE_REPRESENTATION_RELATIONSHIP() );
#7822 = ITEM_DEFINED_TRANSFORMATION('','',#11,#871);
#7823 = PRODUCT_DEFINITION_SHAPE('Placement','Placement of an item',
  #7824);
#7824 = NEXT_ASSEMBLY_USAGE_OCCURRENCE('215','=>[0:1:1:216]','',#5,#7815
  ,$);
#7825 = PRODUCT_RELATED_PRODUCT_CATEGORY('part',$,(#7817));
#7826 = ADVANCED_BREP_SHAPE_REPRESENTATION('',(#11,#7827),#7839);
#7827 = MANIFOLD_SOLID_BREP('',#7828);
#7828 = CLOSED_SHELL('',(#7829));
#7829 = ADVANCED_FACE('',(#7830),#7834,.T.);
#7830 = FACE_BOUND('',#7831,.T.);
#7831 = VERTEX_LOOP('',#7832);
#7832 = VERTEX_POINT('',#7833);
#7833 = CARTESIAN_POINT('',(1.071565949254E-17,-2.624579619658E-33,
    -0.175));
#7834 = SPHERICAL_SURFACE('',#7835,0.175);
#7835 = AXIS2_PLACEMENT_3D('',#7836,#7837,#7838);
#7836 = CARTESIAN_POINT('',(0.,0.,0.));
#7837 = DIRECTION('',(0.,0.,1.));
#7838 = DIRECTION('',(1.,0.,-0.));
#7839 = ( GEOMETRIC_REPRESENTATION_CONTEXT(3) 
GLOBAL_UNCERTAINTY_ASSIGNED_CONTEXT((#7843)) 
GLOBAL_UNIT_ASSIGNED_CONTEXT((#7840,#7841,#7842)) REPRESENTATION_CONTEXT
('Context #1','3D Context with UNIT and UNCERTAINTY') );
#7840 = ( LENGTH_UNIT() NAMED_UNIT(*) SI_UNIT(.MILLI.,.METRE.) );
#7841 = ( NAMED_UNIT(*) PLANE_ANGLE_UNIT() SI_UNIT($,.RADIAN.) );
#7842 = ( NAMED_UNIT(*) SI_UNIT($,.STERADIAN.) SOLID_ANGLE_UNIT() );
#7843 = UNCERTAINTY_MEASURE_WITH_UNIT(LENGTH_MEASURE(1.E-07),#7840,
  'distance_accuracy_value','confusion accuracy');
#7844 = SHAPE_DEFINITION_REPRESENTATION(#7845,#7826);
#7845 = PRODUCT_DEFINITION_SHAPE('','',#7846);
#7846 = PRODUCT_DEFINITION('design','',#7847,#7850);
#7847 = PRODUCT_DEFINITION_FORMATION('','',#7848);
#7848 = PRODUCT('P15','P15','',(#7849));
#7849 = PRODUCT_CONTEXT('',#2,'mechanical');
#7850 = PRODUCT_DEFINITION_CONTEXT('part definition',#2,'design');
#7851 = CONTEXT_DEPENDENT_SHAPE_REPRESENTATION(#7852,#7854);
#7852 = ( REPRESENTATION_RELATIONSHIP('','',#7826,#10) 
REPRESENTATION_RELATIONSHIP_WITH_TRANSFORMATION(#7853) 
SHAPE_REPRESENTATION_RELATIONSHIP() );
#7853 = ITEM_DEFINED_TRANSFORMATION('','',#11,#875);
#7854 = PRODUCT_DEFINITION_SHAPE('Placement','Placement of an item',
  #7855);
#7855 = NEXT_ASSEMBLY_USAGE_OCCURRENCE('216','=>[0:1:1:217]','',#5,#7846
  ,$);
#7856 = PRODUCT_RELATED_PRODUCT_CATEGORY('part',$,(#7848));
#7857 = ADVANCED_BREP_SHAPE_REPRESENTATION('',(#11,#7858),#7870);
#7858 = MANIFOLD_SOLID_BREP('',#7859);
#7859 = CLOSED_SHELL('',(#7860));
#7860 = ADVANCED_FACE('',(#7861),#7865,.T.);
#7861 = FACE_BOUND('',#7862,.T.);
#7862 = VERTEX_LOOP('',#7863);
#7863 = VERTEX_POINT('',#7864);
#7864 = CARTESIAN_POINT('',(1.071565949254E-17,-2.624579619658E-33,
    -0.175));
#7865 = SPHERICAL_SURFACE('',#7866,0.175);
#7866 = AXIS2_PLACEMENT_3D('',#7867,#7868,#7869);
#7867 = CARTESIAN_POINT('',(0.,0.,0.));
#7868 = DIRECTION('',(0.,0.,1.));
#7869 = DIRECTION('',(1.,0.,-0.));
#7870 = ( GEOMETRIC_REPRESENTATION_CONTEXT(3) 
GLOBAL_UNCERTAINTY_ASSIGNED_CONTEXT((#7874)) 
GLOBAL_UNIT_ASSIGNED_CONTEXT((#7871,#7872,#7873)) REPRESENTATION_CONTEXT
('Context #1','3D Context with UNIT and UNCERTAINTY') );
#7871 = ( LENGTH_UNIT() NAMED_UNIT(*) SI_UNIT(.MILLI.,.METRE.) );
#7872 = ( NAMED_UNIT(*) PLANE_ANGLE_UNIT() SI_UNIT($,.RADIAN.) );
#7873 = ( NAMED_UNIT(*) SI_UNIT($,.STERADIAN.) SOLID_ANGLE_UNIT() );
#7874 = UNCERTAINTY_MEASURE_WITH_UNIT(LENGTH_MEASURE(1.E-07),#7871,
  'distance_accuracy_value','confusion accuracy');
#7875 = SHAPE_DEFINITION_REPRESENTATION(#7876,#7857);
#7876 = PRODUCT_DEFINITION_SHAPE('','',#7877);
#7877 = PRODUCT_DEFINITION('design','',#7878,#7881);
#7878 = PRODUCT_DEFINITION_FORMATION('','',#7879);
#7879 = PRODUCT('P16','P16','',(#7880));
#7880 = PRODUCT_CONTEXT('',#2,'mechanical');
#7881 = PRODUCT_DEFINITION_CONTEXT('part definition',#2,'design');
#7882 = CONTEXT_DEPENDENT_SHAPE_REPRESENTATION(#7883,#7885);
#7883 = ( REPRESENTATION_RELATIONSHIP('','',#7857,#10) 
REPRESENTATION_RELATIONSHIP_WITH_TRANSFORMATION(#7884) 
SHAPE_REPRESENTATION_RELATIONSHIP() );
#7884 = ITEM_DEFINED_TRANSFORMATION('','',#11,#879);
#7885 = PRODUCT_DEFINITION_SHAPE('Placement','Placement of an item',
  #7886);
#7886 = NEXT_ASSEMBLY_USAGE_OCCURRENCE('217','=>[0:1:1:218]','',#5,#7877
  ,$);
#7887 = PRODUCT_RELATED_PRODUCT_CATEGORY('part',$,(#7879));
#7888 = ADVANCED_BREP_SHAPE_REPRESENTATION('',(#11,#7889),#7901);
#7889 = MANIFOLD_SOLID_BREP('',#7890);
#7890 = CLOSED_SHELL('',(#7891));
#7891 = ADVANCED_FACE('',(#7892),#7896,.T.);
#7892 = FACE_BOUND('',#7893,.T.);
#7893 = VERTEX_LOOP('',#7894);
#7894 = VERTEX_POINT('',#7895);
#7895 = CARTESIAN_POINT('',(1.071565949254E-17,-2.624579619658E-33,
    -0.175));
#7896 = SPHERICAL_SURFACE('',#7897,0.175);
#7897 = AXIS2_PLACEMENT_3D('',#7898,#7899,#7900);
#7898 = CARTESIAN_POINT('',(0.,0.,0.));
#7899 = DIRECTION('',(0.,0.,1.));
#7900 = DIRECTION('',(1.,0.,-0.));
#7901 = ( GEOMETRIC_REPRESENTATION_CONTEXT(3) 
GLOBAL_UNCERTAINTY_ASSIGNED_CONTEXT((#7905)) 
GLOBAL_UNIT_ASSIGNED_CONTEXT((#7902,#7903,#7904)) REPRESENTATION_CONTEXT
('Context #1','3D Context with UNIT and UNCERTAINTY') );
#7902 = ( LENGTH_UNIT() NAMED_UNIT(*) SI_UNIT(.MILLI.,.METRE.) );
#7903 = ( NAMED_UNIT(*) PLANE_ANGLE_UNIT() SI_UNIT($,.RADIAN.) );
#7904 = ( NAMED_UNIT(*) SI_UNIT($,.STERADIAN.) SOLID_ANGLE_UNIT() );
#7905 = UNCERTAINTY_MEASURE_WITH_UNIT(LENGTH_MEASURE(1.E-07),#7902,
  'distance_accuracy_value','confusion accuracy');
#7906 = SHAPE_DEFINITION_REPRESENTATION(#7907,#7888);
#7907 = PRODUCT_DEFINITION_SHAPE('','',#7908);
#7908 = PRODUCT_DEFINITION('design','',#7909,#7912);
#7909 = PRODUCT_DEFINITION_FORMATION('','',#7910);
#7910 = PRODUCT('P18','P18','',(#7911));
#7911 = PRODUCT_CONTEXT('',#2,'mechanical');
#7912 = PRODUCT_DEFINITION_CONTEXT('part definition',#2,'design');
#7913 = CONTEXT_DEPENDENT_SHAPE_REPRESENTATION(#7914,#7916);
#7914 = ( REPRESENTATION_RELATIONSHIP('','',#7888,#10) 
REPRESENTATION_RELATIONSHIP_WITH_TRANSFORMATION(#7915) 
SHAPE_REPRESENTATION_RELATIONSHIP() );
#7915 = ITEM_DEFINED_TRANSFORMATION('','',#11,#883);
#7916 = PRODUCT_DEFINITION_SHAPE('Placement','Placement of an item',
  #7917);
#7917 = NEXT_ASSEMBLY_USAGE_OCCURRENCE('218','=>[0:1:1:219]','',#5,#7908
  ,$);
#7918 = PRODUCT_RELATED_PRODUCT_CATEGORY('part',$,(#7910));
#7919 = ADVANCED_BREP_SHAPE_REPRESENTATION('',(#11,#7920),#7932);
#7920 = MANIFOLD_SOLID_BREP('',#7921);
#7921 = CLOSED_SHELL('',(#7922));
#7922 = ADVANCED_FACE('',(#7923),#7927,.T.);
#7923 = FACE_BOUND('',#7924,.T.);
#7924 = VERTEX_LOOP('',#7925);
#7925 = VERTEX_POINT('',#7926);
#7926 = CARTESIAN_POINT('',(1.071565949254E-17,-2.624579619658E-33,
    -0.175));
#7927 = SPHERICAL_SURFACE('',#7928,0.175);
#7928 = AXIS2_PLACEMENT_3D('',#7929,#7930,#7931);
#7929 = CARTESIAN_POINT('',(0.,0.,0.));
#7930 = DIRECTION('',(0.,0.,1.));
#7931 = DIRECTION('',(1.,0.,-0.));
#7932 = ( GEOMETRIC_REPRESENTATION_CONTEXT(3) 
GLOBAL_UNCERTAINTY_ASSIGNED_CONTEXT((#7936)) 
GLOBAL_UNIT_ASSIGNED_CONTEXT((#7933,#7934,#7935)) REPRESENTATION_CONTEXT
('Context #1','3D Context with UNIT and UNCERTAINTY') );
#7933 = ( LENGTH_UNIT() NAMED_UNIT(*) SI_UNIT(.MILLI.,.METRE.) );
#7934 = ( NAMED_UNIT(*) PLANE_ANGLE_UNIT() SI_UNIT($,.RADIAN.) );
#7935 = ( NAMED_UNIT(*) SI_UNIT($,.STERADIAN.) SOLID_ANGLE_UNIT() );
#7936 = UNCERTAINTY_MEASURE_WITH_UNIT(LENGTH_MEASURE(1.E-07),#7933,
  'distance_accuracy_value','confusion accuracy');
#7937 = SHAPE_DEFINITION_REPRESENTATION(#7938,#7919);
#7938 = PRODUCT_DEFINITION_SHAPE('','',#7939);
#7939 = PRODUCT_DEFINITION('design','',#7940,#7943);
#7940 = PRODUCT_DEFINITION_FORMATION('','',#7941);
#7941 = PRODUCT('P20','P20','',(#7942));
#7942 = PRODUCT_CONTEXT('',#2,'mechanical');
#7943 = PRODUCT_DEFINITION_CONTEXT('part definition',#2,'design');
#7944 = CONTEXT_DEPENDENT_SHAPE_REPRESENTATION(#7945,#7947);
#7945 = ( REPRESENTATION_RELATIONSHIP('','',#7919,#10) 
REPRESENTATION_RELATIONSHIP_WITH_TRANSFORMATION(#7946) 
SHAPE_REPRESENTATION_RELATIONSHIP() );
#7946 = ITEM_DEFINED_TRANSFORMATION('','',#11,#887);
#7947 = PRODUCT_DEFINITION_SHAPE('Placement','Placement of an item',
  #7948);
#7948 = NEXT_ASSEMBLY_USAGE_OCCURRENCE('219','=>[0:1:1:220]','',#5,#7939
  ,$);
#7949 = PRODUCT_RELATED_PRODUCT_CATEGORY('part',$,(#7941));
#7950 = ADVANCED_BREP_SHAPE_REPRESENTATION('',(#11,#7951),#7963);
#7951 = MANIFOLD_SOLID_BREP('',#7952);
#7952 = CLOSED_SHELL('',(#7953));
#7953 = ADVANCED_FACE('',(#7954),#7958,.T.);
#7954 = FACE_BOUND('',#7955,.T.);
#7955 = VERTEX_LOOP('',#7956);
#7956 = VERTEX_POINT('',#7957);
#7957 = CARTESIAN_POINT('',(1.071565949254E-17,-2.624579619658E-33,
    -0.175));
#7958 = SPHERICAL_SURFACE('',#7959,0.175);
#7959 = AXIS2_PLACEMENT_3D('',#7960,#7961,#7962);
#7960 = CARTESIAN_POINT('',(0.,0.,0.));
#7961 = DIRECTION('',(0.,0.,1.));
#7962 = DIRECTION('',(1.,0.,-0.));
#7963 = ( GEOMETRIC_REPRESENTATION_CONTEXT(3) 
GLOBAL_UNCERTAINTY_ASSIGNED_CONTEXT((#7967)) 
GLOBAL_UNIT_ASSIGNED_CONTEXT((#7964,#7965,#7966)) REPRESENTATION_CONTEXT
('Context #1','3D Context with UNIT and UNCERTAINTY') );
#7964 = ( LENGTH_UNIT() NAMED_UNIT(*) SI_UNIT(.MILLI.,.METRE.) );
#7965 = ( NAMED_UNIT(*) PLANE_ANGLE_UNIT() SI_UNIT($,.RADIAN.) );
#7966 = ( NAMED_UNIT(*) SI_UNIT($,.STERADIAN.) SOLID_ANGLE_UNIT() );
#7967 = UNCERTAINTY_MEASURE_WITH_UNIT(LENGTH_MEASURE(1.E-07),#7964,
  'distance_accuracy_value','confusion accuracy');
#7968 = SHAPE_DEFINITION_REPRESENTATION(#7969,#7950);
#7969 = PRODUCT_DEFINITION_SHAPE('','',#7970);
#7970 = PRODUCT_DEFINITION('design','',#7971,#7974);
#7971 = PRODUCT_DEFINITION_FORMATION('','',#7972);
#7972 = PRODUCT('P21','P21','',(#7973));
#7973 = PRODUCT_CONTEXT('',#2,'mechanical');
#7974 = PRODUCT_DEFINITION_CONTEXT('part definition',#2,'design');
#7975 = CONTEXT_DEPENDENT_SHAPE_REPRESENTATION(#7976,#7978);
#7976 = ( REPRESENTATION_RELATIONSHIP('','',#7950,#10) 
REPRESENTATION_RELATIONSHIP_WITH_TRANSFORMATION(#7977) 
SHAPE_REPRESENTATION_RELATIONSHIP() );
#7977 = ITEM_DEFINED_TRANSFORMATION('','',#11,#891);
#7978 = PRODUCT_DEFINITION_SHAPE('Placement','Placement of an item',
  #7979);
#7979 = NEXT_ASSEMBLY_USAGE_OCCURRENCE('220','=>[0:1:1:221]','',#5,#7970
  ,$);
#7980 = PRODUCT_RELATED_PRODUCT_CATEGORY('part',$,(#7972));
#7981 = ADVANCED_BREP_SHAPE_REPRESENTATION('',(#11,#7982),#7994);
#7982 = MANIFOLD_SOLID_BREP('',#7983);
#7983 = CLOSED_SHELL('',(#7984));
#7984 = ADVANCED_FACE('',(#7985),#7989,.T.);
#7985 = FACE_BOUND('',#7986,.T.);
#7986 = VERTEX_LOOP('',#7987);
#7987 = VERTEX_POINT('',#7988);
#7988 = CARTESIAN_POINT('',(1.071565949254E-17,-2.624579619658E-33,
    -0.175));
#7989 = SPHERICAL_SURFACE('',#7990,0.175);
#7990 = AXIS2_PLACEMENT_3D('',#7991,#7992,#7993);
#7991 = CARTESIAN_POINT('',(0.,0.,0.));
#7992 = DIRECTION('',(0.,0.,1.));
#7993 = DIRECTION('',(1.,0.,-0.));
#7994 = ( GEOMETRIC_REPRESENTATION_CONTEXT(3) 
GLOBAL_UNCERTAINTY_ASSIGNED_CONTEXT((#7998)) 
GLOBAL_UNIT_ASSIGNED_CONTEXT((#7995,#7996,#7997)) REPRESENTATION_CONTEXT
('Context #1','3D Context with UNIT and UNCERTAINTY') );
#7995 = ( LENGTH_UNIT() NAMED_UNIT(*) SI_UNIT(.MILLI.,.METRE.) );
#7996 = ( NAMED_UNIT(*) PLANE_ANGLE_UNIT() SI_UNIT($,.RADIAN.) );
#7997 = ( NAMED_UNIT(*) SI_UNIT($,.STERADIAN.) SOLID_ANGLE_UNIT() );
#7998 = UNCERTAINTY_MEASURE_WITH_UNIT(LENGTH_MEASURE(1.E-07),#7995,
  'distance_accuracy_value','confusion accuracy');
#7999 = SHAPE_DEFINITION_REPRESENTATION(#8000,#7981);
#8000 = PRODUCT_DEFINITION_SHAPE('','',#8001);
#8001 = PRODUCT_DEFINITION('design','',#8002,#8005);
#8002 = PRODUCT_DEFINITION_FORMATION('','',#8003);
#8003 = PRODUCT('R1','R1','',(#8004));
#8004 = PRODUCT_CONTEXT('',#2,'mechanical');
#8005 = PRODUCT_DEFINITION_CONTEXT('part definition',#2,'design');
#8006 = CONTEXT_DEPENDENT_SHAPE_REPRESENTATION(#8007,#8009);
#8007 = ( REPRESENTATION_RELATIONSHIP('','',#7981,#10) 
REPRESENTATION_RELATIONSHIP_WITH_TRANSFORMATION(#8008) 
SHAPE_REPRESENTATION_RELATIONSHIP() );
#8008 = ITEM_DEFINED_TRANSFORMATION('','',#11,#895);
#8009 = PRODUCT_DEFINITION_SHAPE('Placement','Placement of an item',
  #8010);
#8010 = NEXT_ASSEMBLY_USAGE_OCCURRENCE('221','=>[0:1:1:222]','',#5,#8001
  ,$);
#8011 = PRODUCT_RELATED_PRODUCT_CATEGORY('part',$,(#8003));
#8012 = ADVANCED_BREP_SHAPE_REPRESENTATION('',(#11,#8013),#8025);
#8013 = MANIFOLD_SOLID_BREP('',#8014);
#8014 = CLOSED_SHELL('',(#8015));
#8015 = ADVANCED_FACE('',(#8016),#8020,.T.);
#8016 = FACE_BOUND('',#8017,.T.);
#8017 = VERTEX_LOOP('',#8018);
#8018 = VERTEX_POINT('',#8019);
#8019 = CARTESIAN_POINT('',(1.071565949254E-17,-2.624579619658E-33,
    -0.175));
#8020 = SPHERICAL_SURFACE('',#8021,0.175);
#8021 = AXIS2_PLACEMENT_3D('',#8022,#8023,#8024);
#8022 = CARTESIAN_POINT('',(0.,0.,0.));
#8023 = DIRECTION('',(0.,0.,1.));
#8024 = DIRECTION('',(1.,0.,-0.));
#8025 = ( GEOMETRIC_REPRESENTATION_CONTEXT(3) 
GLOBAL_UNCERTAINTY_ASSIGNED_CONTEXT((#8029)) 
GLOBAL_UNIT_ASSIGNED_CONTEXT((#8026,#8027,#8028)) REPRESENTATION_CONTEXT
('Context #1','3D Context with UNIT and UNCERTAINTY') );
#8026 = ( LENGTH_UNIT() NAMED_UNIT(*) SI_UNIT(.MILLI.,.METRE.) );
#8027 = ( NAMED_UNIT(*) PLANE_ANGLE_UNIT() SI_UNIT($,.RADIAN.) );
#8028 = ( NAMED_UNIT(*) SI_UNIT($,.STERADIAN.) SOLID_ANGLE_UNIT() );
#8029 = UNCERTAINTY_MEASURE_WITH_UNIT(LENGTH_MEASURE(1.E-07),#8026,
  'distance_accuracy_value','confusion accuracy');
#8030 = SHAPE_DEFINITION_REPRESENTATION(#8031,#8012);
#8031 = PRODUCT_DEFINITION_SHAPE('','',#8032);
#8032 = PRODUCT_DEFINITION('design','',#8033,#8036);
#8033 = PRODUCT_DEFINITION_FORMATION('','',#8034);
#8034 = PRODUCT('R2','R2','',(#8035));
#8035 = PRODUCT_CONTEXT('',#2,'mechanical');
#8036 = PRODUCT_DEFINITION_CONTEXT('part definition',#2,'design');
#8037 = CONTEXT_DEPENDENT_SHAPE_REPRESENTATION(#8038,#8040);
#8038 = ( REPRESENTATION_RELATIONSHIP('','',#8012,#10) 
REPRESENTATION_RELATIONSHIP_WITH_TRANSFORMATION(#8039) 
SHAPE_REPRESENTATION_RELATIONSHIP() );
#8039 = ITEM_DEFINED_TRANSFORMATION('','',#11,#899);
#8040 = PRODUCT_DEFINITION_SHAPE('Placement','Placement of an item',
  #8041);
#8041 = NEXT_ASSEMBLY_USAGE_OCCURRENCE('222','=>[0:1:1:223]','',#5,#8032
  ,$);
#8042 = PRODUCT_RELATED_PRODUCT_CATEGORY('part',$,(#8034));
#8043 = ADVANCED_BREP_SHAPE_REPRESENTATION('',(#11,#8044),#8056);
#8044 = MANIFOLD_SOLID_BREP('',#8045);
#8045 = CLOSED_SHELL('',(#8046));
#8046 = ADVANCED_FACE('',(#8047),#8051,.T.);
#8047 = FACE_BOUND('',#8048,.T.);
#8048 = VERTEX_LOOP('',#8049);
#8049 = VERTEX_POINT('',#8050);
#8050 = CARTESIAN_POINT('',(1.071565949254E-17,-2.624579619658E-33,
    -0.175));
#8051 = SPHERICAL_SURFACE('',#8052,0.175);
#8052 = AXIS2_PLACEMENT_3D('',#8053,#8054,#8055);
#8053 = CARTESIAN_POINT('',(0.,0.,0.));
#8054 = DIRECTION('',(0.,0.,1.));
#8055 = DIRECTION('',(1.,0.,-0.));
#8056 = ( GEOMETRIC_REPRESENTATION_CONTEXT(3) 
GLOBAL_UNCERTAINTY_ASSIGNED_CONTEXT((#8060)) 
GLOBAL_UNIT_ASSIGNED_CONTEXT((#8057,#8058,#8059)) REPRESENTATION_CONTEXT
('Context #1','3D Context with UNIT and UNCERTAINTY') );
#8057 = ( LENGTH_UNIT() NAMED_UNIT(*) SI_UNIT(.MILLI.,.METRE.) );
#8058 = ( NAMED_UNIT(*) PLANE_ANGLE_UNIT() SI_UNIT($,.RADIAN.) );
#8059 = ( NAMED_UNIT(*) SI_UNIT($,.STERADIAN.) SOLID_ANGLE_UNIT() );
#8060 = UNCERTAINTY_MEASURE_WITH_UNIT(LENGTH_MEASURE(1.E-07),#8057,
  'distance_accuracy_value','confusion accuracy');
#8061 = SHAPE_DEFINITION_REPRESENTATION(#8062,#8043);
#8062 = PRODUCT_DEFINITION_SHAPE('','',#8063);
#8063 = PRODUCT_DEFINITION('design','',#8064,#8067);
#8064 = PRODUCT_DEFINITION_FORMATION('','',#8065);
#8065 = PRODUCT('R3','R3','',(#8066));
#8066 = PRODUCT_CONTEXT('',#2,'mechanical');
#8067 = PRODUCT_DEFINITION_CONTEXT('part definition',#2,'design');
#8068 = CONTEXT_DEPENDENT_SHAPE_REPRESENTATION(#8069,#8071);
#8069 = ( REPRESENTATION_RELATIONSHIP('','',#8043,#10) 
REPRESENTATION_RELATIONSHIP_WITH_TRANSFORMATION(#8070) 
SHAPE_REPRESENTATION_RELATIONSHIP() );
#8070 = ITEM_DEFINED_TRANSFORMATION('','',#11,#903);
#8071 = PRODUCT_DEFINITION_SHAPE('Placement','Placement of an item',
  #8072);
#8072 = NEXT_ASSEMBLY_USAGE_OCCURRENCE('223','=>[0:1:1:224]','',#5,#8063
  ,$);
#8073 = PRODUCT_RELATED_PRODUCT_CATEGORY('part',$,(#8065));
#8074 = ADVANCED_BREP_SHAPE_REPRESENTATION('',(#11,#8075),#8087);
#8075 = MANIFOLD_SOLID_BREP('',#8076);
#8076 = CLOSED_SHELL('',(#8077));
#8077 = ADVANCED_FACE('',(#8078),#8082,.T.);
#8078 = FACE_BOUND('',#8079,.T.);
#8079 = VERTEX_LOOP('',#8080);
#8080 = VERTEX_POINT('',#8081);
#8081 = CARTESIAN_POINT('',(1.071565949254E-17,-2.624579619658E-33,
    -0.175));
#8082 = SPHERICAL_SURFACE('',#8083,0.175);
#8083 = AXIS2_PLACEMENT_3D('',#8084,#8085,#8086);
#8084 = CARTESIAN_POINT('',(0.,0.,0.));
#8085 = DIRECTION('',(0.,0.,1.));
#8086 = DIRECTION('',(1.,0.,-0.));
#8087 = ( GEOMETRIC_REPRESENTATION_CONTEXT(3) 
GLOBAL_UNCERTAINTY_ASSIGNED_CONTEXT((#8091)) 
GLOBAL_UNIT_ASSIGNED_CONTEXT((#8088,#8089,#8090)) REPRESENTATION_CONTEXT
('Context #1','3D Context with UNIT and UNCERTAINTY') );
#8088 = ( LENGTH_UNIT() NAMED_UNIT(*) SI_UNIT(.MILLI.,.METRE.) );
#8089 = ( NAMED_UNIT(*) PLANE_ANGLE_UNIT() SI_UNIT($,.RADIAN.) );
#8090 = ( NAMED_UNIT(*) SI_UNIT($,.STERADIAN.) SOLID_ANGLE_UNIT() );
#8091 = UNCERTAINTY_MEASURE_WITH_UNIT(LENGTH_MEASURE(1.E-07),#8088,
  'distance_accuracy_value','confusion accuracy');
#8092 = SHAPE_DEFINITION_REPRESENTATION(#8093,#8074);
#8093 = PRODUCT_DEFINITION_SHAPE('','',#8094);
#8094 = PRODUCT_DEFINITION('design','',#8095,#8098);
#8095 = PRODUCT_DEFINITION_FORMATION('','',#8096);
#8096 = PRODUCT('R4','R4','',(#8097));
#8097 = PRODUCT_CONTEXT('',#2,'mechanical');
#8098 = PRODUCT_DEFINITION_CONTEXT('part definition',#2,'design');
#8099 = CONTEXT_DEPENDENT_SHAPE_REPRESENTATION(#8100,#8102);
#8100 = ( REPRESENTATION_RELATIONSHIP('','',#8074,#10) 
REPRESENTATION_RELATIONSHIP_WITH_TRANSFORMATION(#8101) 
SHAPE_REPRESENTATION_RELATIONSHIP() );
#8101 = ITEM_DEFINED_TRANSFORMATION('','',#11,#907);
#8102 = PRODUCT_DEFINITION_SHAPE('Placement','Placement of an item',
  #8103);
#8103 = NEXT_ASSEMBLY_USAGE_OCCURRENCE('224','=>[0:1:1:225]','',#5,#8094
  ,$);
#8104 = PRODUCT_RELATED_PRODUCT_CATEGORY('part',$,(#8096));
#8105 = ADVANCED_BREP_SHAPE_REPRESENTATION('',(#11,#8106),#8118);
#8106 = MANIFOLD_SOLID_BREP('',#8107);
#8107 = CLOSED_SHELL('',(#8108));
#8108 = ADVANCED_FACE('',(#8109),#8113,.T.);
#8109 = FACE_BOUND('',#8110,.T.);
#8110 = VERTEX_LOOP('',#8111);
#8111 = VERTEX_POINT('',#8112);
#8112 = CARTESIAN_POINT('',(1.071565949254E-17,-2.624579619658E-33,
    -0.175));
#8113 = SPHERICAL_SURFACE('',#8114,0.175);
#8114 = AXIS2_PLACEMENT_3D('',#8115,#8116,#8117);
#8115 = CARTESIAN_POINT('',(0.,0.,0.));
#8116 = DIRECTION('',(0.,0.,1.));
#8117 = DIRECTION('',(1.,0.,-0.));
#8118 = ( GEOMETRIC_REPRESENTATION_CONTEXT(3) 
GLOBAL_UNCERTAINTY_ASSIGNED_CONTEXT((#8122)) 
GLOBAL_UNIT_ASSIGNED_CONTEXT((#8119,#8120,#8121)) REPRESENTATION_CONTEXT
('Context #1','3D Context with UNIT and UNCERTAINTY') );
#8119 = ( LENGTH_UNIT() NAMED_UNIT(*) SI_UNIT(.MILLI.,.METRE.) );
#8120 = ( NAMED_UNIT(*) PLANE_ANGLE_UNIT() SI_UNIT($,.RADIAN.) );
#8121 = ( NAMED_UNIT(*) SI_UNIT($,.STERADIAN.) SOLID_ANGLE_UNIT() );
#8122 = UNCERTAINTY_MEASURE_WITH_UNIT(LENGTH_MEASURE(1.E-07),#8119,
  'distance_accuracy_value','confusion accuracy');
#8123 = SHAPE_DEFINITION_REPRESENTATION(#8124,#8105);
#8124 = PRODUCT_DEFINITION_SHAPE('','',#8125);
#8125 = PRODUCT_DEFINITION('design','',#8126,#8129);
#8126 = PRODUCT_DEFINITION_FORMATION('','',#8127);
#8127 = PRODUCT('R5','R5','',(#8128));
#8128 = PRODUCT_CONTEXT('',#2,'mechanical');
#8129 = PRODUCT_DEFINITION_CONTEXT('part definition',#2,'design');
#8130 = CONTEXT_DEPENDENT_SHAPE_REPRESENTATION(#8131,#8133);
#8131 = ( REPRESENTATION_RELATIONSHIP('','',#8105,#10) 
REPRESENTATION_RELATIONSHIP_WITH_TRANSFORMATION(#8132) 
SHAPE_REPRESENTATION_RELATIONSHIP() );
#8132 = ITEM_DEFINED_TRANSFORMATION('','',#11,#911);
#8133 = PRODUCT_DEFINITION_SHAPE('Placement','Placement of an item',
  #8134);
#8134 = NEXT_ASSEMBLY_USAGE_OCCURRENCE('225','=>[0:1:1:226]','',#5,#8125
  ,$);
#8135 = PRODUCT_RELATED_PRODUCT_CATEGORY('part',$,(#8127));
#8136 = ADVANCED_BREP_SHAPE_REPRESENTATION('',(#11,#8137),#8149);
#8137 = MANIFOLD_SOLID_BREP('',#8138);
#8138 = CLOSED_SHELL('',(#8139));
#8139 = ADVANCED_FACE('',(#8140),#8144,.T.);
#8140 = FACE_BOUND('',#8141,.T.);
#8141 = VERTEX_LOOP('',#8142);
#8142 = VERTEX_POINT('',#8143);
#8143 = CARTESIAN_POINT('',(1.071565949254E-17,-2.624579619658E-33,
    -0.175));
#8144 = SPHERICAL_SURFACE('',#8145,0.175);
#8145 = AXIS2_PLACEMENT_3D('',#8146,#8147,#8148);
#8146 = CARTESIAN_POINT('',(0.,0.,0.));
#8147 = DIRECTION('',(0.,0.,1.));
#8148 = DIRECTION('',(1.,0.,-0.));
#8149 = ( GEOMETRIC_REPRESENTATION_CONTEXT(3) 
GLOBAL_UNCERTAINTY_ASSIGNED_CONTEXT((#8153)) 
GLOBAL_UNIT_ASSIGNED_CONTEXT((#8150,#8151,#8152)) REPRESENTATION_CONTEXT
('Context #1','3D Context with UNIT and UNCERTAINTY') );
#8150 = ( LENGTH_UNIT() NAMED_UNIT(*) SI_UNIT(.MILLI.,.METRE.) );
#8151 = ( NAMED_UNIT(*) PLANE_ANGLE_UNIT() SI_UNIT($,.RADIAN.) );
#8152 = ( NAMED_UNIT(*) SI_UNIT($,.STERADIAN.) SOLID_ANGLE_UNIT() );
#8153 = UNCERTAINTY_MEASURE_WITH_UNIT(LENGTH_MEASURE(1.E-07),#8150,
  'distance_accuracy_value','confusion accuracy');
#8154 = SHAPE_DEFINITION_REPRESENTATION(#8155,#8136);
#8155 = PRODUCT_DEFINITION_SHAPE('','',#8156);
#8156 = PRODUCT_DEFINITION('design','',#8157,#8160);
#8157 = PRODUCT_DEFINITION_FORMATION('','',#8158);
#8158 = PRODUCT('R6','R6','',(#8159));
#8159 = PRODUCT_CONTEXT('',#2,'mechanical');
#8160 = PRODUCT_DEFINITION_CONTEXT('part definition',#2,'design');
#8161 = CONTEXT_DEPENDENT_SHAPE_REPRESENTATION(#8162,#8164);
#8162 = ( REPRESENTATION_RELATIONSHIP('','',#8136,#10) 
REPRESENTATION_RELATIONSHIP_WITH_TRANSFORMATION(#8163) 
SHAPE_REPRESENTATION_RELATIONSHIP() );
#8163 = ITEM_DEFINED_TRANSFORMATION('','',#11,#915);
#8164 = PRODUCT_DEFINITION_SHAPE('Placement','Placement of an item',
  #8165);
#8165 = NEXT_ASSEMBLY_USAGE_OCCURRENCE('226','=>[0:1:1:227]','',#5,#8156
  ,$);
#8166 = PRODUCT_RELATED_PRODUCT_CATEGORY('part',$,(#8158));
#8167 = ADVANCED_BREP_SHAPE_REPRESENTATION('',(#11,#8168),#8180);
#8168 = MANIFOLD_SOLID_BREP('',#8169);
#8169 = CLOSED_SHELL('',(#8170));
#8170 = ADVANCED_FACE('',(#8171),#8175,.T.);
#8171 = FACE_BOUND('',#8172,.T.);
#8172 = VERTEX_LOOP('',#8173);
#8173 = VERTEX_POINT('',#8174);
#8174 = CARTESIAN_POINT('',(1.071565949254E-17,-2.624579619658E-33,
    -0.175));
#8175 = SPHERICAL_SURFACE('',#8176,0.175);
#8176 = AXIS2_PLACEMENT_3D('',#8177,#8178,#8179);
#8177 = CARTESIAN_POINT('',(0.,0.,0.));
#8178 = DIRECTION('',(0.,0.,1.));
#8179 = DIRECTION('',(1.,0.,-0.));
#8180 = ( GEOMETRIC_REPRESENTATION_CONTEXT(3) 
GLOBAL_UNCERTAINTY_ASSIGNED_CONTEXT((#8184)) 
GLOBAL_UNIT_ASSIGNED_CONTEXT((#8181,#8182,#8183)) REPRESENTATION_CONTEXT
('Context #1','3D Context with UNIT and UNCERTAINTY') );
#8181 = ( LENGTH_UNIT() NAMED_UNIT(*) SI_UNIT(.MILLI.,.METRE.) );
#8182 = ( NAMED_UNIT(*) PLANE_ANGLE_UNIT() SI_UNIT($,.RADIAN.) );
#8183 = ( NAMED_UNIT(*) SI_UNIT($,.STERADIAN.) SOLID_ANGLE_UNIT() );
#8184 = UNCERTAINTY_MEASURE_WITH_UNIT(LENGTH_MEASURE(1.E-07),#8181,
  'distance_accuracy_value','confusion accuracy');
#8185 = SHAPE_DEFINITION_REPRESENTATION(#8186,#8167);
#8186 = PRODUCT_DEFINITION_SHAPE('','',#8187);
#8187 = PRODUCT_DEFINITION('design','',#8188,#8191);
#8188 = PRODUCT_DEFINITION_FORMATION('','',#8189);
#8189 = PRODUCT('R9','R9','',(#8190));
#8190 = PRODUCT_CONTEXT('',#2,'mechanical');
#8191 = PRODUCT_DEFINITION_CONTEXT('part definition',#2,'design');
#8192 = CONTEXT_DEPENDENT_SHAPE_REPRESENTATION(#8193,#8195);
#8193 = ( REPRESENTATION_RELATIONSHIP('','',#8167,#10) 
REPRESENTATION_RELATIONSHIP_WITH_TRANSFORMATION(#8194) 
SHAPE_REPRESENTATION_RELATIONSHIP() );
#8194 = ITEM_DEFINED_TRANSFORMATION('','',#11,#919);
#8195 = PRODUCT_DEFINITION_SHAPE('Placement','Placement of an item',
  #8196);
#8196 = NEXT_ASSEMBLY_USAGE_OCCURRENCE('227','=>[0:1:1:228]','',#5,#8187
  ,$);
#8197 = PRODUCT_RELATED_PRODUCT_CATEGORY('part',$,(#8189));
#8198 = ADVANCED_BREP_SHAPE_REPRESENTATION('',(#11,#8199),#8211);
#8199 = MANIFOLD_SOLID_BREP('',#8200);
#8200 = CLOSED_SHELL('',(#8201));
#8201 = ADVANCED_FACE('',(#8202),#8206,.T.);
#8202 = FACE_BOUND('',#8203,.T.);
#8203 = VERTEX_LOOP('',#8204);
#8204 = VERTEX_POINT('',#8205);
#8205 = CARTESIAN_POINT('',(1.071565949254E-17,-2.624579619658E-33,
    -0.175));
#8206 = SPHERICAL_SURFACE('',#8207,0.175);
#8207 = AXIS2_PLACEMENT_3D('',#8208,#8209,#8210);
#8208 = CARTESIAN_POINT('',(0.,0.,0.));
#8209 = DIRECTION('',(0.,0.,1.));
#8210 = DIRECTION('',(1.,0.,-0.));
#8211 = ( GEOMETRIC_REPRESENTATION_CONTEXT(3) 
GLOBAL_UNCERTAINTY_ASSIGNED_CONTEXT((#8215)) 
GLOBAL_UNIT_ASSIGNED_CONTEXT((#8212,#8213,#8214)) REPRESENTATION_CONTEXT
('Context #1','3D Context with UNIT and UNCERTAINTY') );
#8212 = ( LENGTH_UNIT() NAMED_UNIT(*) SI_UNIT(.MILLI.,.METRE.) );
#8213 = ( NAMED_UNIT(*) PLANE_ANGLE_UNIT() SI_UNIT($,.RADIAN.) );
#8214 = ( NAMED_UNIT(*) SI_UNIT($,.STERADIAN.) SOLID_ANGLE_UNIT() );
#8215 = UNCERTAINTY_MEASURE_WITH_UNIT(LENGTH_MEASURE(1.E-07),#8212,
  'distance_accuracy_value','confusion accuracy');
#8216 = SHAPE_DEFINITION_REPRESENTATION(#8217,#8198);
#8217 = PRODUCT_DEFINITION_SHAPE('','',#8218);
#8218 = PRODUCT_DEFINITION('design','',#8219,#8222);
#8219 = PRODUCT_DEFINITION_FORMATION('','',#8220);
#8220 = PRODUCT('R12','R12','',(#8221));
#8221 = PRODUCT_CONTEXT('',#2,'mechanical');
#8222 = PRODUCT_DEFINITION_CONTEXT('part definition',#2,'design');
#8223 = CONTEXT_DEPENDENT_SHAPE_REPRESENTATION(#8224,#8226);
#8224 = ( REPRESENTATION_RELATIONSHIP('','',#8198,#10) 
REPRESENTATION_RELATIONSHIP_WITH_TRANSFORMATION(#8225) 
SHAPE_REPRESENTATION_RELATIONSHIP() );
#8225 = ITEM_DEFINED_TRANSFORMATION('','',#11,#923);
#8226 = PRODUCT_DEFINITION_SHAPE('Placement','Placement of an item',
  #8227);
#8227 = NEXT_ASSEMBLY_USAGE_OCCURRENCE('228','=>[0:1:1:229]','',#5,#8218
  ,$);
#8228 = PRODUCT_RELATED_PRODUCT_CATEGORY('part',$,(#8220));
#8229 = ADVANCED_BREP_SHAPE_REPRESENTATION('',(#11,#8230),#8242);
#8230 = MANIFOLD_SOLID_BREP('',#8231);
#8231 = CLOSED_SHELL('',(#8232));
#8232 = ADVANCED_FACE('',(#8233),#8237,.T.);
#8233 = FACE_BOUND('',#8234,.T.);
#8234 = VERTEX_LOOP('',#8235);
#8235 = VERTEX_POINT('',#8236);
#8236 = CARTESIAN_POINT('',(1.071565949254E-17,-2.624579619658E-33,
    -0.175));
#8237 = SPHERICAL_SURFACE('',#8238,0.175);
#8238 = AXIS2_PLACEMENT_3D('',#8239,#8240,#8241);
#8239 = CARTESIAN_POINT('',(0.,0.,0.));
#8240 = DIRECTION('',(0.,0.,1.));
#8241 = DIRECTION('',(1.,0.,-0.));
#8242 = ( GEOMETRIC_REPRESENTATION_CONTEXT(3) 
GLOBAL_UNCERTAINTY_ASSIGNED_CONTEXT((#8246)) 
GLOBAL_UNIT_ASSIGNED_CONTEXT((#8243,#8244,#8245)) REPRESENTATION_CONTEXT
('Context #1','3D Context with UNIT and UNCERTAINTY') );
#8243 = ( LENGTH_UNIT() NAMED_UNIT(*) SI_UNIT(.MILLI.,.METRE.) );
#8244 = ( NAMED_UNIT(*) PLANE_ANGLE_UNIT() SI_UNIT($,.RADIAN.) );
#8245 = ( NAMED_UNIT(*) SI_UNIT($,.STERADIAN.) SOLID_ANGLE_UNIT() );
#8246 = UNCERTAINTY_MEASURE_WITH_UNIT(LENGTH_MEASURE(1.E-07),#8243,
  'distance_accuracy_value','confusion accuracy');
#8247 = SHAPE_DEFINITION_REPRESENTATION(#8248,#8229);
#8248 = PRODUCT_DEFINITION_SHAPE('','',#8249);
#8249 = PRODUCT_DEFINITION('design','',#8250,#8253);
#8250 = PRODUCT_DEFINITION_FORMATION('','',#8251);
#8251 = PRODUCT('R15','R15','',(#8252));
#8252 = PRODUCT_CONTEXT('',#2,'mechanical');
#8253 = PRODUCT_DEFINITION_CONTEXT('part definition',#2,'design');
#8254 = CONTEXT_DEPENDENT_SHAPE_REPRESENTATION(#8255,#8257);
#8255 = ( REPRESENTATION_RELATIONSHIP('','',#8229,#10) 
REPRESENTATION_RELATIONSHIP_WITH_TRANSFORMATION(#8256) 
SHAPE_REPRESENTATION_RELATIONSHIP() );
#8256 = ITEM_DEFINED_TRANSFORMATION('','',#11,#927);
#8257 = PRODUCT_DEFINITION_SHAPE('Placement','Placement of an item',
  #8258);
#8258 = NEXT_ASSEMBLY_USAGE_OCCURRENCE('229','=>[0:1:1:230]','',#5,#8249
  ,$);
#8259 = PRODUCT_RELATED_PRODUCT_CATEGORY('part',$,(#8251));
#8260 = ADVANCED_BREP_SHAPE_REPRESENTATION('',(#11,#8261),#8273);
#8261 = MANIFOLD_SOLID_BREP('',#8262);
#8262 = CLOSED_SHELL('',(#8263));
#8263 = ADVANCED_FACE('',(#8264),#8268,.T.);
#8264 = FACE_BOUND('',#8265,.T.);
#8265 = VERTEX_LOOP('',#8266);
#8266 = VERTEX_POINT('',#8267);
#8267 = CARTESIAN_POINT('',(1.071565949254E-17,-2.624579619658E-33,
    -0.175));
#8268 = SPHERICAL_SURFACE('',#8269,0.175);
#8269 = AXIS2_PLACEMENT_3D('',#8270,#8271,#8272);
#8270 = CARTESIAN_POINT('',(0.,0.,0.));
#8271 = DIRECTION('',(0.,0.,1.));
#8272 = DIRECTION('',(1.,0.,-0.));
#8273 = ( GEOMETRIC_REPRESENTATION_CONTEXT(3) 
GLOBAL_UNCERTAINTY_ASSIGNED_CONTEXT((#8277)) 
GLOBAL_UNIT_ASSIGNED_CONTEXT((#8274,#8275,#8276)) REPRESENTATION_CONTEXT
('Context #1','3D Context with UNIT and UNCERTAINTY') );
#8274 = ( LENGTH_UNIT() NAMED_UNIT(*) SI_UNIT(.MILLI.,.METRE.) );
#8275 = ( NAMED_UNIT(*) PLANE_ANGLE_UNIT() SI_UNIT($,.RADIAN.) );
#8276 = ( NAMED_UNIT(*) SI_UNIT($,.STERADIAN.) SOLID_ANGLE_UNIT() );
#8277 = UNCERTAINTY_MEASURE_WITH_UNIT(LENGTH_MEASURE(1.E-07),#8274,
  'distance_accuracy_value','confusion accuracy');
#8278 = SHAPE_DEFINITION_REPRESENTATION(#8279,#8260);
#8279 = PRODUCT_DEFINITION_SHAPE('','',#8280);
#8280 = PRODUCT_DEFINITION('design','',#8281,#8284);
#8281 = PRODUCT_DEFINITION_FORMATION('','',#8282);
#8282 = PRODUCT('R18','R18','',(#8283));
#8283 = PRODUCT_CONTEXT('',#2,'mechanical');
#8284 = PRODUCT_DEFINITION_CONTEXT('part definition',#2,'design');
#8285 = CONTEXT_DEPENDENT_SHAPE_REPRESENTATION(#8286,#8288);
#8286 = ( REPRESENTATION_RELATIONSHIP('','',#8260,#10) 
REPRESENTATION_RELATIONSHIP_WITH_TRANSFORMATION(#8287) 
SHAPE_REPRESENTATION_RELATIONSHIP() );
#8287 = ITEM_DEFINED_TRANSFORMATION('','',#11,#931);
#8288 = PRODUCT_DEFINITION_SHAPE('Placement','Placement of an item',
  #8289);
#8289 = NEXT_ASSEMBLY_USAGE_OCCURRENCE('230','=>[0:1:1:231]','',#5,#8280
  ,$);
#8290 = PRODUCT_RELATED_PRODUCT_CATEGORY('part',$,(#8282));
#8291 = ADVANCED_BREP_SHAPE_REPRESENTATION('',(#11,#8292),#8304);
#8292 = MANIFOLD_SOLID_BREP('',#8293);
#8293 = CLOSED_SHELL('',(#8294));
#8294 = ADVANCED_FACE('',(#8295),#8299,.T.);
#8295 = FACE_BOUND('',#8296,.T.);
#8296 = VERTEX_LOOP('',#8297);
#8297 = VERTEX_POINT('',#8298);
#8298 = CARTESIAN_POINT('',(1.071565949254E-17,-2.624579619658E-33,
    -0.175));
#8299 = SPHERICAL_SURFACE('',#8300,0.175);
#8300 = AXIS2_PLACEMENT_3D('',#8301,#8302,#8303);
#8301 = CARTESIAN_POINT('',(0.,0.,0.));
#8302 = DIRECTION('',(0.,0.,1.));
#8303 = DIRECTION('',(1.,0.,-0.));
#8304 = ( GEOMETRIC_REPRESENTATION_CONTEXT(3) 
GLOBAL_UNCERTAINTY_ASSIGNED_CONTEXT((#8308)) 
GLOBAL_UNIT_ASSIGNED_CONTEXT((#8305,#8306,#8307)) REPRESENTATION_CONTEXT
('Context #1','3D Context with UNIT and UNCERTAINTY') );
#8305 = ( LENGTH_UNIT() NAMED_UNIT(*) SI_UNIT(.MILLI.,.METRE.) );
#8306 = ( NAMED_UNIT(*) PLANE_ANGLE_UNIT() SI_UNIT($,.RADIAN.) );
#8307 = ( NAMED_UNIT(*) SI_UNIT($,.STERADIAN.) SOLID_ANGLE_UNIT() );
#8308 = UNCERTAINTY_MEASURE_WITH_UNIT(LENGTH_MEASURE(1.E-07),#8305,
  'distance_accuracy_value','confusion accuracy');
#8309 = SHAPE_DEFINITION_REPRESENTATION(#8310,#8291);
#8310 = PRODUCT_DEFINITION_SHAPE('','',#8311);
#8311 = PRODUCT_DEFINITION('design','',#8312,#8315);
#8312 = PRODUCT_DEFINITION_FORMATION('','',#8313);
#8313 = PRODUCT('R19','R19','',(#8314));
#8314 = PRODUCT_CONTEXT('',#2,'mechanical');
#8315 = PRODUCT_DEFINITION_CONTEXT('part definition',#2,'design');
#8316 = CONTEXT_DEPENDENT_SHAPE_REPRESENTATION(#8317,#8319);
#8317 = ( REPRESENTATION_RELATIONSHIP('','',#8291,#10) 
REPRESENTATION_RELATIONSHIP_WITH_TRANSFORMATION(#8318) 
SHAPE_REPRESENTATION_RELATIONSHIP() );
#8318 = ITEM_DEFINED_TRANSFORMATION('','',#11,#935);
#8319 = PRODUCT_DEFINITION_SHAPE('Placement','Placement of an item',
  #8320);
#8320 = NEXT_ASSEMBLY_USAGE_OCCURRENCE('231','=>[0:1:1:232]','',#5,#8311
  ,$);
#8321 = PRODUCT_RELATED_PRODUCT_CATEGORY('part',$,(#8313));
#8322 = ADVANCED_BREP_SHAPE_REPRESENTATION('',(#11,#8323),#8335);
#8323 = MANIFOLD_SOLID_BREP('',#8324);
#8324 = CLOSED_SHELL('',(#8325));
#8325 = ADVANCED_FACE('',(#8326),#8330,.T.);
#8326 = FACE_BOUND('',#8327,.T.);
#8327 = VERTEX_LOOP('',#8328);
#8328 = VERTEX_POINT('',#8329);
#8329 = CARTESIAN_POINT('',(1.071565949254E-17,-2.624579619658E-33,
    -0.175));
#8330 = SPHERICAL_SURFACE('',#8331,0.175);
#8331 = AXIS2_PLACEMENT_3D('',#8332,#8333,#8334);
#8332 = CARTESIAN_POINT('',(0.,0.,0.));
#8333 = DIRECTION('',(0.,0.,1.));
#8334 = DIRECTION('',(1.,0.,-0.));
#8335 = ( GEOMETRIC_REPRESENTATION_CONTEXT(3) 
GLOBAL_UNCERTAINTY_ASSIGNED_CONTEXT((#8339)) 
GLOBAL_UNIT_ASSIGNED_CONTEXT((#8336,#8337,#8338)) REPRESENTATION_CONTEXT
('Context #1','3D Context with UNIT and UNCERTAINTY') );
#8336 = ( LENGTH_UNIT() NAMED_UNIT(*) SI_UNIT(.MILLI.,.METRE.) );
#8337 = ( NAMED_UNIT(*) PLANE_ANGLE_UNIT() SI_UNIT($,.RADIAN.) );
#8338 = ( NAMED_UNIT(*) SI_UNIT($,.STERADIAN.) SOLID_ANGLE_UNIT() );
#8339 = UNCERTAINTY_MEASURE_WITH_UNIT(LENGTH_MEASURE(1.E-07),#8336,
  'distance_accuracy_value','confusion accuracy');
#8340 = SHAPE_DEFINITION_REPRESENTATION(#8341,#8322);
#8341 = PRODUCT_DEFINITION_SHAPE('','',#8342);
#8342 = PRODUCT_DEFINITION('design','',#8343,#8346);
#8343 = PRODUCT_DEFINITION_FORMATION('','',#8344);
#8344 = PRODUCT('R20','R20','',(#8345));
#8345 = PRODUCT_CONTEXT('',#2,'mechanical');
#8346 = PRODUCT_DEFINITION_CONTEXT('part definition',#2,'design');
#8347 = CONTEXT_DEPENDENT_SHAPE_REPRESENTATION(#8348,#8350);
#8348 = ( REPRESENTATION_RELATIONSHIP('','',#8322,#10) 
REPRESENTATION_RELATIONSHIP_WITH_TRANSFORMATION(#8349) 
SHAPE_REPRESENTATION_RELATIONSHIP() );
#8349 = ITEM_DEFINED_TRANSFORMATION('','',#11,#939);
#8350 = PRODUCT_DEFINITION_SHAPE('Placement','Placement of an item',
  #8351);
#8351 = NEXT_ASSEMBLY_USAGE_OCCURRENCE('232','=>[0:1:1:233]','',#5,#8342
  ,$);
#8352 = PRODUCT_RELATED_PRODUCT_CATEGORY('part',$,(#8344));
#8353 = ADVANCED_BREP_SHAPE_REPRESENTATION('',(#11,#8354),#8366);
#8354 = MANIFOLD_SOLID_BREP('',#8355);
#8355 = CLOSED_SHELL('',(#8356));
#8356 = ADVANCED_FACE('',(#8357),#8361,.T.);
#8357 = FACE_BOUND('',#8358,.T.);
#8358 = VERTEX_LOOP('',#8359);
#8359 = VERTEX_POINT('',#8360);
#8360 = CARTESIAN_POINT('',(1.071565949254E-17,-2.624579619658E-33,
    -0.175));
#8361 = SPHERICAL_SURFACE('',#8362,0.175);
#8362 = AXIS2_PLACEMENT_3D('',#8363,#8364,#8365);
#8363 = CARTESIAN_POINT('',(0.,0.,0.));
#8364 = DIRECTION('',(0.,0.,1.));
#8365 = DIRECTION('',(1.,0.,-0.));
#8366 = ( GEOMETRIC_REPRESENTATION_CONTEXT(3) 
GLOBAL_UNCERTAINTY_ASSIGNED_CONTEXT((#8370)) 
GLOBAL_UNIT_ASSIGNED_CONTEXT((#8367,#8368,#8369)) REPRESENTATION_CONTEXT
('Context #1','3D Context with UNIT and UNCERTAINTY') );
#8367 = ( LENGTH_UNIT() NAMED_UNIT(*) SI_UNIT(.MILLI.,.METRE.) );
#8368 = ( NAMED_UNIT(*) PLANE_ANGLE_UNIT() SI_UNIT($,.RADIAN.) );
#8369 = ( NAMED_UNIT(*) SI_UNIT($,.STERADIAN.) SOLID_ANGLE_UNIT() );
#8370 = UNCERTAINTY_MEASURE_WITH_UNIT(LENGTH_MEASURE(1.E-07),#8367,
  'distance_accuracy_value','confusion accuracy');
#8371 = SHAPE_DEFINITION_REPRESENTATION(#8372,#8353);
#8372 = PRODUCT_DEFINITION_SHAPE('','',#8373);
#8373 = PRODUCT_DEFINITION('design','',#8374,#8377);
#8374 = PRODUCT_DEFINITION_FORMATION('','',#8375);
#8375 = PRODUCT('R21','R21','',(#8376));
#8376 = PRODUCT_CONTEXT('',#2,'mechanical');
#8377 = PRODUCT_DEFINITION_CONTEXT('part definition',#2,'design');
#8378 = CONTEXT_DEPENDENT_SHAPE_REPRESENTATION(#8379,#8381);
#8379 = ( REPRESENTATION_RELATIONSHIP('','',#8353,#10) 
REPRESENTATION_RELATIONSHIP_WITH_TRANSFORMATION(#8380) 
SHAPE_REPRESENTATION_RELATIONSHIP() );
#8380 = ITEM_DEFINED_TRANSFORMATION('','',#11,#943);
#8381 = PRODUCT_DEFINITION_SHAPE('Placement','Placement of an item',
  #8382);
#8382 = NEXT_ASSEMBLY_USAGE_OCCURRENCE('233','=>[0:1:1:234]','',#5,#8373
  ,$);
#8383 = PRODUCT_RELATED_PRODUCT_CATEGORY('part',$,(#8375));
#8384 = ADVANCED_BREP_SHAPE_REPRESENTATION('',(#11,#8385),#8397);
#8385 = MANIFOLD_SOLID_BREP('',#8386);
#8386 = CLOSED_SHELL('',(#8387));
#8387 = ADVANCED_FACE('',(#8388),#8392,.T.);
#8388 = FACE_BOUND('',#8389,.T.);
#8389 = VERTEX_LOOP('',#8390);
#8390 = VERTEX_POINT('',#8391);
#8391 = CARTESIAN_POINT('',(1.071565949254E-17,-2.624579619658E-33,
    -0.175));
#8392 = SPHERICAL_SURFACE('',#8393,0.175);
#8393 = AXIS2_PLACEMENT_3D('',#8394,#8395,#8396);
#8394 = CARTESIAN_POINT('',(0.,0.,0.));
#8395 = DIRECTION('',(0.,0.,1.));
#8396 = DIRECTION('',(1.,0.,-0.));
#8397 = ( GEOMETRIC_REPRESENTATION_CONTEXT(3) 
GLOBAL_UNCERTAINTY_ASSIGNED_CONTEXT((#8401)) 
GLOBAL_UNIT_ASSIGNED_CONTEXT((#8398,#8399,#8400)) REPRESENTATION_CONTEXT
('Context #1','3D Context with UNIT and UNCERTAINTY') );
#8398 = ( LENGTH_UNIT() NAMED_UNIT(*) SI_UNIT(.MILLI.,.METRE.) );
#8399 = ( NAMED_UNIT(*) PLANE_ANGLE_UNIT() SI_UNIT($,.RADIAN.) );
#8400 = ( NAMED_UNIT(*) SI_UNIT($,.STERADIAN.) SOLID_ANGLE_UNIT() );
#8401 = UNCERTAINTY_MEASURE_WITH_UNIT(LENGTH_MEASURE(1.E-07),#8398,
  'distance_accuracy_value','confusion accuracy');
#8402 = SHAPE_DEFINITION_REPRESENTATION(#8403,#8384);
#8403 = PRODUCT_DEFINITION_SHAPE('','',#8404);
#8404 = PRODUCT_DEFINITION('design','',#8405,#8408);
#8405 = PRODUCT_DEFINITION_FORMATION('','',#8406);
#8406 = PRODUCT('T1','T1','',(#8407));
#8407 = PRODUCT_CONTEXT('',#2,'mechanical');
#8408 = PRODUCT_DEFINITION_CONTEXT('part definition',#2,'design');
#8409 = CONTEXT_DEPENDENT_SHAPE_REPRESENTATION(#8410,#8412);
#8410 = ( REPRESENTATION_RELATIONSHIP('','',#8384,#10) 
REPRESENTATION_RELATIONSHIP_WITH_TRANSFORMATION(#8411) 
SHAPE_REPRESENTATION_RELATIONSHIP() );
#8411 = ITEM_DEFINED_TRANSFORMATION('','',#11,#947);
#8412 = PRODUCT_DEFINITION_SHAPE('Placement','Placement of an item',
  #8413);
#8413 = NEXT_ASSEMBLY_USAGE_OCCURRENCE('234','=>[0:1:1:235]','',#5,#8404
  ,$);
#8414 = PRODUCT_RELATED_PRODUCT_CATEGORY('part',$,(#8406));
#8415 = ADVANCED_BREP_SHAPE_REPRESENTATION('',(#11,#8416),#8428);
#8416 = MANIFOLD_SOLID_BREP('',#8417);
#8417 = CLOSED_SHELL('',(#8418));
#8418 = ADVANCED_FACE('',(#8419),#8423,.T.);
#8419 = FACE_BOUND('',#8420,.T.);
#8420 = VERTEX_LOOP('',#8421);
#8421 = VERTEX_POINT('',#8422);
#8422 = CARTESIAN_POINT('',(1.071565949254E-17,-2.624579619658E-33,
    -0.175));
#8423 = SPHERICAL_SURFACE('',#8424,0.175);
#8424 = AXIS2_PLACEMENT_3D('',#8425,#8426,#8427);
#8425 = CARTESIAN_POINT('',(0.,0.,0.));
#8426 = DIRECTION('',(0.,0.,1.));
#8427 = DIRECTION('',(1.,0.,-0.));
#8428 = ( GEOMETRIC_REPRESENTATION_CONTEXT(3) 
GLOBAL_UNCERTAINTY_ASSIGNED_CONTEXT((#8432)) 
GLOBAL_UNIT_ASSIGNED_CONTEXT((#8429,#8430,#8431)) REPRESENTATION_CONTEXT
('Context #1','3D Context with UNIT and UNCERTAINTY') );
#8429 = ( LENGTH_UNIT() NAMED_UNIT(*) SI_UNIT(.MILLI.,.METRE.) );
#8430 = ( NAMED_UNIT(*) PLANE_ANGLE_UNIT() SI_UNIT($,.RADIAN.) );
#8431 = ( NAMED_UNIT(*) SI_UNIT($,.STERADIAN.) SOLID_ANGLE_UNIT() );
#8432 = UNCERTAINTY_MEASURE_WITH_UNIT(LENGTH_MEASURE(1.E-07),#8429,
  'distance_accuracy_value','confusion accuracy');
#8433 = SHAPE_DEFINITION_REPRESENTATION(#8434,#8415);
#8434 = PRODUCT_DEFINITION_SHAPE('','',#8435);
#8435 = PRODUCT_DEFINITION('design','',#8436,#8439);
#8436 = PRODUCT_DEFINITION_FORMATION('','',#8437);
#8437 = PRODUCT('T2','T2','',(#8438));
#8438 = PRODUCT_CONTEXT('',#2,'mechanical');
#8439 = PRODUCT_DEFINITION_CONTEXT('part definition',#2,'design');
#8440 = CONTEXT_DEPENDENT_SHAPE_REPRESENTATION(#8441,#8443);
#8441 = ( REPRESENTATION_RELATIONSHIP('','',#8415,#10) 
REPRESENTATION_RELATIONSHIP_WITH_TRANSFORMATION(#8442) 
SHAPE_REPRESENTATION_RELATIONSHIP() );
#8442 = ITEM_DEFINED_TRANSFORMATION('','',#11,#951);
#8443 = PRODUCT_DEFINITION_SHAPE('Placement','Placement of an item',
  #8444);
#8444 = NEXT_ASSEMBLY_USAGE_OCCURRENCE('235','=>[0:1:1:236]','',#5,#8435
  ,$);
#8445 = PRODUCT_RELATED_PRODUCT_CATEGORY('part',$,(#8437));
#8446 = ADVANCED_BREP_SHAPE_REPRESENTATION('',(#11,#8447),#8459);
#8447 = MANIFOLD_SOLID_BREP('',#8448);
#8448 = CLOSED_SHELL('',(#8449));
#8449 = ADVANCED_FACE('',(#8450),#8454,.T.);
#8450 = FACE_BOUND('',#8451,.T.);
#8451 = VERTEX_LOOP('',#8452);
#8452 = VERTEX_POINT('',#8453);
#8453 = CARTESIAN_POINT('',(1.071565949254E-17,-2.624579619658E-33,
    -0.175));
#8454 = SPHERICAL_SURFACE('',#8455,0.175);
#8455 = AXIS2_PLACEMENT_3D('',#8456,#8457,#8458);
#8456 = CARTESIAN_POINT('',(0.,0.,0.));
#8457 = DIRECTION('',(0.,0.,1.));
#8458 = DIRECTION('',(1.,0.,-0.));
#8459 = ( GEOMETRIC_REPRESENTATION_CONTEXT(3) 
GLOBAL_UNCERTAINTY_ASSIGNED_CONTEXT((#8463)) 
GLOBAL_UNIT_ASSIGNED_CONTEXT((#8460,#8461,#8462)) REPRESENTATION_CONTEXT
('Context #1','3D Context with UNIT and UNCERTAINTY') );
#8460 = ( LENGTH_UNIT() NAMED_UNIT(*) SI_UNIT(.MILLI.,.METRE.) );
#8461 = ( NAMED_UNIT(*) PLANE_ANGLE_UNIT() SI_UNIT($,.RADIAN.) );
#8462 = ( NAMED_UNIT(*) SI_UNIT($,.STERADIAN.) SOLID_ANGLE_UNIT() );
#8463 = UNCERTAINTY_MEASURE_WITH_UNIT(LENGTH_MEASURE(1.E-07),#8460,
  'distance_accuracy_value','confusion accuracy');
#8464 = SHAPE_DEFINITION_REPRESENTATION(#8465,#8446);
#8465 = PRODUCT_DEFINITION_SHAPE('','',#8466);
#8466 = PRODUCT_DEFINITION('design','',#8467,#8470);
#8467 = PRODUCT_DEFINITION_FORMATION('','',#8468);
#8468 = PRODUCT('T3','T3','',(#8469));
#8469 = PRODUCT_CONTEXT('',#2,'mechanical');
#8470 = PRODUCT_DEFINITION_CONTEXT('part definition',#2,'design');
#8471 = CONTEXT_DEPENDENT_SHAPE_REPRESENTATION(#8472,#8474);
#8472 = ( REPRESENTATION_RELATIONSHIP('','',#8446,#10) 
REPRESENTATION_RELATIONSHIP_WITH_TRANSFORMATION(#8473) 
SHAPE_REPRESENTATION_RELATIONSHIP() );
#8473 = ITEM_DEFINED_TRANSFORMATION('','',#11,#955);
#8474 = PRODUCT_DEFINITION_SHAPE('Placement','Placement of an item',
  #8475);
#8475 = NEXT_ASSEMBLY_USAGE_OCCURRENCE('236','=>[0:1:1:237]','',#5,#8466
  ,$);
#8476 = PRODUCT_RELATED_PRODUCT_CATEGORY('part',$,(#8468));
#8477 = ADVANCED_BREP_SHAPE_REPRESENTATION('',(#11,#8478),#8490);
#8478 = MANIFOLD_SOLID_BREP('',#8479);
#8479 = CLOSED_SHELL('',(#8480));
#8480 = ADVANCED_FACE('',(#8481),#8485,.T.);
#8481 = FACE_BOUND('',#8482,.T.);
#8482 = VERTEX_LOOP('',#8483);
#8483 = VERTEX_POINT('',#8484);
#8484 = CARTESIAN_POINT('',(1.071565949254E-17,-2.624579619658E-33,
    -0.175));
#8485 = SPHERICAL_SURFACE('',#8486,0.175);
#8486 = AXIS2_PLACEMENT_3D('',#8487,#8488,#8489);
#8487 = CARTESIAN_POINT('',(0.,0.,0.));
#8488 = DIRECTION('',(0.,0.,1.));
#8489 = DIRECTION('',(1.,0.,-0.));
#8490 = ( GEOMETRIC_REPRESENTATION_CONTEXT(3) 
GLOBAL_UNCERTAINTY_ASSIGNED_CONTEXT((#8494)) 
GLOBAL_UNIT_ASSIGNED_CONTEXT((#8491,#8492,#8493)) REPRESENTATION_CONTEXT
('Context #1','3D Context with UNIT and UNCERTAINTY') );
#8491 = ( LENGTH_UNIT() NAMED_UNIT(*) SI_UNIT(.MILLI.,.METRE.) );
#8492 = ( NAMED_UNIT(*) PLANE_ANGLE_UNIT() SI_UNIT($,.RADIAN.) );
#8493 = ( NAMED_UNIT(*) SI_UNIT($,.STERADIAN.) SOLID_ANGLE_UNIT() );
#8494 = UNCERTAINTY_MEASURE_WITH_UNIT(LENGTH_MEASURE(1.E-07),#8491,
  'distance_accuracy_value','confusion accuracy');
#8495 = SHAPE_DEFINITION_REPRESENTATION(#8496,#8477);
#8496 = PRODUCT_DEFINITION_SHAPE('','',#8497);
#8497 = PRODUCT_DEFINITION('design','',#8498,#8501);
#8498 = PRODUCT_DEFINITION_FORMATION('','',#8499);
#8499 = PRODUCT('T4','T4','',(#8500));
#8500 = PRODUCT_CONTEXT('',#2,'mechanical');
#8501 = PRODUCT_DEFINITION_CONTEXT('part definition',#2,'design');
#8502 = CONTEXT_DEPENDENT_SHAPE_REPRESENTATION(#8503,#8505);
#8503 = ( REPRESENTATION_RELATIONSHIP('','',#8477,#10) 
REPRESENTATION_RELATIONSHIP_WITH_TRANSFORMATION(#8504) 
SHAPE_REPRESENTATION_RELATIONSHIP() );
#8504 = ITEM_DEFINED_TRANSFORMATION('','',#11,#959);
#8505 = PRODUCT_DEFINITION_SHAPE('Placement','Placement of an item',
  #8506);
#8506 = NEXT_ASSEMBLY_USAGE_OCCURRENCE('237','=>[0:1:1:238]','',#5,#8497
  ,$);
#8507 = PRODUCT_RELATED_PRODUCT_CATEGORY('part',$,(#8499));
#8508 = ADVANCED_BREP_SHAPE_REPRESENTATION('',(#11,#8509),#8521);
#8509 = MANIFOLD_SOLID_BREP('',#8510);
#8510 = CLOSED_SHELL('',(#8511));
#8511 = ADVANCED_FACE('',(#8512),#8516,.T.);
#8512 = FACE_BOUND('',#8513,.T.);
#8513 = VERTEX_LOOP('',#8514);
#8514 = VERTEX_POINT('',#8515);
#8515 = CARTESIAN_POINT('',(1.071565949254E-17,-2.624579619658E-33,
    -0.175));
#8516 = SPHERICAL_SURFACE('',#8517,0.175);
#8517 = AXIS2_PLACEMENT_3D('',#8518,#8519,#8520);
#8518 = CARTESIAN_POINT('',(0.,0.,0.));
#8519 = DIRECTION('',(0.,0.,1.));
#8520 = DIRECTION('',(1.,0.,-0.));
#8521 = ( GEOMETRIC_REPRESENTATION_CONTEXT(3) 
GLOBAL_UNCERTAINTY_ASSIGNED_CONTEXT((#8525)) 
GLOBAL_UNIT_ASSIGNED_CONTEXT((#8522,#8523,#8524)) REPRESENTATION_CONTEXT
('Context #1','3D Context with UNIT and UNCERTAINTY') );
#8522 = ( LENGTH_UNIT() NAMED_UNIT(*) SI_UNIT(.MILLI.,.METRE.) );
#8523 = ( NAMED_UNIT(*) PLANE_ANGLE_UNIT() SI_UNIT($,.RADIAN.) );
#8524 = ( NAMED_UNIT(*) SI_UNIT($,.STERADIAN.) SOLID_ANGLE_UNIT() );
#8525 = UNCERTAINTY_MEASURE_WITH_UNIT(LENGTH_MEASURE(1.E-07),#8522,
  'distance_accuracy_value','confusion accuracy');
#8526 = SHAPE_DEFINITION_REPRESENTATION(#8527,#8508);
#8527 = PRODUCT_DEFINITION_SHAPE('','',#8528);
#8528 = PRODUCT_DEFINITION('design','',#8529,#8532);
#8529 = PRODUCT_DEFINITION_FORMATION('','',#8530);
#8530 = PRODUCT('T5','T5','',(#8531));
#8531 = PRODUCT_CONTEXT('',#2,'mechanical');
#8532 = PRODUCT_DEFINITION_CONTEXT('part definition',#2,'design');
#8533 = CONTEXT_DEPENDENT_SHAPE_REPRESENTATION(#8534,#8536);
#8534 = ( REPRESENTATION_RELATIONSHIP('','',#8508,#10) 
REPRESENTATION_RELATIONSHIP_WITH_TRANSFORMATION(#8535) 
SHAPE_REPRESENTATION_RELATIONSHIP() );
#8535 = ITEM_DEFINED_TRANSFORMATION('','',#11,#963);
#8536 = PRODUCT_DEFINITION_SHAPE('Placement','Placement of an item',
  #8537);
#8537 = NEXT_ASSEMBLY_USAGE_OCCURRENCE('238','=>[0:1:1:239]','',#5,#8528
  ,$);
#8538 = PRODUCT_RELATED_PRODUCT_CATEGORY('part',$,(#8530));
#8539 = ADVANCED_BREP_SHAPE_REPRESENTATION('',(#11,#8540),#8552);
#8540 = MANIFOLD_SOLID_BREP('',#8541);
#8541 = CLOSED_SHELL('',(#8542));
#8542 = ADVANCED_FACE('',(#8543),#8547,.T.);
#8543 = FACE_BOUND('',#8544,.T.);
#8544 = VERTEX_LOOP('',#8545);
#8545 = VERTEX_POINT('',#8546);
#8546 = CARTESIAN_POINT('',(1.071565949254E-17,-2.624579619658E-33,
    -0.175));
#8547 = SPHERICAL_SURFACE('',#8548,0.175);
#8548 = AXIS2_PLACEMENT_3D('',#8549,#8550,#8551);
#8549 = CARTESIAN_POINT('',(0.,0.,0.));
#8550 = DIRECTION('',(0.,0.,1.));
#8551 = DIRECTION('',(1.,0.,-0.));
#8552 = ( GEOMETRIC_REPRESENTATION_CONTEXT(3) 
GLOBAL_UNCERTAINTY_ASSIGNED_CONTEXT((#8556)) 
GLOBAL_UNIT_ASSIGNED_CONTEXT((#8553,#8554,#8555)) REPRESENTATION_CONTEXT
('Context #1','3D Context with UNIT and UNCERTAINTY') );
#8553 = ( LENGTH_UNIT() NAMED_UNIT(*) SI_UNIT(.MILLI.,.METRE.) );
#8554 = ( NAMED_UNIT(*) PLANE_ANGLE_UNIT() SI_UNIT($,.RADIAN.) );
#8555 = ( NAMED_UNIT(*) SI_UNIT($,.STERADIAN.) SOLID_ANGLE_UNIT() );
#8556 = UNCERTAINTY_MEASURE_WITH_UNIT(LENGTH_MEASURE(1.E-07),#8553,
  'distance_accuracy_value','confusion accuracy');
#8557 = SHAPE_DEFINITION_REPRESENTATION(#8558,#8539);
#8558 = PRODUCT_DEFINITION_SHAPE('','',#8559);
#8559 = PRODUCT_DEFINITION('design','',#8560,#8563);
#8560 = PRODUCT_DEFINITION_FORMATION('','',#8561);
#8561 = PRODUCT('T6','T6','',(#8562));
#8562 = PRODUCT_CONTEXT('',#2,'mechanical');
#8563 = PRODUCT_DEFINITION_CONTEXT('part definition',#2,'design');
#8564 = CONTEXT_DEPENDENT_SHAPE_REPRESENTATION(#8565,#8567);
#8565 = ( REPRESENTATION_RELATIONSHIP('','',#8539,#10) 
REPRESENTATION_RELATIONSHIP_WITH_TRANSFORMATION(#8566) 
SHAPE_REPRESENTATION_RELATIONSHIP() );
#8566 = ITEM_DEFINED_TRANSFORMATION('','',#11,#967);
#8567 = PRODUCT_DEFINITION_SHAPE('Placement','Placement of an item',
  #8568);
#8568 = NEXT_ASSEMBLY_USAGE_OCCURRENCE('239','=>[0:1:1:240]','',#5,#8559
  ,$);
#8569 = PRODUCT_RELATED_PRODUCT_CATEGORY('part',$,(#8561));
#8570 = ADVANCED_BREP_SHAPE_REPRESENTATION('',(#11,#8571),#8583);
#8571 = MANIFOLD_SOLID_BREP('',#8572);
#8572 = CLOSED_SHELL('',(#8573));
#8573 = ADVANCED_FACE('',(#8574),#8578,.T.);
#8574 = FACE_BOUND('',#8575,.T.);
#8575 = VERTEX_LOOP('',#8576);
#8576 = VERTEX_POINT('',#8577);
#8577 = CARTESIAN_POINT('',(1.071565949254E-17,-2.624579619658E-33,
    -0.175));
#8578 = SPHERICAL_SURFACE('',#8579,0.175);
#8579 = AXIS2_PLACEMENT_3D('',#8580,#8581,#8582);
#8580 = CARTESIAN_POINT('',(0.,0.,0.));
#8581 = DIRECTION('',(0.,0.,1.));
#8582 = DIRECTION('',(1.,0.,-0.));
#8583 = ( GEOMETRIC_REPRESENTATION_CONTEXT(3) 
GLOBAL_UNCERTAINTY_ASSIGNED_CONTEXT((#8587)) 
GLOBAL_UNIT_ASSIGNED_CONTEXT((#8584,#8585,#8586)) REPRESENTATION_CONTEXT
('Context #1','3D Context with UNIT and UNCERTAINTY') );
#8584 = ( LENGTH_UNIT() NAMED_UNIT(*) SI_UNIT(.MILLI.,.METRE.) );
#8585 = ( NAMED_UNIT(*) PLANE_ANGLE_UNIT() SI_UNIT($,.RADIAN.) );
#8586 = ( NAMED_UNIT(*) SI_UNIT($,.STERADIAN.) SOLID_ANGLE_UNIT() );
#8587 = UNCERTAINTY_MEASURE_WITH_UNIT(LENGTH_MEASURE(1.E-07),#8584,
  'distance_accuracy_value','confusion accuracy');
#8588 = SHAPE_DEFINITION_REPRESENTATION(#8589,#8570);
#8589 = PRODUCT_DEFINITION_SHAPE('','',#8590);
#8590 = PRODUCT_DEFINITION('design','',#8591,#8594);
#8591 = PRODUCT_DEFINITION_FORMATION('','',#8592);
#8592 = PRODUCT('T7','T7','',(#8593));
#8593 = PRODUCT_CONTEXT('',#2,'mechanical');
#8594 = PRODUCT_DEFINITION_CONTEXT('part definition',#2,'design');
#8595 = CONTEXT_DEPENDENT_SHAPE_REPRESENTATION(#8596,#8598);
#8596 = ( REPRESENTATION_RELATIONSHIP('','',#8570,#10) 
REPRESENTATION_RELATIONSHIP_WITH_TRANSFORMATION(#8597) 
SHAPE_REPRESENTATION_RELATIONSHIP() );
#8597 = ITEM_DEFINED_TRANSFORMATION('','',#11,#971);
#8598 = PRODUCT_DEFINITION_SHAPE('Placement','Placement of an item',
  #8599);
#8599 = NEXT_ASSEMBLY_USAGE_OCCURRENCE('240','=>[0:1:1:241]','',#5,#8590
  ,$);
#8600 = PRODUCT_RELATED_PRODUCT_CATEGORY('part',$,(#8592));
#8601 = ADVANCED_BREP_SHAPE_REPRESENTATION('',(#11,#8602),#8614);
#8602 = MANIFOLD_SOLID_BREP('',#8603);
#8603 = CLOSED_SHELL('',(#8604));
#8604 = ADVANCED_FACE('',(#8605),#8609,.T.);
#8605 = FACE_BOUND('',#8606,.T.);
#8606 = VERTEX_LOOP('',#8607);
#8607 = VERTEX_POINT('',#8608);
#8608 = CARTESIAN_POINT('',(1.071565949254E-17,-2.624579619658E-33,
    -0.175));
#8609 = SPHERICAL_SURFACE('',#8610,0.175);
#8610 = AXIS2_PLACEMENT_3D('',#8611,#8612,#8613);
#8611 = CARTESIAN_POINT('',(0.,0.,0.));
#8612 = DIRECTION('',(0.,0.,1.));
#8613 = DIRECTION('',(1.,0.,-0.));
#8614 = ( GEOMETRIC_REPRESENTATION_CONTEXT(3) 
GLOBAL_UNCERTAINTY_ASSIGNED_CONTEXT((#8618)) 
GLOBAL_UNIT_ASSIGNED_CONTEXT((#8615,#8616,#8617)) REPRESENTATION_CONTEXT
('Context #1','3D Context with UNIT and UNCERTAINTY') );
#8615 = ( LENGTH_UNIT() NAMED_UNIT(*) SI_UNIT(.MILLI.,.METRE.) );
#8616 = ( NAMED_UNIT(*) PLANE_ANGLE_UNIT() SI_UNIT($,.RADIAN.) );
#8617 = ( NAMED_UNIT(*) SI_UNIT($,.STERADIAN.) SOLID_ANGLE_UNIT() );
#8618 = UNCERTAINTY_MEASURE_WITH_UNIT(LENGTH_MEASURE(1.E-07),#8615,
  'distance_accuracy_value','confusion accuracy');
#8619 = SHAPE_DEFINITION_REPRESENTATION(#8620,#8601);
#8620 = PRODUCT_DEFINITION_SHAPE('','',#8621);
#8621 = PRODUCT_DEFINITION('design','',#8622,#8625);
#8622 = PRODUCT_DEFINITION_FORMATION('','',#8623);
#8623 = PRODUCT('T8','T8','',(#8624));
#8624 = PRODUCT_CONTEXT('',#2,'mechanical');
#8625 = PRODUCT_DEFINITION_CONTEXT('part definition',#2,'design');
#8626 = CONTEXT_DEPENDENT_SHAPE_REPRESENTATION(#8627,#8629);
#8627 = ( REPRESENTATION_RELATIONSHIP('','',#8601,#10) 
REPRESENTATION_RELATIONSHIP_WITH_TRANSFORMATION(#8628) 
SHAPE_REPRESENTATION_RELATIONSHIP() );
#8628 = ITEM_DEFINED_TRANSFORMATION('','',#11,#975);
#8629 = PRODUCT_DEFINITION_SHAPE('Placement','Placement of an item',
  #8630);
#8630 = NEXT_ASSEMBLY_USAGE_OCCURRENCE('241','=>[0:1:1:242]','',#5,#8621
  ,$);
#8631 = PRODUCT_RELATED_PRODUCT_CATEGORY('part',$,(#8623));
#8632 = ADVANCED_BREP_SHAPE_REPRESENTATION('',(#11,#8633),#8645);
#8633 = MANIFOLD_SOLID_BREP('',#8634);
#8634 = CLOSED_SHELL('',(#8635));
#8635 = ADVANCED_FACE('',(#8636),#8640,.T.);
#8636 = FACE_BOUND('',#8637,.T.);
#8637 = VERTEX_LOOP('',#8638);
#8638 = VERTEX_POINT('',#8639);
#8639 = CARTESIAN_POINT('',(1.071565949254E-17,-2.624579619658E-33,
    -0.175));
#8640 = SPHERICAL_SURFACE('',#8641,0.175);
#8641 = AXIS2_PLACEMENT_3D('',#8642,#8643,#8644);
#8642 = CARTESIAN_POINT('',(0.,0.,0.));
#8643 = DIRECTION('',(0.,0.,1.));
#8644 = DIRECTION('',(1.,0.,-0.));
#8645 = ( GEOMETRIC_REPRESENTATION_CONTEXT(3) 
GLOBAL_UNCERTAINTY_ASSIGNED_CONTEXT((#8649)) 
GLOBAL_UNIT_ASSIGNED_CONTEXT((#8646,#8647,#8648)) REPRESENTATION_CONTEXT
('Context #1','3D Context with UNIT and UNCERTAINTY') );
#8646 = ( LENGTH_UNIT() NAMED_UNIT(*) SI_UNIT(.MILLI.,.METRE.) );
#8647 = ( NAMED_UNIT(*) PLANE_ANGLE_UNIT() SI_UNIT($,.RADIAN.) );
#8648 = ( NAMED_UNIT(*) SI_UNIT($,.STERADIAN.) SOLID_ANGLE_UNIT() );
#8649 = UNCERTAINTY_MEASURE_WITH_UNIT(LENGTH_MEASURE(1.E-07),#8646,
  'distance_accuracy_value','confusion accuracy');
#8650 = SHAPE_DEFINITION_REPRESENTATION(#8651,#8632);
#8651 = PRODUCT_DEFINITION_SHAPE('','',#8652);
#8652 = PRODUCT_DEFINITION('design','',#8653,#8656);
#8653 = PRODUCT_DEFINITION_FORMATION('','',#8654);
#8654 = PRODUCT('T9','T9','',(#8655));
#8655 = PRODUCT_CONTEXT('',#2,'mechanical');
#8656 = PRODUCT_DEFINITION_CONTEXT('part definition',#2,'design');
#8657 = CONTEXT_DEPENDENT_SHAPE_REPRESENTATION(#8658,#8660);
#8658 = ( REPRESENTATION_RELATIONSHIP('','',#8632,#10) 
REPRESENTATION_RELATIONSHIP_WITH_TRANSFORMATION(#8659) 
SHAPE_REPRESENTATION_RELATIONSHIP() );
#8659 = ITEM_DEFINED_TRANSFORMATION('','',#11,#979);
#8660 = PRODUCT_DEFINITION_SHAPE('Placement','Placement of an item',
  #8661);
#8661 = NEXT_ASSEMBLY_USAGE_OCCURRENCE('242','=>[0:1:1:243]','',#5,#8652
  ,$);
#8662 = PRODUCT_RELATED_PRODUCT_CATEGORY('part',$,(#8654));
#8663 = ADVANCED_BREP_SHAPE_REPRESENTATION('',(#11,#8664),#8676);
#8664 = MANIFOLD_SOLID_BREP('',#8665);
#8665 = CLOSED_SHELL('',(#8666));
#8666 = ADVANCED_FACE('',(#8667),#8671,.T.);
#8667 = FACE_BOUND('',#8668,.T.);
#8668 = VERTEX_LOOP('',#8669);
#8669 = VERTEX_POINT('',#8670);
#8670 = CARTESIAN_POINT('',(1.071565949254E-17,-2.624579619658E-33,
    -0.175));
#8671 = SPHERICAL_SURFACE('',#8672,0.175);
#8672 = AXIS2_PLACEMENT_3D('',#8673,#8674,#8675);
#8673 = CARTESIAN_POINT('',(0.,0.,0.));
#8674 = DIRECTION('',(0.,0.,1.));
#8675 = DIRECTION('',(1.,0.,-0.));
#8676 = ( GEOMETRIC_REPRESENTATION_CONTEXT(3) 
GLOBAL_UNCERTAINTY_ASSIGNED_CONTEXT((#8680)) 
GLOBAL_UNIT_ASSIGNED_CONTEXT((#8677,#8678,#8679)) REPRESENTATION_CONTEXT
('Context #1','3D Context with UNIT and UNCERTAINTY') );
#8677 = ( LENGTH_UNIT() NAMED_UNIT(*) SI_UNIT(.MILLI.,.METRE.) );
#8678 = ( NAMED_UNIT(*) PLANE_ANGLE_UNIT() SI_UNIT($,.RADIAN.) );
#8679 = ( NAMED_UNIT(*) SI_UNIT($,.STERADIAN.) SOLID_ANGLE_UNIT() );
#8680 = UNCERTAINTY_MEASURE_WITH_UNIT(LENGTH_MEASURE(1.E-07),#8677,
  'distance_accuracy_value','confusion accuracy');
#8681 = SHAPE_DEFINITION_REPRESENTATION(#8682,#8663);
#8682 = PRODUCT_DEFINITION_SHAPE('','',#8683);
#8683 = PRODUCT_DEFINITION('design','',#8684,#8687);
#8684 = PRODUCT_DEFINITION_FORMATION('','',#8685);
#8685 = PRODUCT('T10','T10','',(#8686));
#8686 = PRODUCT_CONTEXT('',#2,'mechanical');
#8687 = PRODUCT_DEFINITION_CONTEXT('part definition',#2,'design');
#8688 = CONTEXT_DEPENDENT_SHAPE_REPRESENTATION(#8689,#8691);
#8689 = ( REPRESENTATION_RELATIONSHIP('','',#8663,#10) 
REPRESENTATION_RELATIONSHIP_WITH_TRANSFORMATION(#8690) 
SHAPE_REPRESENTATION_RELATIONSHIP() );
#8690 = ITEM_DEFINED_TRANSFORMATION('','',#11,#983);
#8691 = PRODUCT_DEFINITION_SHAPE('Placement','Placement of an item',
  #8692);
#8692 = NEXT_ASSEMBLY_USAGE_OCCURRENCE('243','=>[0:1:1:244]','',#5,#8683
  ,$);
#8693 = PRODUCT_RELATED_PRODUCT_CATEGORY('part',$,(#8685));
#8694 = ADVANCED_BREP_SHAPE_REPRESENTATION('',(#11,#8695),#8707);
#8695 = MANIFOLD_SOLID_BREP('',#8696);
#8696 = CLOSED_SHELL('',(#8697));
#8697 = ADVANCED_FACE('',(#8698),#8702,.T.);
#8698 = FACE_BOUND('',#8699,.T.);
#8699 = VERTEX_LOOP('',#8700);
#8700 = VERTEX_POINT('',#8701);
#8701 = CARTESIAN_POINT('',(1.071565949254E-17,-2.624579619658E-33,
    -0.175));
#8702 = SPHERICAL_SURFACE('',#8703,0.175);
#8703 = AXIS2_PLACEMENT_3D('',#8704,#8705,#8706);
#8704 = CARTESIAN_POINT('',(0.,0.,0.));
#8705 = DIRECTION('',(0.,0.,1.));
#8706 = DIRECTION('',(1.,0.,-0.));
#8707 = ( GEOMETRIC_REPRESENTATION_CONTEXT(3) 
GLOBAL_UNCERTAINTY_ASSIGNED_CONTEXT((#8711)) 
GLOBAL_UNIT_ASSIGNED_CONTEXT((#8708,#8709,#8710)) REPRESENTATION_CONTEXT
('Context #1','3D Context with UNIT and UNCERTAINTY') );
#8708 = ( LENGTH_UNIT() NAMED_UNIT(*) SI_UNIT(.MILLI.,.METRE.) );
#8709 = ( NAMED_UNIT(*) PLANE_ANGLE_UNIT() SI_UNIT($,.RADIAN.) );
#8710 = ( NAMED_UNIT(*) SI_UNIT($,.STERADIAN.) SOLID_ANGLE_UNIT() );
#8711 = UNCERTAINTY_MEASURE_WITH_UNIT(LENGTH_MEASURE(1.E-07),#8708,
  'distance_accuracy_value','confusion accuracy');
#8712 = SHAPE_DEFINITION_REPRESENTATION(#8713,#8694);
#8713 = PRODUCT_DEFINITION_SHAPE('','',#8714);
#8714 = PRODUCT_DEFINITION('design','',#8715,#8718);
#8715 = PRODUCT_DEFINITION_FORMATION('','',#8716);
#8716 = PRODUCT('T11','T11','',(#8717));
#8717 = PRODUCT_CONTEXT('',#2,'mechanical');
#8718 = PRODUCT_DEFINITION_CONTEXT('part definition',#2,'design');
#8719 = CONTEXT_DEPENDENT_SHAPE_REPRESENTATION(#8720,#8722);
#8720 = ( REPRESENTATION_RELATIONSHIP('','',#8694,#10) 
REPRESENTATION_RELATIONSHIP_WITH_TRANSFORMATION(#8721) 
SHAPE_REPRESENTATION_RELATIONSHIP() );
#8721 = ITEM_DEFINED_TRANSFORMATION('','',#11,#987);
#8722 = PRODUCT_DEFINITION_SHAPE('Placement','Placement of an item',
  #8723);
#8723 = NEXT_ASSEMBLY_USAGE_OCCURRENCE('244','=>[0:1:1:245]','',#5,#8714
  ,$);
#8724 = PRODUCT_RELATED_PRODUCT_CATEGORY('part',$,(#8716));
#8725 = ADVANCED_BREP_SHAPE_REPRESENTATION('',(#11,#8726),#8738);
#8726 = MANIFOLD_SOLID_BREP('',#8727);
#8727 = CLOSED_SHELL('',(#8728));
#8728 = ADVANCED_FACE('',(#8729),#8733,.T.);
#8729 = FACE_BOUND('',#8730,.T.);
#8730 = VERTEX_LOOP('',#8731);
#8731 = VERTEX_POINT('',#8732);
#8732 = CARTESIAN_POINT('',(1.071565949254E-17,-2.624579619658E-33,
    -0.175));
#8733 = SPHERICAL_SURFACE('',#8734,0.175);
#8734 = AXIS2_PLACEMENT_3D('',#8735,#8736,#8737);
#8735 = CARTESIAN_POINT('',(0.,0.,0.));
#8736 = DIRECTION('',(0.,0.,1.));
#8737 = DIRECTION('',(1.,0.,-0.));
#8738 = ( GEOMETRIC_REPRESENTATION_CONTEXT(3) 
GLOBAL_UNCERTAINTY_ASSIGNED_CONTEXT((#8742)) 
GLOBAL_UNIT_ASSIGNED_CONTEXT((#8739,#8740,#8741)) REPRESENTATION_CONTEXT
('Context #1','3D Context with UNIT and UNCERTAINTY') );
#8739 = ( LENGTH_UNIT() NAMED_UNIT(*) SI_UNIT(.MILLI.,.METRE.) );
#8740 = ( NAMED_UNIT(*) PLANE_ANGLE_UNIT() SI_UNIT($,.RADIAN.) );
#8741 = ( NAMED_UNIT(*) SI_UNIT($,.STERADIAN.) SOLID_ANGLE_UNIT() );
#8742 = UNCERTAINTY_MEASURE_WITH_UNIT(LENGTH_MEASURE(1.E-07),#8739,
  'distance_accuracy_value','confusion accuracy');
#8743 = SHAPE_DEFINITION_REPRESENTATION(#8744,#8725);
#8744 = PRODUCT_DEFINITION_SHAPE('','',#8745);
#8745 = PRODUCT_DEFINITION('design','',#8746,#8749);
#8746 = PRODUCT_DEFINITION_FORMATION('','',#8747);
#8747 = PRODUCT('T12','T12','',(#8748));
#8748 = PRODUCT_CONTEXT('',#2,'mechanical');
#8749 = PRODUCT_DEFINITION_CONTEXT('part definition',#2,'design');
#8750 = CONTEXT_DEPENDENT_SHAPE_REPRESENTATION(#8751,#8753);
#8751 = ( REPRESENTATION_RELATIONSHIP('','',#8725,#10) 
REPRESENTATION_RELATIONSHIP_WITH_TRANSFORMATION(#8752) 
SHAPE_REPRESENTATION_RELATIONSHIP() );
#8752 = ITEM_DEFINED_TRANSFORMATION('','',#11,#991);
#8753 = PRODUCT_DEFINITION_SHAPE('Placement','Placement of an item',
  #8754);
#8754 = NEXT_ASSEMBLY_USAGE_OCCURRENCE('245','=>[0:1:1:246]','',#5,#8745
  ,$);
#8755 = PRODUCT_RELATED_PRODUCT_CATEGORY('part',$,(#8747));
#8756 = ADVANCED_BREP_SHAPE_REPRESENTATION('',(#11,#8757),#8769);
#8757 = MANIFOLD_SOLID_BREP('',#8758);
#8758 = CLOSED_SHELL('',(#8759));
#8759 = ADVANCED_FACE('',(#8760),#8764,.T.);
#8760 = FACE_BOUND('',#8761,.T.);
#8761 = VERTEX_LOOP('',#8762);
#8762 = VERTEX_POINT('',#8763);
#8763 = CARTESIAN_POINT('',(1.071565949254E-17,-2.624579619658E-33,
    -0.175));
#8764 = SPHERICAL_SURFACE('',#8765,0.175);
#8765 = AXIS2_PLACEMENT_3D('',#8766,#8767,#8768);
#8766 = CARTESIAN_POINT('',(0.,0.,0.));
#8767 = DIRECTION('',(0.,0.,1.));
#8768 = DIRECTION('',(1.,0.,-0.));
#8769 = ( GEOMETRIC_REPRESENTATION_CONTEXT(3) 
GLOBAL_UNCERTAINTY_ASSIGNED_CONTEXT((#8773)) 
GLOBAL_UNIT_ASSIGNED_CONTEXT((#8770,#8771,#8772)) REPRESENTATION_CONTEXT
('Context #1','3D Context with UNIT and UNCERTAINTY') );
#8770 = ( LENGTH_UNIT() NAMED_UNIT(*) SI_UNIT(.MILLI.,.METRE.) );
#8771 = ( NAMED_UNIT(*) PLANE_ANGLE_UNIT() SI_UNIT($,.RADIAN.) );
#8772 = ( NAMED_UNIT(*) SI_UNIT($,.STERADIAN.) SOLID_ANGLE_UNIT() );
#8773 = UNCERTAINTY_MEASURE_WITH_UNIT(LENGTH_MEASURE(1.E-07),#8770,
  'distance_accuracy_value','confusion accuracy');
#8774 = SHAPE_DEFINITION_REPRESENTATION(#8775,#8756);
#8775 = PRODUCT_DEFINITION_SHAPE('','',#8776);
#8776 = PRODUCT_DEFINITION('design','',#8777,#8780);
#8777 = PRODUCT_DEFINITION_FORMATION('','',#8778);
#8778 = PRODUCT('T14','T14','',(#8779));
#8779 = PRODUCT_CONTEXT('',#2,'mechanical');
#8780 = PRODUCT_DEFINITION_CONTEXT('part definition',#2,'design');
#8781 = CONTEXT_DEPENDENT_SHAPE_REPRESENTATION(#8782,#8784);
#8782 = ( REPRESENTATION_RELATIONSHIP('','',#8756,#10) 
REPRESENTATION_RELATIONSHIP_WITH_TRANSFORMATION(#8783) 
SHAPE_REPRESENTATION_RELATIONSHIP() );
#8783 = ITEM_DEFINED_TRANSFORMATION('','',#11,#995);
#8784 = PRODUCT_DEFINITION_SHAPE('Placement','Placement of an item',
  #8785);
#8785 = NEXT_ASSEMBLY_USAGE_OCCURRENCE('246','=>[0:1:1:247]','',#5,#8776
  ,$);
#8786 = PRODUCT_RELATED_PRODUCT_CATEGORY('part',$,(#8778));
#8787 = ADVANCED_BREP_SHAPE_REPRESENTATION('',(#11,#8788),#8800);
#8788 = MANIFOLD_SOLID_BREP('',#8789);
#8789 = CLOSED_SHELL('',(#8790));
#8790 = ADVANCED_FACE('',(#8791),#8795,.T.);
#8791 = FACE_BOUND('',#8792,.T.);
#8792 = VERTEX_LOOP('',#8793);
#8793 = VERTEX_POINT('',#8794);
#8794 = CARTESIAN_POINT('',(1.071565949254E-17,-2.624579619658E-33,
    -0.175));
#8795 = SPHERICAL_SURFACE('',#8796,0.175);
#8796 = AXIS2_PLACEMENT_3D('',#8797,#8798,#8799);
#8797 = CARTESIAN_POINT('',(0.,0.,0.));
#8798 = DIRECTION('',(0.,0.,1.));
#8799 = DIRECTION('',(1.,0.,-0.));
#8800 = ( GEOMETRIC_REPRESENTATION_CONTEXT(3) 
GLOBAL_UNCERTAINTY_ASSIGNED_CONTEXT((#8804)) 
GLOBAL_UNIT_ASSIGNED_CONTEXT((#8801,#8802,#8803)) REPRESENTATION_CONTEXT
('Context #1','3D Context with UNIT and UNCERTAINTY') );
#8801 = ( LENGTH_UNIT() NAMED_UNIT(*) SI_UNIT(.MILLI.,.METRE.) );
#8802 = ( NAMED_UNIT(*) PLANE_ANGLE_UNIT() SI_UNIT($,.RADIAN.) );
#8803 = ( NAMED_UNIT(*) SI_UNIT($,.STERADIAN.) SOLID_ANGLE_UNIT() );
#8804 = UNCERTAINTY_MEASURE_WITH_UNIT(LENGTH_MEASURE(1.E-07),#8801,
  'distance_accuracy_value','confusion accuracy');
#8805 = SHAPE_DEFINITION_REPRESENTATION(#8806,#8787);
#8806 = PRODUCT_DEFINITION_SHAPE('','',#8807);
#8807 = PRODUCT_DEFINITION('design','',#8808,#8811);
#8808 = PRODUCT_DEFINITION_FORMATION('','',#8809);
#8809 = PRODUCT('T15','T15','',(#8810));
#8810 = PRODUCT_CONTEXT('',#2,'mechanical');
#8811 = PRODUCT_DEFINITION_CONTEXT('part definition',#2,'design');
#8812 = CONTEXT_DEPENDENT_SHAPE_REPRESENTATION(#8813,#8815);
#8813 = ( REPRESENTATION_RELATIONSHIP('','',#8787,#10) 
REPRESENTATION_RELATIONSHIP_WITH_TRANSFORMATION(#8814) 
SHAPE_REPRESENTATION_RELATIONSHIP() );
#8814 = ITEM_DEFINED_TRANSFORMATION('','',#11,#999);
#8815 = PRODUCT_DEFINITION_SHAPE('Placement','Placement of an item',
  #8816);
#8816 = NEXT_ASSEMBLY_USAGE_OCCURRENCE('247','=>[0:1:1:248]','',#5,#8807
  ,$);
#8817 = PRODUCT_RELATED_PRODUCT_CATEGORY('part',$,(#8809));
#8818 = ADVANCED_BREP_SHAPE_REPRESENTATION('',(#11,#8819),#8831);
#8819 = MANIFOLD_SOLID_BREP('',#8820);
#8820 = CLOSED_SHELL('',(#8821));
#8821 = ADVANCED_FACE('',(#8822),#8826,.T.);
#8822 = FACE_BOUND('',#8823,.T.);
#8823 = VERTEX_LOOP('',#8824);
#8824 = VERTEX_POINT('',#8825);
#8825 = CARTESIAN_POINT('',(1.071565949254E-17,-2.624579619658E-33,
    -0.175));
#8826 = SPHERICAL_SURFACE('',#8827,0.175);
#8827 = AXIS2_PLACEMENT_3D('',#8828,#8829,#8830);
#8828 = CARTESIAN_POINT('',(0.,0.,0.));
#8829 = DIRECTION('',(0.,0.,1.));
#8830 = DIRECTION('',(1.,0.,-0.));
#8831 = ( GEOMETRIC_REPRESENTATION_CONTEXT(3) 
GLOBAL_UNCERTAINTY_ASSIGNED_CONTEXT((#8835)) 
GLOBAL_UNIT_ASSIGNED_CONTEXT((#8832,#8833,#8834)) REPRESENTATION_CONTEXT
('Context #1','3D Context with UNIT and UNCERTAINTY') );
#8832 = ( LENGTH_UNIT() NAMED_UNIT(*) SI_UNIT(.MILLI.,.METRE.) );
#8833 = ( NAMED_UNIT(*) PLANE_ANGLE_UNIT() SI_UNIT($,.RADIAN.) );
#8834 = ( NAMED_UNIT(*) SI_UNIT($,.STERADIAN.) SOLID_ANGLE_UNIT() );
#8835 = UNCERTAINTY_MEASURE_WITH_UNIT(LENGTH_MEASURE(1.E-07),#8832,
  'distance_accuracy_value','confusion accuracy');
#8836 = SHAPE_DEFINITION_REPRESENTATION(#8837,#8818);
#8837 = PRODUCT_DEFINITION_SHAPE('','',#8838);
#8838 = PRODUCT_DEFINITION('design','',#8839,#8842);
#8839 = PRODUCT_DEFINITION_FORMATION('','',#8840);
#8840 = PRODUCT('T16','T16','',(#8841));
#8841 = PRODUCT_CONTEXT('',#2,'mechanical');
#8842 = PRODUCT_DEFINITION_CONTEXT('part definition',#2,'design');
#8843 = CONTEXT_DEPENDENT_SHAPE_REPRESENTATION(#8844,#8846);
#8844 = ( REPRESENTATION_RELATIONSHIP('','',#8818,#10) 
REPRESENTATION_RELATIONSHIP_WITH_TRANSFORMATION(#8845) 
SHAPE_REPRESENTATION_RELATIONSHIP() );
#8845 = ITEM_DEFINED_TRANSFORMATION('','',#11,#1003);
#8846 = PRODUCT_DEFINITION_SHAPE('Placement','Placement of an item',
  #8847);
#8847 = NEXT_ASSEMBLY_USAGE_OCCURRENCE('248','=>[0:1:1:249]','',#5,#8838
  ,$);
#8848 = PRODUCT_RELATED_PRODUCT_CATEGORY('part',$,(#8840));
#8849 = ADVANCED_BREP_SHAPE_REPRESENTATION('',(#11,#8850),#8862);
#8850 = MANIFOLD_SOLID_BREP('',#8851);
#8851 = CLOSED_SHELL('',(#8852));
#8852 = ADVANCED_FACE('',(#8853),#8857,.T.);
#8853 = FACE_BOUND('',#8854,.T.);
#8854 = VERTEX_LOOP('',#8855);
#8855 = VERTEX_POINT('',#8856);
#8856 = CARTESIAN_POINT('',(1.071565949254E-17,-2.624579619658E-33,
    -0.175));
#8857 = SPHERICAL_SURFACE('',#8858,0.175);
#8858 = AXIS2_PLACEMENT_3D('',#8859,#8860,#8861);
#8859 = CARTESIAN_POINT('',(0.,0.,0.));
#8860 = DIRECTION('',(0.,0.,1.));
#8861 = DIRECTION('',(1.,0.,-0.));
#8862 = ( GEOMETRIC_REPRESENTATION_CONTEXT(3) 
GLOBAL_UNCERTAINTY_ASSIGNED_CONTEXT((#8866)) 
GLOBAL_UNIT_ASSIGNED_CONTEXT((#8863,#8864,#8865)) REPRESENTATION_CONTEXT
('Context #1','3D Context with UNIT and UNCERTAINTY') );
#8863 = ( LENGTH_UNIT() NAMED_UNIT(*) SI_UNIT(.MILLI.,.METRE.) );
#8864 = ( NAMED_UNIT(*) PLANE_ANGLE_UNIT() SI_UNIT($,.RADIAN.) );
#8865 = ( NAMED_UNIT(*) SI_UNIT($,.STERADIAN.) SOLID_ANGLE_UNIT() );
#8866 = UNCERTAINTY_MEASURE_WITH_UNIT(LENGTH_MEASURE(1.E-07),#8863,
  'distance_accuracy_value','confusion accuracy');
#8867 = SHAPE_DEFINITION_REPRESENTATION(#8868,#8849);
#8868 = PRODUCT_DEFINITION_SHAPE('','',#8869);
#8869 = PRODUCT_DEFINITION('design','',#8870,#8873);
#8870 = PRODUCT_DEFINITION_FORMATION('','',#8871);
#8871 = PRODUCT('T17','T17','',(#8872));
#8872 = PRODUCT_CONTEXT('',#2,'mechanical');
#8873 = PRODUCT_DEFINITION_CONTEXT('part definition',#2,'design');
#8874 = CONTEXT_DEPENDENT_SHAPE_REPRESENTATION(#8875,#8877);
#8875 = ( REPRESENTATION_RELATIONSHIP('','',#8849,#10) 
REPRESENTATION_RELATIONSHIP_WITH_TRANSFORMATION(#8876) 
SHAPE_REPRESENTATION_RELATIONSHIP() );
#8876 = ITEM_DEFINED_TRANSFORMATION('','',#11,#1007);
#8877 = PRODUCT_DEFINITION_SHAPE('Placement','Placement of an item',
  #8878);
#8878 = NEXT_ASSEMBLY_USAGE_OCCURRENCE('249','=>[0:1:1:250]','',#5,#8869
  ,$);
#8879 = PRODUCT_RELATED_PRODUCT_CATEGORY('part',$,(#8871));
#8880 = ADVANCED_BREP_SHAPE_REPRESENTATION('',(#11,#8881),#8893);
#8881 = MANIFOLD_SOLID_BREP('',#8882);
#8882 = CLOSED_SHELL('',(#8883));
#8883 = ADVANCED_FACE('',(#8884),#8888,.T.);
#8884 = FACE_BOUND('',#8885,.T.);
#8885 = VERTEX_LOOP('',#8886);
#8886 = VERTEX_POINT('',#8887);
#8887 = CARTESIAN_POINT('',(1.071565949254E-17,-2.624579619658E-33,
    -0.175));
#8888 = SPHERICAL_SURFACE('',#8889,0.175);
#8889 = AXIS2_PLACEMENT_3D('',#8890,#8891,#8892);
#8890 = CARTESIAN_POINT('',(0.,0.,0.));
#8891 = DIRECTION('',(0.,0.,1.));
#8892 = DIRECTION('',(1.,0.,-0.));
#8893 = ( GEOMETRIC_REPRESENTATION_CONTEXT(3) 
GLOBAL_UNCERTAINTY_ASSIGNED_CONTEXT((#8897)) 
GLOBAL_UNIT_ASSIGNED_CONTEXT((#8894,#8895,#8896)) REPRESENTATION_CONTEXT
('Context #1','3D Context with UNIT and UNCERTAINTY') );
#8894 = ( LENGTH_UNIT() NAMED_UNIT(*) SI_UNIT(.MILLI.,.METRE.) );
#8895 = ( NAMED_UNIT(*) PLANE_ANGLE_UNIT() SI_UNIT($,.RADIAN.) );
#8896 = ( NAMED_UNIT(*) SI_UNIT($,.STERADIAN.) SOLID_ANGLE_UNIT() );
#8897 = UNCERTAINTY_MEASURE_WITH_UNIT(LENGTH_MEASURE(1.E-07),#8894,
  'distance_accuracy_value','confusion accuracy');
#8898 = SHAPE_DEFINITION_REPRESENTATION(#8899,#8880);
#8899 = PRODUCT_DEFINITION_SHAPE('','',#8900);
#8900 = PRODUCT_DEFINITION('design','',#8901,#8904);
#8901 = PRODUCT_DEFINITION_FORMATION('','',#8902);
#8902 = PRODUCT('T18','T18','',(#8903));
#8903 = PRODUCT_CONTEXT('',#2,'mechanical');
#8904 = PRODUCT_DEFINITION_CONTEXT('part definition',#2,'design');
#8905 = CONTEXT_DEPENDENT_SHAPE_REPRESENTATION(#8906,#8908);
#8906 = ( REPRESENTATION_RELATIONSHIP('','',#8880,#10) 
REPRESENTATION_RELATIONSHIP_WITH_TRANSFORMATION(#8907) 
SHAPE_REPRESENTATION_RELATIONSHIP() );
#8907 = ITEM_DEFINED_TRANSFORMATION('','',#11,#1011);
#8908 = PRODUCT_DEFINITION_SHAPE('Placement','Placement of an item',
  #8909);
#8909 = NEXT_ASSEMBLY_USAGE_OCCURRENCE('250','=>[0:1:1:251]','',#5,#8900
  ,$);
#8910 = PRODUCT_RELATED_PRODUCT_CATEGORY('part',$,(#8902));
#8911 = ADVANCED_BREP_SHAPE_REPRESENTATION('',(#11,#8912),#8924);
#8912 = MANIFOLD_SOLID_BREP('',#8913);
#8913 = CLOSED_SHELL('',(#8914));
#8914 = ADVANCED_FACE('',(#8915),#8919,.T.);
#8915 = FACE_BOUND('',#8916,.T.);
#8916 = VERTEX_LOOP('',#8917);
#8917 = VERTEX_POINT('',#8918);
#8918 = CARTESIAN_POINT('',(1.071565949254E-17,-2.624579619658E-33,
    -0.175));
#8919 = SPHERICAL_SURFACE('',#8920,0.175);
#8920 = AXIS2_PLACEMENT_3D('',#8921,#8922,#8923);
#8921 = CARTESIAN_POINT('',(0.,0.,0.));
#8922 = DIRECTION('',(0.,0.,1.));
#8923 = DIRECTION('',(1.,0.,-0.));
#8924 = ( GEOMETRIC_REPRESENTATION_CONTEXT(3) 
GLOBAL_UNCERTAINTY_ASSIGNED_CONTEXT((#8928)) 
GLOBAL_UNIT_ASSIGNED_CONTEXT((#8925,#8926,#8927)) REPRESENTATION_CONTEXT
('Context #1','3D Context with UNIT and UNCERTAINTY') );
#8925 = ( LENGTH_UNIT() NAMED_UNIT(*) SI_UNIT(.MILLI.,.METRE.) );
#8926 = ( NAMED_UNIT(*) PLANE_ANGLE_UNIT() SI_UNIT($,.RADIAN.) );
#8927 = ( NAMED_UNIT(*) SI_UNIT($,.STERADIAN.) SOLID_ANGLE_UNIT() );
#8928 = UNCERTAINTY_MEASURE_WITH_UNIT(LENGTH_MEASURE(1.E-07),#8925,
  'distance_accuracy_value','confusion accuracy');
#8929 = SHAPE_DEFINITION_REPRESENTATION(#8930,#8911);
#8930 = PRODUCT_DEFINITION_SHAPE('','',#8931);
#8931 = PRODUCT_DEFINITION('design','',#8932,#8935);
#8932 = PRODUCT_DEFINITION_FORMATION('','',#8933);
#8933 = PRODUCT('T20','T20','',(#8934));
#8934 = PRODUCT_CONTEXT('',#2,'mechanical');
#8935 = PRODUCT_DEFINITION_CONTEXT('part definition',#2,'design');
#8936 = CONTEXT_DEPENDENT_SHAPE_REPRESENTATION(#8937,#8939);
#8937 = ( REPRESENTATION_RELATIONSHIP('','',#8911,#10) 
REPRESENTATION_RELATIONSHIP_WITH_TRANSFORMATION(#8938) 
SHAPE_REPRESENTATION_RELATIONSHIP() );
#8938 = ITEM_DEFINED_TRANSFORMATION('','',#11,#1015);
#8939 = PRODUCT_DEFINITION_SHAPE('Placement','Placement of an item',
  #8940);
#8940 = NEXT_ASSEMBLY_USAGE_OCCURRENCE('251','=>[0:1:1:252]','',#5,#8931
  ,$);
#8941 = PRODUCT_RELATED_PRODUCT_CATEGORY('part',$,(#8933));
#8942 = ADVANCED_BREP_SHAPE_REPRESENTATION('',(#11,#8943),#8955);
#8943 = MANIFOLD_SOLID_BREP('',#8944);
#8944 = CLOSED_SHELL('',(#8945));
#8945 = ADVANCED_FACE('',(#8946),#8950,.T.);
#8946 = FACE_BOUND('',#8947,.T.);
#8947 = VERTEX_LOOP('',#8948);
#8948 = VERTEX_POINT('',#8949);
#8949 = CARTESIAN_POINT('',(1.071565949254E-17,-2.624579619658E-33,
    -0.175));
#8950 = SPHERICAL_SURFACE('',#8951,0.175);
#8951 = AXIS2_PLACEMENT_3D('',#8952,#8953,#8954);
#8952 = CARTESIAN_POINT('',(0.,0.,0.));
#8953 = DIRECTION('',(0.,0.,1.));
#8954 = DIRECTION('',(1.,0.,-0.));
#8955 = ( GEOMETRIC_REPRESENTATION_CONTEXT(3) 
GLOBAL_UNCERTAINTY_ASSIGNED_CONTEXT((#8959)) 
GLOBAL_UNIT_ASSIGNED_CONTEXT((#8956,#8957,#8958)) REPRESENTATION_CONTEXT
('Context #1','3D Context with UNIT and UNCERTAINTY') );
#8956 = ( LENGTH_UNIT() NAMED_UNIT(*) SI_UNIT(.MILLI.,.METRE.) );
#8957 = ( NAMED_UNIT(*) PLANE_ANGLE_UNIT() SI_UNIT($,.RADIAN.) );
#8958 = ( NAMED_UNIT(*) SI_UNIT($,.STERADIAN.) SOLID_ANGLE_UNIT() );
#8959 = UNCERTAINTY_MEASURE_WITH_UNIT(LENGTH_MEASURE(1.E-07),#8956,
  'distance_accuracy_value','confusion accuracy');
#8960 = SHAPE_DEFINITION_REPRESENTATION(#8961,#8942);
#8961 = PRODUCT_DEFINITION_SHAPE('','',#8962);
#8962 = PRODUCT_DEFINITION('design','',#8963,#8966);
#8963 = PRODUCT_DEFINITION_FORMATION('','',#8964);
#8964 = PRODUCT('T21','T21','',(#8965));
#8965 = PRODUCT_CONTEXT('',#2,'mechanical');
#8966 = PRODUCT_DEFINITION_CONTEXT('part definition',#2,'design');
#8967 = CONTEXT_DEPENDENT_SHAPE_REPRESENTATION(#8968,#8970);
#8968 = ( REPRESENTATION_RELATIONSHIP('','',#8942,#10) 
REPRESENTATION_RELATIONSHIP_WITH_TRANSFORMATION(#8969) 
SHAPE_REPRESENTATION_RELATIONSHIP() );
#8969 = ITEM_DEFINED_TRANSFORMATION('','',#11,#1019);
#8970 = PRODUCT_DEFINITION_SHAPE('Placement','Placement of an item',
  #8971);
#8971 = NEXT_ASSEMBLY_USAGE_OCCURRENCE('252','=>[0:1:1:253]','',#5,#8962
  ,$);
#8972 = PRODUCT_RELATED_PRODUCT_CATEGORY('part',$,(#8964));
#8973 = ADVANCED_BREP_SHAPE_REPRESENTATION('',(#11,#8974),#8986);
#8974 = MANIFOLD_SOLID_BREP('',#8975);
#8975 = CLOSED_SHELL('',(#8976));
#8976 = ADVANCED_FACE('',(#8977),#8981,.T.);
#8977 = FACE_BOUND('',#8978,.T.);
#8978 = VERTEX_LOOP('',#8979);
#8979 = VERTEX_POINT('',#8980);
#8980 = CARTESIAN_POINT('',(1.071565949254E-17,-2.624579619658E-33,
    -0.175));
#8981 = SPHERICAL_SURFACE('',#8982,0.175);
#8982 = AXIS2_PLACEMENT_3D('',#8983,#8984,#8985);
#8983 = CARTESIAN_POINT('',(0.,0.,0.));
#8984 = DIRECTION('',(0.,0.,1.));
#8985 = DIRECTION('',(1.,0.,-0.));
#8986 = ( GEOMETRIC_REPRESENTATION_CONTEXT(3) 
GLOBAL_UNCERTAINTY_ASSIGNED_CONTEXT((#8990)) 
GLOBAL_UNIT_ASSIGNED_CONTEXT((#8987,#8988,#8989)) REPRESENTATION_CONTEXT
('Context #1','3D Context with UNIT and UNCERTAINTY') );
#8987 = ( LENGTH_UNIT() NAMED_UNIT(*) SI_UNIT(.MILLI.,.METRE.) );
#8988 = ( NAMED_UNIT(*) PLANE_ANGLE_UNIT() SI_UNIT($,.RADIAN.) );
#8989 = ( NAMED_UNIT(*) SI_UNIT($,.STERADIAN.) SOLID_ANGLE_UNIT() );
#8990 = UNCERTAINTY_MEASURE_WITH_UNIT(LENGTH_MEASURE(1.E-07),#8987,
  'distance_accuracy_value','confusion accuracy');
#8991 = SHAPE_DEFINITION_REPRESENTATION(#8992,#8973);
#8992 = PRODUCT_DEFINITION_SHAPE('','',#8993);
#8993 = PRODUCT_DEFINITION('design','',#8994,#8997);
#8994 = PRODUCT_DEFINITION_FORMATION('','',#8995);
#8995 = PRODUCT('U1','U1','',(#8996));
#8996 = PRODUCT_CONTEXT('',#2,'mechanical');
#8997 = PRODUCT_DEFINITION_CONTEXT('part definition',#2,'design');
#8998 = CONTEXT_DEPENDENT_SHAPE_REPRESENTATION(#8999,#9001);
#8999 = ( REPRESENTATION_RELATIONSHIP('','',#8973,#10) 
REPRESENTATION_RELATIONSHIP_WITH_TRANSFORMATION(#9000) 
SHAPE_REPRESENTATION_RELATIONSHIP() );
#9000 = ITEM_DEFINED_TRANSFORMATION('','',#11,#1023);
#9001 = PRODUCT_DEFINITION_SHAPE('Placement','Placement of an item',
  #9002);
#9002 = NEXT_ASSEMBLY_USAGE_OCCURRENCE('253','=>[0:1:1:254]','',#5,#8993
  ,$);
#9003 = PRODUCT_RELATED_PRODUCT_CATEGORY('part',$,(#8995));
#9004 = ADVANCED_BREP_SHAPE_REPRESENTATION('',(#11,#9005),#9017);
#9005 = MANIFOLD_SOLID_BREP('',#9006);
#9006 = CLOSED_SHELL('',(#9007));
#9007 = ADVANCED_FACE('',(#9008),#9012,.T.);
#9008 = FACE_BOUND('',#9009,.T.);
#9009 = VERTEX_LOOP('',#9010);
#9010 = VERTEX_POINT('',#9011);
#9011 = CARTESIAN_POINT('',(1.071565949254E-17,-2.624579619658E-33,
    -0.175));
#9012 = SPHERICAL_SURFACE('',#9013,0.175);
#9013 = AXIS2_PLACEMENT_3D('',#9014,#9015,#9016);
#9014 = CARTESIAN_POINT('',(0.,0.,0.));
#9015 = DIRECTION('',(0.,0.,1.));
#9016 = DIRECTION('',(1.,0.,-0.));
#9017 = ( GEOMETRIC_REPRESENTATION_CONTEXT(3) 
GLOBAL_UNCERTAINTY_ASSIGNED_CONTEXT((#9021)) 
GLOBAL_UNIT_ASSIGNED_CONTEXT((#9018,#9019,#9020)) REPRESENTATION_CONTEXT
('Context #1','3D Context with UNIT and UNCERTAINTY') );
#9018 = ( LENGTH_UNIT() NAMED_UNIT(*) SI_UNIT(.MILLI.,.METRE.) );
#9019 = ( NAMED_UNIT(*) PLANE_ANGLE_UNIT() SI_UNIT($,.RADIAN.) );
#9020 = ( NAMED_UNIT(*) SI_UNIT($,.STERADIAN.) SOLID_ANGLE_UNIT() );
#9021 = UNCERTAINTY_MEASURE_WITH_UNIT(LENGTH_MEASURE(1.E-07),#9018,
  'distance_accuracy_value','confusion accuracy');
#9022 = SHAPE_DEFINITION_REPRESENTATION(#9023,#9004);
#9023 = PRODUCT_DEFINITION_SHAPE('','',#9024);
#9024 = PRODUCT_DEFINITION('design','',#9025,#9028);
#9025 = PRODUCT_DEFINITION_FORMATION('','',#9026);
#9026 = PRODUCT('U2','U2','',(#9027));
#9027 = PRODUCT_CONTEXT('',#2,'mechanical');
#9028 = PRODUCT_DEFINITION_CONTEXT('part definition',#2,'design');
#9029 = CONTEXT_DEPENDENT_SHAPE_REPRESENTATION(#9030,#9032);
#9030 = ( REPRESENTATION_RELATIONSHIP('','',#9004,#10) 
REPRESENTATION_RELATIONSHIP_WITH_TRANSFORMATION(#9031) 
SHAPE_REPRESENTATION_RELATIONSHIP() );
#9031 = ITEM_DEFINED_TRANSFORMATION('','',#11,#1027);
#9032 = PRODUCT_DEFINITION_SHAPE('Placement','Placement of an item',
  #9033);
#9033 = NEXT_ASSEMBLY_USAGE_OCCURRENCE('254','=>[0:1:1:255]','',#5,#9024
  ,$);
#9034 = PRODUCT_RELATED_PRODUCT_CATEGORY('part',$,(#9026));
#9035 = ADVANCED_BREP_SHAPE_REPRESENTATION('',(#11,#9036),#9048);
#9036 = MANIFOLD_SOLID_BREP('',#9037);
#9037 = CLOSED_SHELL('',(#9038));
#9038 = ADVANCED_FACE('',(#9039),#9043,.T.);
#9039 = FACE_BOUND('',#9040,.T.);
#9040 = VERTEX_LOOP('',#9041);
#9041 = VERTEX_POINT('',#9042);
#9042 = CARTESIAN_POINT('',(1.071565949254E-17,-2.624579619658E-33,
    -0.175));
#9043 = SPHERICAL_SURFACE('',#9044,0.175);
#9044 = AXIS2_PLACEMENT_3D('',#9045,#9046,#9047);
#9045 = CARTESIAN_POINT('',(0.,0.,0.));
#9046 = DIRECTION('',(0.,0.,1.));
#9047 = DIRECTION('',(1.,0.,-0.));
#9048 = ( GEOMETRIC_REPRESENTATION_CONTEXT(3) 
GLOBAL_UNCERTAINTY_ASSIGNED_CONTEXT((#9052)) 
GLOBAL_UNIT_ASSIGNED_CONTEXT((#9049,#9050,#9051)) REPRESENTATION_CONTEXT
('Context #1','3D Context with UNIT and UNCERTAINTY') );
#9049 = ( LENGTH_UNIT() NAMED_UNIT(*) SI_UNIT(.MILLI.,.METRE.) );
#9050 = ( NAMED_UNIT(*) PLANE_ANGLE_UNIT() SI_UNIT($,.RADIAN.) );
#9051 = ( NAMED_UNIT(*) SI_UNIT($,.STERADIAN.) SOLID_ANGLE_UNIT() );
#9052 = UNCERTAINTY_MEASURE_WITH_UNIT(LENGTH_MEASURE(1.E-07),#9049,
  'distance_accuracy_value','confusion accuracy');
#9053 = SHAPE_DEFINITION_REPRESENTATION(#9054,#9035);
#9054 = PRODUCT_DEFINITION_SHAPE('','',#9055);
#9055 = PRODUCT_DEFINITION('design','',#9056,#9059);
#9056 = PRODUCT_DEFINITION_FORMATION('','',#9057);
#9057 = PRODUCT('U3','U3','',(#9058));
#9058 = PRODUCT_CONTEXT('',#2,'mechanical');
#9059 = PRODUCT_DEFINITION_CONTEXT('part definition',#2,'design');
#9060 = CONTEXT_DEPENDENT_SHAPE_REPRESENTATION(#9061,#9063);
#9061 = ( REPRESENTATION_RELATIONSHIP('','',#9035,#10) 
REPRESENTATION_RELATIONSHIP_WITH_TRANSFORMATION(#9062) 
SHAPE_REPRESENTATION_RELATIONSHIP() );
#9062 = ITEM_DEFINED_TRANSFORMATION('','',#11,#1031);
#9063 = PRODUCT_DEFINITION_SHAPE('Placement','Placement of an item',
  #9064);
#9064 = NEXT_ASSEMBLY_USAGE_OCCURRENCE('255','=>[0:1:1:256]','',#5,#9055
  ,$);
#9065 = PRODUCT_RELATED_PRODUCT_CATEGORY('part',$,(#9057));
#9066 = ADVANCED_BREP_SHAPE_REPRESENTATION('',(#11,#9067),#9079);
#9067 = MANIFOLD_SOLID_BREP('',#9068);
#9068 = CLOSED_SHELL('',(#9069));
#9069 = ADVANCED_FACE('',(#9070),#9074,.T.);
#9070 = FACE_BOUND('',#9071,.T.);
#9071 = VERTEX_LOOP('',#9072);
#9072 = VERTEX_POINT('',#9073);
#9073 = CARTESIAN_POINT('',(1.071565949254E-17,-2.624579619658E-33,
    -0.175));
#9074 = SPHERICAL_SURFACE('',#9075,0.175);
#9075 = AXIS2_PLACEMENT_3D('',#9076,#9077,#9078);
#9076 = CARTESIAN_POINT('',(0.,0.,0.));
#9077 = DIRECTION('',(0.,0.,1.));
#9078 = DIRECTION('',(1.,0.,-0.));
#9079 = ( GEOMETRIC_REPRESENTATION_CONTEXT(3) 
GLOBAL_UNCERTAINTY_ASSIGNED_CONTEXT((#9083)) 
GLOBAL_UNIT_ASSIGNED_CONTEXT((#9080,#9081,#9082)) REPRESENTATION_CONTEXT
('Context #1','3D Context with UNIT and UNCERTAINTY') );
#9080 = ( LENGTH_UNIT() NAMED_UNIT(*) SI_UNIT(.MILLI.,.METRE.) );
#9081 = ( NAMED_UNIT(*) PLANE_ANGLE_UNIT() SI_UNIT($,.RADIAN.) );
#9082 = ( NAMED_UNIT(*) SI_UNIT($,.STERADIAN.) SOLID_ANGLE_UNIT() );
#9083 = UNCERTAINTY_MEASURE_WITH_UNIT(LENGTH_MEASURE(1.E-07),#9080,
  'distance_accuracy_value','confusion accuracy');
#9084 = SHAPE_DEFINITION_REPRESENTATION(#9085,#9066);
#9085 = PRODUCT_DEFINITION_SHAPE('','',#9086);
#9086 = PRODUCT_DEFINITION('design','',#9087,#9090);
#9087 = PRODUCT_DEFINITION_FORMATION('','',#9088);
#9088 = PRODUCT('U4','U4','',(#9089));
#9089 = PRODUCT_CONTEXT('',#2,'mechanical');
#9090 = PRODUCT_DEFINITION_CONTEXT('part definition',#2,'design');
#9091 = CONTEXT_DEPENDENT_SHAPE_REPRESENTATION(#9092,#9094);
#9092 = ( REPRESENTATION_RELATIONSHIP('','',#9066,#10) 
REPRESENTATION_RELATIONSHIP_WITH_TRANSFORMATION(#9093) 
SHAPE_REPRESENTATION_RELATIONSHIP() );
#9093 = ITEM_DEFINED_TRANSFORMATION('','',#11,#1035);
#9094 = PRODUCT_DEFINITION_SHAPE('Placement','Placement of an item',
  #9095);
#9095 = NEXT_ASSEMBLY_USAGE_OCCURRENCE('256','=>[0:1:1:257]','',#5,#9086
  ,$);
#9096 = PRODUCT_RELATED_PRODUCT_CATEGORY('part',$,(#9088));
#9097 = ADVANCED_BREP_SHAPE_REPRESENTATION('',(#11,#9098),#9110);
#9098 = MANIFOLD_SOLID_BREP('',#9099);
#9099 = CLOSED_SHELL('',(#9100));
#9100 = ADVANCED_FACE('',(#9101),#9105,.T.);
#9101 = FACE_BOUND('',#9102,.T.);
#9102 = VERTEX_LOOP('',#9103);
#9103 = VERTEX_POINT('',#9104);
#9104 = CARTESIAN_POINT('',(1.071565949254E-17,-2.624579619658E-33,
    -0.175));
#9105 = SPHERICAL_SURFACE('',#9106,0.175);
#9106 = AXIS2_PLACEMENT_3D('',#9107,#9108,#9109);
#9107 = CARTESIAN_POINT('',(0.,0.,0.));
#9108 = DIRECTION('',(0.,0.,1.));
#9109 = DIRECTION('',(1.,0.,-0.));
#9110 = ( GEOMETRIC_REPRESENTATION_CONTEXT(3) 
GLOBAL_UNCERTAINTY_ASSIGNED_CONTEXT((#9114)) 
GLOBAL_UNIT_ASSIGNED_CONTEXT((#9111,#9112,#9113)) REPRESENTATION_CONTEXT
('Context #1','3D Context with UNIT and UNCERTAINTY') );
#9111 = ( LENGTH_UNIT() NAMED_UNIT(*) SI_UNIT(.MILLI.,.METRE.) );
#9112 = ( NAMED_UNIT(*) PLANE_ANGLE_UNIT() SI_UNIT($,.RADIAN.) );
#9113 = ( NAMED_UNIT(*) SI_UNIT($,.STERADIAN.) SOLID_ANGLE_UNIT() );
#9114 = UNCERTAINTY_MEASURE_WITH_UNIT(LENGTH_MEASURE(1.E-07),#9111,
  'distance_accuracy_value','confusion accuracy');
#9115 = SHAPE_DEFINITION_REPRESENTATION(#9116,#9097);
#9116 = PRODUCT_DEFINITION_SHAPE('','',#9117);
#9117 = PRODUCT_DEFINITION('design','',#9118,#9121);
#9118 = PRODUCT_DEFINITION_FORMATION('','',#9119);
#9119 = PRODUCT('U5','U5','',(#9120));
#9120 = PRODUCT_CONTEXT('',#2,'mechanical');
#9121 = PRODUCT_DEFINITION_CONTEXT('part definition',#2,'design');
#9122 = CONTEXT_DEPENDENT_SHAPE_REPRESENTATION(#9123,#9125);
#9123 = ( REPRESENTATION_RELATIONSHIP('','',#9097,#10) 
REPRESENTATION_RELATIONSHIP_WITH_TRANSFORMATION(#9124) 
SHAPE_REPRESENTATION_RELATIONSHIP() );
#9124 = ITEM_DEFINED_TRANSFORMATION('','',#11,#1039);
#9125 = PRODUCT_DEFINITION_SHAPE('Placement','Placement of an item',
  #9126);
#9126 = NEXT_ASSEMBLY_USAGE_OCCURRENCE('257','=>[0:1:1:258]','',#5,#9117
  ,$);
#9127 = PRODUCT_RELATED_PRODUCT_CATEGORY('part',$,(#9119));
#9128 = ADVANCED_BREP_SHAPE_REPRESENTATION('',(#11,#9129),#9141);
#9129 = MANIFOLD_SOLID_BREP('',#9130);
#9130 = CLOSED_SHELL('',(#9131));
#9131 = ADVANCED_FACE('',(#9132),#9136,.T.);
#9132 = FACE_BOUND('',#9133,.T.);
#9133 = VERTEX_LOOP('',#9134);
#9134 = VERTEX_POINT('',#9135);
#9135 = CARTESIAN_POINT('',(1.071565949254E-17,-2.624579619658E-33,
    -0.175));
#9136 = SPHERICAL_SURFACE('',#9137,0.175);
#9137 = AXIS2_PLACEMENT_3D('',#9138,#9139,#9140);
#9138 = CARTESIAN_POINT('',(0.,0.,0.));
#9139 = DIRECTION('',(0.,0.,1.));
#9140 = DIRECTION('',(1.,0.,-0.));
#9141 = ( GEOMETRIC_REPRESENTATION_CONTEXT(3) 
GLOBAL_UNCERTAINTY_ASSIGNED_CONTEXT((#9145)) 
GLOBAL_UNIT_ASSIGNED_CONTEXT((#9142,#9143,#9144)) REPRESENTATION_CONTEXT
('Context #1','3D Context with UNIT and UNCERTAINTY') );
#9142 = ( LENGTH_UNIT() NAMED_UNIT(*) SI_UNIT(.MILLI.,.METRE.) );
#9143 = ( NAMED_UNIT(*) PLANE_ANGLE_UNIT() SI_UNIT($,.RADIAN.) );
#9144 = ( NAMED_UNIT(*) SI_UNIT($,.STERADIAN.) SOLID_ANGLE_UNIT() );
#9145 = UNCERTAINTY_MEASURE_WITH_UNIT(LENGTH_MEASURE(1.E-07),#9142,
  'distance_accuracy_value','confusion accuracy');
#9146 = SHAPE_DEFINITION_REPRESENTATION(#9147,#9128);
#9147 = PRODUCT_DEFINITION_SHAPE('','',#9148);
#9148 = PRODUCT_DEFINITION('design','',#9149,#9152);
#9149 = PRODUCT_DEFINITION_FORMATION('','',#9150);
#9150 = PRODUCT('U6','U6','',(#9151));
#9151 = PRODUCT_CONTEXT('',#2,'mechanical');
#9152 = PRODUCT_DEFINITION_CONTEXT('part definition',#2,'design');
#9153 = CONTEXT_DEPENDENT_SHAPE_REPRESENTATION(#9154,#9156);
#9154 = ( REPRESENTATION_RELATIONSHIP('','',#9128,#10) 
REPRESENTATION_RELATIONSHIP_WITH_TRANSFORMATION(#9155) 
SHAPE_REPRESENTATION_RELATIONSHIP() );
#9155 = ITEM_DEFINED_TRANSFORMATION('','',#11,#1043);
#9156 = PRODUCT_DEFINITION_SHAPE('Placement','Placement of an item',
  #9157);
#9157 = NEXT_ASSEMBLY_USAGE_OCCURRENCE('258','=>[0:1:1:259]','',#5,#9148
  ,$);
#9158 = PRODUCT_RELATED_PRODUCT_CATEGORY('part',$,(#9150));
#9159 = ADVANCED_BREP_SHAPE_REPRESENTATION('',(#11,#9160),#9172);
#9160 = MANIFOLD_SOLID_BREP('',#9161);
#9161 = CLOSED_SHELL('',(#9162));
#9162 = ADVANCED_FACE('',(#9163),#9167,.T.);
#9163 = FACE_BOUND('',#9164,.T.);
#9164 = VERTEX_LOOP('',#9165);
#9165 = VERTEX_POINT('',#9166);
#9166 = CARTESIAN_POINT('',(1.071565949254E-17,-2.624579619658E-33,
    -0.175));
#9167 = SPHERICAL_SURFACE('',#9168,0.175);
#9168 = AXIS2_PLACEMENT_3D('',#9169,#9170,#9171);
#9169 = CARTESIAN_POINT('',(0.,0.,0.));
#9170 = DIRECTION('',(0.,0.,1.));
#9171 = DIRECTION('',(1.,0.,-0.));
#9172 = ( GEOMETRIC_REPRESENTATION_CONTEXT(3) 
GLOBAL_UNCERTAINTY_ASSIGNED_CONTEXT((#9176)) 
GLOBAL_UNIT_ASSIGNED_CONTEXT((#9173,#9174,#9175)) REPRESENTATION_CONTEXT
('Context #1','3D Context with UNIT and UNCERTAINTY') );
#9173 = ( LENGTH_UNIT() NAMED_UNIT(*) SI_UNIT(.MILLI.,.METRE.) );
#9174 = ( NAMED_UNIT(*) PLANE_ANGLE_UNIT() SI_UNIT($,.RADIAN.) );
#9175 = ( NAMED_UNIT(*) SI_UNIT($,.STERADIAN.) SOLID_ANGLE_UNIT() );
#9176 = UNCERTAINTY_MEASURE_WITH_UNIT(LENGTH_MEASURE(1.E-07),#9173,
  'distance_accuracy_value','confusion accuracy');
#9177 = SHAPE_DEFINITION_REPRESENTATION(#9178,#9159);
#9178 = PRODUCT_DEFINITION_SHAPE('','',#9179);
#9179 = PRODUCT_DEFINITION('design','',#9180,#9183);
#9180 = PRODUCT_DEFINITION_FORMATION('','',#9181);
#9181 = PRODUCT('U8','U8','',(#9182));
#9182 = PRODUCT_CONTEXT('',#2,'mechanical');
#9183 = PRODUCT_DEFINITION_CONTEXT('part definition',#2,'design');
#9184 = CONTEXT_DEPENDENT_SHAPE_REPRESENTATION(#9185,#9187);
#9185 = ( REPRESENTATION_RELATIONSHIP('','',#9159,#10) 
REPRESENTATION_RELATIONSHIP_WITH_TRANSFORMATION(#9186) 
SHAPE_REPRESENTATION_RELATIONSHIP() );
#9186 = ITEM_DEFINED_TRANSFORMATION('','',#11,#1047);
#9187 = PRODUCT_DEFINITION_SHAPE('Placement','Placement of an item',
  #9188);
#9188 = NEXT_ASSEMBLY_USAGE_OCCURRENCE('259','=>[0:1:1:260]','',#5,#9179
  ,$);
#9189 = PRODUCT_RELATED_PRODUCT_CATEGORY('part',$,(#9181));
#9190 = ADVANCED_BREP_SHAPE_REPRESENTATION('',(#11,#9191),#9203);
#9191 = MANIFOLD_SOLID_BREP('',#9192);
#9192 = CLOSED_SHELL('',(#9193));
#9193 = ADVANCED_FACE('',(#9194),#9198,.T.);
#9194 = FACE_BOUND('',#9195,.T.);
#9195 = VERTEX_LOOP('',#9196);
#9196 = VERTEX_POINT('',#9197);
#9197 = CARTESIAN_POINT('',(1.071565949254E-17,-2.624579619658E-33,
    -0.175));
#9198 = SPHERICAL_SURFACE('',#9199,0.175);
#9199 = AXIS2_PLACEMENT_3D('',#9200,#9201,#9202);
#9200 = CARTESIAN_POINT('',(0.,0.,0.));
#9201 = DIRECTION('',(0.,0.,1.));
#9202 = DIRECTION('',(1.,0.,-0.));
#9203 = ( GEOMETRIC_REPRESENTATION_CONTEXT(3) 
GLOBAL_UNCERTAINTY_ASSIGNED_CONTEXT((#9207)) 
GLOBAL_UNIT_ASSIGNED_CONTEXT((#9204,#9205,#9206)) REPRESENTATION_CONTEXT
('Context #1','3D Context with UNIT and UNCERTAINTY') );
#9204 = ( LENGTH_UNIT() NAMED_UNIT(*) SI_UNIT(.MILLI.,.METRE.) );
#9205 = ( NAMED_UNIT(*) PLANE_ANGLE_UNIT() SI_UNIT($,.RADIAN.) );
#9206 = ( NAMED_UNIT(*) SI_UNIT($,.STERADIAN.) SOLID_ANGLE_UNIT() );
#9207 = UNCERTAINTY_MEASURE_WITH_UNIT(LENGTH_MEASURE(1.E-07),#9204,
  'distance_accuracy_value','confusion accuracy');
#9208 = SHAPE_DEFINITION_REPRESENTATION(#9209,#9190);
#9209 = PRODUCT_DEFINITION_SHAPE('','',#9210);
#9210 = PRODUCT_DEFINITION('design','',#9211,#9214);
#9211 = PRODUCT_DEFINITION_FORMATION('','',#9212);
#9212 = PRODUCT('U9','U9','',(#9213));
#9213 = PRODUCT_CONTEXT('',#2,'mechanical');
#9214 = PRODUCT_DEFINITION_CONTEXT('part definition',#2,'design');
#9215 = CONTEXT_DEPENDENT_SHAPE_REPRESENTATION(#9216,#9218);
#9216 = ( REPRESENTATION_RELATIONSHIP('','',#9190,#10) 
REPRESENTATION_RELATIONSHIP_WITH_TRANSFORMATION(#9217) 
SHAPE_REPRESENTATION_RELATIONSHIP() );
#9217 = ITEM_DEFINED_TRANSFORMATION('','',#11,#1051);
#9218 = PRODUCT_DEFINITION_SHAPE('Placement','Placement of an item',
  #9219);
#9219 = NEXT_ASSEMBLY_USAGE_OCCURRENCE('260','=>[0:1:1:261]','',#5,#9210
  ,$);
#9220 = PRODUCT_RELATED_PRODUCT_CATEGORY('part',$,(#9212));
#9221 = ADVANCED_BREP_SHAPE_REPRESENTATION('',(#11,#9222),#9234);
#9222 = MANIFOLD_SOLID_BREP('',#9223);
#9223 = CLOSED_SHELL('',(#9224));
#9224 = ADVANCED_FACE('',(#9225),#9229,.T.);
#9225 = FACE_BOUND('',#9226,.T.);
#9226 = VERTEX_LOOP('',#9227);
#9227 = VERTEX_POINT('',#9228);
#9228 = CARTESIAN_POINT('',(1.071565949254E-17,-2.624579619658E-33,
    -0.175));
#9229 = SPHERICAL_SURFACE('',#9230,0.175);
#9230 = AXIS2_PLACEMENT_3D('',#9231,#9232,#9233);
#9231 = CARTESIAN_POINT('',(0.,0.,0.));
#9232 = DIRECTION('',(0.,0.,1.));
#9233 = DIRECTION('',(1.,0.,-0.));
#9234 = ( GEOMETRIC_REPRESENTATION_CONTEXT(3) 
GLOBAL_UNCERTAINTY_ASSIGNED_CONTEXT((#9238)) 
GLOBAL_UNIT_ASSIGNED_CONTEXT((#9235,#9236,#9237)) REPRESENTATION_CONTEXT
('Context #1','3D Context with UNIT and UNCERTAINTY') );
#9235 = ( LENGTH_UNIT() NAMED_UNIT(*) SI_UNIT(.MILLI.,.METRE.) );
#9236 = ( NAMED_UNIT(*) PLANE_ANGLE_UNIT() SI_UNIT($,.RADIAN.) );
#9237 = ( NAMED_UNIT(*) SI_UNIT($,.STERADIAN.) SOLID_ANGLE_UNIT() );
#9238 = UNCERTAINTY_MEASURE_WITH_UNIT(LENGTH_MEASURE(1.E-07),#9235,
  'distance_accuracy_value','confusion accuracy');
#9239 = SHAPE_DEFINITION_REPRESENTATION(#9240,#9221);
#9240 = PRODUCT_DEFINITION_SHAPE('','',#9241);
#9241 = PRODUCT_DEFINITION('design','',#9242,#9245);
#9242 = PRODUCT_DEFINITION_FORMATION('','',#9243);
#9243 = PRODUCT('U10','U10','',(#9244));
#9244 = PRODUCT_CONTEXT('',#2,'mechanical');
#9245 = PRODUCT_DEFINITION_CONTEXT('part definition',#2,'design');
#9246 = CONTEXT_DEPENDENT_SHAPE_REPRESENTATION(#9247,#9249);
#9247 = ( REPRESENTATION_RELATIONSHIP('','',#9221,#10) 
REPRESENTATION_RELATIONSHIP_WITH_TRANSFORMATION(#9248) 
SHAPE_REPRESENTATION_RELATIONSHIP() );
#9248 = ITEM_DEFINED_TRANSFORMATION('','',#11,#1055);
#9249 = PRODUCT_DEFINITION_SHAPE('Placement','Placement of an item',
  #9250);
#9250 = NEXT_ASSEMBLY_USAGE_OCCURRENCE('261','=>[0:1:1:262]','',#5,#9241
  ,$);
#9251 = PRODUCT_RELATED_PRODUCT_CATEGORY('part',$,(#9243));
#9252 = ADVANCED_BREP_SHAPE_REPRESENTATION('',(#11,#9253),#9265);
#9253 = MANIFOLD_SOLID_BREP('',#9254);
#9254 = CLOSED_SHELL('',(#9255));
#9255 = ADVANCED_FACE('',(#9256),#9260,.T.);
#9256 = FACE_BOUND('',#9257,.T.);
#9257 = VERTEX_LOOP('',#9258);
#9258 = VERTEX_POINT('',#9259);
#9259 = CARTESIAN_POINT('',(1.071565949254E-17,-2.624579619658E-33,
    -0.175));
#9260 = SPHERICAL_SURFACE('',#9261,0.175);
#9261 = AXIS2_PLACEMENT_3D('',#9262,#9263,#9264);
#9262 = CARTESIAN_POINT('',(0.,0.,0.));
#9263 = DIRECTION('',(0.,0.,1.));
#9264 = DIRECTION('',(1.,0.,-0.));
#9265 = ( GEOMETRIC_REPRESENTATION_CONTEXT(3) 
GLOBAL_UNCERTAINTY_ASSIGNED_CONTEXT((#9269)) 
GLOBAL_UNIT_ASSIGNED_CONTEXT((#9266,#9267,#9268)) REPRESENTATION_CONTEXT
('Context #1','3D Context with UNIT and UNCERTAINTY') );
#9266 = ( LENGTH_UNIT() NAMED_UNIT(*) SI_UNIT(.MILLI.,.METRE.) );
#9267 = ( NAMED_UNIT(*) PLANE_ANGLE_UNIT() SI_UNIT($,.RADIAN.) );
#9268 = ( NAMED_UNIT(*) SI_UNIT($,.STERADIAN.) SOLID_ANGLE_UNIT() );
#9269 = UNCERTAINTY_MEASURE_WITH_UNIT(LENGTH_MEASURE(1.E-07),#9266,
  'distance_accuracy_value','confusion accuracy');
#9270 = SHAPE_DEFINITION_REPRESENTATION(#9271,#9252);
#9271 = PRODUCT_DEFINITION_SHAPE('','',#9272);
#9272 = PRODUCT_DEFINITION('design','',#9273,#9276);
#9273 = PRODUCT_DEFINITION_FORMATION('','',#9274);
#9274 = PRODUCT('U11','U11','',(#9275));
#9275 = PRODUCT_CONTEXT('',#2,'mechanical');
#9276 = PRODUCT_DEFINITION_CONTEXT('part definition',#2,'design');
#9277 = CONTEXT_DEPENDENT_SHAPE_REPRESENTATION(#9278,#9280);
#9278 = ( REPRESENTATION_RELATIONSHIP('','',#9252,#10) 
REPRESENTATION_RELATIONSHIP_WITH_TRANSFORMATION(#9279) 
SHAPE_REPRESENTATION_RELATIONSHIP() );
#9279 = ITEM_DEFINED_TRANSFORMATION('','',#11,#1059);
#9280 = PRODUCT_DEFINITION_SHAPE('Placement','Placement of an item',
  #9281);
#9281 = NEXT_ASSEMBLY_USAGE_OCCURRENCE('262','=>[0:1:1:263]','',#5,#9272
  ,$);
#9282 = PRODUCT_RELATED_PRODUCT_CATEGORY('part',$,(#9274));
#9283 = ADVANCED_BREP_SHAPE_REPRESENTATION('',(#11,#9284),#9296);
#9284 = MANIFOLD_SOLID_BREP('',#9285);
#9285 = CLOSED_SHELL('',(#9286));
#9286 = ADVANCED_FACE('',(#9287),#9291,.T.);
#9287 = FACE_BOUND('',#9288,.T.);
#9288 = VERTEX_LOOP('',#9289);
#9289 = VERTEX_POINT('',#9290);
#9290 = CARTESIAN_POINT('',(1.071565949254E-17,-2.624579619658E-33,
    -0.175));
#9291 = SPHERICAL_SURFACE('',#9292,0.175);
#9292 = AXIS2_PLACEMENT_3D('',#9293,#9294,#9295);
#9293 = CARTESIAN_POINT('',(0.,0.,0.));
#9294 = DIRECTION('',(0.,0.,1.));
#9295 = DIRECTION('',(1.,0.,-0.));
#9296 = ( GEOMETRIC_REPRESENTATION_CONTEXT(3) 
GLOBAL_UNCERTAINTY_ASSIGNED_CONTEXT((#9300)) 
GLOBAL_UNIT_ASSIGNED_CONTEXT((#9297,#9298,#9299)) REPRESENTATION_CONTEXT
('Context #1','3D Context with UNIT and UNCERTAINTY') );
#9297 = ( LENGTH_UNIT() NAMED_UNIT(*) SI_UNIT(.MILLI.,.METRE.) );
#9298 = ( NAMED_UNIT(*) PLANE_ANGLE_UNIT() SI_UNIT($,.RADIAN.) );
#9299 = ( NAMED_UNIT(*) SI_UNIT($,.STERADIAN.) SOLID_ANGLE_UNIT() );
#9300 = UNCERTAINTY_MEASURE_WITH_UNIT(LENGTH_MEASURE(1.E-07),#9297,
  'distance_accuracy_value','confusion accuracy');
#9301 = SHAPE_DEFINITION_REPRESENTATION(#9302,#9283);
#9302 = PRODUCT_DEFINITION_SHAPE('','',#9303);
#9303 = PRODUCT_DEFINITION('design','',#9304,#9307);
#9304 = PRODUCT_DEFINITION_FORMATION('','',#9305);
#9305 = PRODUCT('U12','U12','',(#9306));
#9306 = PRODUCT_CONTEXT('',#2,'mechanical');
#9307 = PRODUCT_DEFINITION_CONTEXT('part definition',#2,'design');
#9308 = CONTEXT_DEPENDENT_SHAPE_REPRESENTATION(#9309,#9311);
#9309 = ( REPRESENTATION_RELATIONSHIP('','',#9283,#10) 
REPRESENTATION_RELATIONSHIP_WITH_TRANSFORMATION(#9310) 
SHAPE_REPRESENTATION_RELATIONSHIP() );
#9310 = ITEM_DEFINED_TRANSFORMATION('','',#11,#1063);
#9311 = PRODUCT_DEFINITION_SHAPE('Placement','Placement of an item',
  #9312);
#9312 = NEXT_ASSEMBLY_USAGE_OCCURRENCE('263','=>[0:1:1:264]','',#5,#9303
  ,$);
#9313 = PRODUCT_RELATED_PRODUCT_CATEGORY('part',$,(#9305));
#9314 = ADVANCED_BREP_SHAPE_REPRESENTATION('',(#11,#9315),#9327);
#9315 = MANIFOLD_SOLID_BREP('',#9316);
#9316 = CLOSED_SHELL('',(#9317));
#9317 = ADVANCED_FACE('',(#9318),#9322,.T.);
#9318 = FACE_BOUND('',#9319,.T.);
#9319 = VERTEX_LOOP('',#9320);
#9320 = VERTEX_POINT('',#9321);
#9321 = CARTESIAN_POINT('',(1.071565949254E-17,-2.624579619658E-33,
    -0.175));
#9322 = SPHERICAL_SURFACE('',#9323,0.175);
#9323 = AXIS2_PLACEMENT_3D('',#9324,#9325,#9326);
#9324 = CARTESIAN_POINT('',(0.,0.,0.));
#9325 = DIRECTION('',(0.,0.,1.));
#9326 = DIRECTION('',(1.,0.,-0.));
#9327 = ( GEOMETRIC_REPRESENTATION_CONTEXT(3) 
GLOBAL_UNCERTAINTY_ASSIGNED_CONTEXT((#9331)) 
GLOBAL_UNIT_ASSIGNED_CONTEXT((#9328,#9329,#9330)) REPRESENTATION_CONTEXT
('Context #1','3D Context with UNIT and UNCERTAINTY') );
#9328 = ( LENGTH_UNIT() NAMED_UNIT(*) SI_UNIT(.MILLI.,.METRE.) );
#9329 = ( NAMED_UNIT(*) PLANE_ANGLE_UNIT() SI_UNIT($,.RADIAN.) );
#9330 = ( NAMED_UNIT(*) SI_UNIT($,.STERADIAN.) SOLID_ANGLE_UNIT() );
#9331 = UNCERTAINTY_MEASURE_WITH_UNIT(LENGTH_MEASURE(1.E-07),#9328,
  'distance_accuracy_value','confusion accuracy');
#9332 = SHAPE_DEFINITION_REPRESENTATION(#9333,#9314);
#9333 = PRODUCT_DEFINITION_SHAPE('','',#9334);
#9334 = PRODUCT_DEFINITION('design','',#9335,#9338);
#9335 = PRODUCT_DEFINITION_FORMATION('','',#9336);
#9336 = PRODUCT('U13','U13','',(#9337));
#9337 = PRODUCT_CONTEXT('',#2,'mechanical');
#9338 = PRODUCT_DEFINITION_CONTEXT('part definition',#2,'design');
#9339 = CONTEXT_DEPENDENT_SHAPE_REPRESENTATION(#9340,#9342);
#9340 = ( REPRESENTATION_RELATIONSHIP('','',#9314,#10) 
REPRESENTATION_RELATIONSHIP_WITH_TRANSFORMATION(#9341) 
SHAPE_REPRESENTATION_RELATIONSHIP() );
#9341 = ITEM_DEFINED_TRANSFORMATION('','',#11,#1067);
#9342 = PRODUCT_DEFINITION_SHAPE('Placement','Placement of an item',
  #9343);
#9343 = NEXT_ASSEMBLY_USAGE_OCCURRENCE('264','=>[0:1:1:265]','',#5,#9334
  ,$);
#9344 = PRODUCT_RELATED_PRODUCT_CATEGORY('part',$,(#9336));
#9345 = ADVANCED_BREP_SHAPE_REPRESENTATION('',(#11,#9346),#9358);
#9346 = MANIFOLD_SOLID_BREP('',#9347);
#9347 = CLOSED_SHELL('',(#9348));
#9348 = ADVANCED_FACE('',(#9349),#9353,.T.);
#9349 = FACE_BOUND('',#9350,.T.);
#9350 = VERTEX_LOOP('',#9351);
#9351 = VERTEX_POINT('',#9352);
#9352 = CARTESIAN_POINT('',(1.071565949254E-17,-2.624579619658E-33,
    -0.175));
#9353 = SPHERICAL_SURFACE('',#9354,0.175);
#9354 = AXIS2_PLACEMENT_3D('',#9355,#9356,#9357);
#9355 = CARTESIAN_POINT('',(0.,0.,0.));
#9356 = DIRECTION('',(0.,0.,1.));
#9357 = DIRECTION('',(1.,0.,-0.));
#9358 = ( GEOMETRIC_REPRESENTATION_CONTEXT(3) 
GLOBAL_UNCERTAINTY_ASSIGNED_CONTEXT((#9362)) 
GLOBAL_UNIT_ASSIGNED_CONTEXT((#9359,#9360,#9361)) REPRESENTATION_CONTEXT
('Context #1','3D Context with UNIT and UNCERTAINTY') );
#9359 = ( LENGTH_UNIT() NAMED_UNIT(*) SI_UNIT(.MILLI.,.METRE.) );
#9360 = ( NAMED_UNIT(*) PLANE_ANGLE_UNIT() SI_UNIT($,.RADIAN.) );
#9361 = ( NAMED_UNIT(*) SI_UNIT($,.STERADIAN.) SOLID_ANGLE_UNIT() );
#9362 = UNCERTAINTY_MEASURE_WITH_UNIT(LENGTH_MEASURE(1.E-07),#9359,
  'distance_accuracy_value','confusion accuracy');
#9363 = SHAPE_DEFINITION_REPRESENTATION(#9364,#9345);
#9364 = PRODUCT_DEFINITION_SHAPE('','',#9365);
#9365 = PRODUCT_DEFINITION('design','',#9366,#9369);
#9366 = PRODUCT_DEFINITION_FORMATION('','',#9367);
#9367 = PRODUCT('U14','U14','',(#9368));
#9368 = PRODUCT_CONTEXT('',#2,'mechanical');
#9369 = PRODUCT_DEFINITION_CONTEXT('part definition',#2,'design');
#9370 = CONTEXT_DEPENDENT_SHAPE_REPRESENTATION(#9371,#9373);
#9371 = ( REPRESENTATION_RELATIONSHIP('','',#9345,#10) 
REPRESENTATION_RELATIONSHIP_WITH_TRANSFORMATION(#9372) 
SHAPE_REPRESENTATION_RELATIONSHIP() );
#9372 = ITEM_DEFINED_TRANSFORMATION('','',#11,#1071);
#9373 = PRODUCT_DEFINITION_SHAPE('Placement','Placement of an item',
  #9374);
#9374 = NEXT_ASSEMBLY_USAGE_OCCURRENCE('265','=>[0:1:1:266]','',#5,#9365
  ,$);
#9375 = PRODUCT_RELATED_PRODUCT_CATEGORY('part',$,(#9367));
#9376 = ADVANCED_BREP_SHAPE_REPRESENTATION('',(#11,#9377),#9389);
#9377 = MANIFOLD_SOLID_BREP('',#9378);
#9378 = CLOSED_SHELL('',(#9379));
#9379 = ADVANCED_FACE('',(#9380),#9384,.T.);
#9380 = FACE_BOUND('',#9381,.T.);
#9381 = VERTEX_LOOP('',#9382);
#9382 = VERTEX_POINT('',#9383);
#9383 = CARTESIAN_POINT('',(1.071565949254E-17,-2.624579619658E-33,
    -0.175));
#9384 = SPHERICAL_SURFACE('',#9385,0.175);
#9385 = AXIS2_PLACEMENT_3D('',#9386,#9387,#9388);
#9386 = CARTESIAN_POINT('',(0.,0.,0.));
#9387 = DIRECTION('',(0.,0.,1.));
#9388 = DIRECTION('',(1.,0.,-0.));
#9389 = ( GEOMETRIC_REPRESENTATION_CONTEXT(3) 
GLOBAL_UNCERTAINTY_ASSIGNED_CONTEXT((#9393)) 
GLOBAL_UNIT_ASSIGNED_CONTEXT((#9390,#9391,#9392)) REPRESENTATION_CONTEXT
('Context #1','3D Context with UNIT and UNCERTAINTY') );
#9390 = ( LENGTH_UNIT() NAMED_UNIT(*) SI_UNIT(.MILLI.,.METRE.) );
#9391 = ( NAMED_UNIT(*) PLANE_ANGLE_UNIT() SI_UNIT($,.RADIAN.) );
#9392 = ( NAMED_UNIT(*) SI_UNIT($,.STERADIAN.) SOLID_ANGLE_UNIT() );
#9393 = UNCERTAINTY_MEASURE_WITH_UNIT(LENGTH_MEASURE(1.E-07),#9390,
  'distance_accuracy_value','confusion accuracy');
#9394 = SHAPE_DEFINITION_REPRESENTATION(#9395,#9376);
#9395 = PRODUCT_DEFINITION_SHAPE('','',#9396);
#9396 = PRODUCT_DEFINITION('design','',#9397,#9400);
#9397 = PRODUCT_DEFINITION_FORMATION('','',#9398);
#9398 = PRODUCT('U15','U15','',(#9399));
#9399 = PRODUCT_CONTEXT('',#2,'mechanical');
#9400 = PRODUCT_DEFINITION_CONTEXT('part definition',#2,'design');
#9401 = CONTEXT_DEPENDENT_SHAPE_REPRESENTATION(#9402,#9404);
#9402 = ( REPRESENTATION_RELATIONSHIP('','',#9376,#10) 
REPRESENTATION_RELATIONSHIP_WITH_TRANSFORMATION(#9403) 
SHAPE_REPRESENTATION_RELATIONSHIP() );
#9403 = ITEM_DEFINED_TRANSFORMATION('','',#11,#1075);
#9404 = PRODUCT_DEFINITION_SHAPE('Placement','Placement of an item',
  #9405);
#9405 = NEXT_ASSEMBLY_USAGE_OCCURRENCE('266','=>[0:1:1:267]','',#5,#9396
  ,$);
#9406 = PRODUCT_RELATED_PRODUCT_CATEGORY('part',$,(#9398));
#9407 = ADVANCED_BREP_SHAPE_REPRESENTATION('',(#11,#9408),#9420);
#9408 = MANIFOLD_SOLID_BREP('',#9409);
#9409 = CLOSED_SHELL('',(#9410));
#9410 = ADVANCED_FACE('',(#9411),#9415,.T.);
#9411 = FACE_BOUND('',#9412,.T.);
#9412 = VERTEX_LOOP('',#9413);
#9413 = VERTEX_POINT('',#9414);
#9414 = CARTESIAN_POINT('',(1.071565949254E-17,-2.624579619658E-33,
    -0.175));
#9415 = SPHERICAL_SURFACE('',#9416,0.175);
#9416 = AXIS2_PLACEMENT_3D('',#9417,#9418,#9419);
#9417 = CARTESIAN_POINT('',(0.,0.,0.));
#9418 = DIRECTION('',(0.,0.,1.));
#9419 = DIRECTION('',(1.,0.,-0.));
#9420 = ( GEOMETRIC_REPRESENTATION_CONTEXT(3) 
GLOBAL_UNCERTAINTY_ASSIGNED_CONTEXT((#9424)) 
GLOBAL_UNIT_ASSIGNED_CONTEXT((#9421,#9422,#9423)) REPRESENTATION_CONTEXT
('Context #1','3D Context with UNIT and UNCERTAINTY') );
#9421 = ( LENGTH_UNIT() NAMED_UNIT(*) SI_UNIT(.MILLI.,.METRE.) );
#9422 = ( NAMED_UNIT(*) PLANE_ANGLE_UNIT() SI_UNIT($,.RADIAN.) );
#9423 = ( NAMED_UNIT(*) SI_UNIT($,.STERADIAN.) SOLID_ANGLE_UNIT() );
#9424 = UNCERTAINTY_MEASURE_WITH_UNIT(LENGTH_MEASURE(1.E-07),#9421,
  'distance_accuracy_value','confusion accuracy');
#9425 = SHAPE_DEFINITION_REPRESENTATION(#9426,#9407);
#9426 = PRODUCT_DEFINITION_SHAPE('','',#9427);
#9427 = PRODUCT_DEFINITION('design','',#9428,#9431);
#9428 = PRODUCT_DEFINITION_FORMATION('','',#9429);
#9429 = PRODUCT('U16','U16','',(#9430));
#9430 = PRODUCT_CONTEXT('',#2,'mechanical');
#9431 = PRODUCT_DEFINITION_CONTEXT('part definition',#2,'design');
#9432 = CONTEXT_DEPENDENT_SHAPE_REPRESENTATION(#9433,#9435);
#9433 = ( REPRESENTATION_RELATIONSHIP('','',#9407,#10) 
REPRESENTATION_RELATIONSHIP_WITH_TRANSFORMATION(#9434) 
SHAPE_REPRESENTATION_RELATIONSHIP() );
#9434 = ITEM_DEFINED_TRANSFORMATION('','',#11,#1079);
#9435 = PRODUCT_DEFINITION_SHAPE('Placement','Placement of an item',
  #9436);
#9436 = NEXT_ASSEMBLY_USAGE_OCCURRENCE('267','=>[0:1:1:268]','',#5,#9427
  ,$);
#9437 = PRODUCT_RELATED_PRODUCT_CATEGORY('part',$,(#9429));
#9438 = ADVANCED_BREP_SHAPE_REPRESENTATION('',(#11,#9439),#9451);
#9439 = MANIFOLD_SOLID_BREP('',#9440);
#9440 = CLOSED_SHELL('',(#9441));
#9441 = ADVANCED_FACE('',(#9442),#9446,.T.);
#9442 = FACE_BOUND('',#9443,.T.);
#9443 = VERTEX_LOOP('',#9444);
#9444 = VERTEX_POINT('',#9445);
#9445 = CARTESIAN_POINT('',(1.071565949254E-17,-2.624579619658E-33,
    -0.175));
#9446 = SPHERICAL_SURFACE('',#9447,0.175);
#9447 = AXIS2_PLACEMENT_3D('',#9448,#9449,#9450);
#9448 = CARTESIAN_POINT('',(0.,0.,0.));
#9449 = DIRECTION('',(0.,0.,1.));
#9450 = DIRECTION('',(1.,0.,-0.));
#9451 = ( GEOMETRIC_REPRESENTATION_CONTEXT(3) 
GLOBAL_UNCERTAINTY_ASSIGNED_CONTEXT((#9455)) 
GLOBAL_UNIT_ASSIGNED_CONTEXT((#9452,#9453,#9454)) REPRESENTATION_CONTEXT
('Context #1','3D Context with UNIT and UNCERTAINTY') );
#9452 = ( LENGTH_UNIT() NAMED_UNIT(*) SI_UNIT(.MILLI.,.METRE.) );
#9453 = ( NAMED_UNIT(*) PLANE_ANGLE_UNIT() SI_UNIT($,.RADIAN.) );
#9454 = ( NAMED_UNIT(*) SI_UNIT($,.STERADIAN.) SOLID_ANGLE_UNIT() );
#9455 = UNCERTAINTY_MEASURE_WITH_UNIT(LENGTH_MEASURE(1.E-07),#9452,
  'distance_accuracy_value','confusion accuracy');
#9456 = SHAPE_DEFINITION_REPRESENTATION(#9457,#9438);
#9457 = PRODUCT_DEFINITION_SHAPE('','',#9458);
#9458 = PRODUCT_DEFINITION('design','',#9459,#9462);
#9459 = PRODUCT_DEFINITION_FORMATION('','',#9460);
#9460 = PRODUCT('U17','U17','',(#9461));
#9461 = PRODUCT_CONTEXT('',#2,'mechanical');
#9462 = PRODUCT_DEFINITION_CONTEXT('part definition',#2,'design');
#9463 = CONTEXT_DEPENDENT_SHAPE_REPRESENTATION(#9464,#9466);
#9464 = ( REPRESENTATION_RELATIONSHIP('','',#9438,#10) 
REPRESENTATION_RELATIONSHIP_WITH_TRANSFORMATION(#9465) 
SHAPE_REPRESENTATION_RELATIONSHIP() );
#9465 = ITEM_DEFINED_TRANSFORMATION('','',#11,#1083);
#9466 = PRODUCT_DEFINITION_SHAPE('Placement','Placement of an item',
  #9467);
#9467 = NEXT_ASSEMBLY_USAGE_OCCURRENCE('268','=>[0:1:1:269]','',#5,#9458
  ,$);
#9468 = PRODUCT_RELATED_PRODUCT_CATEGORY('part',$,(#9460));
#9469 = ADVANCED_BREP_SHAPE_REPRESENTATION('',(#11,#9470),#9482);
#9470 = MANIFOLD_SOLID_BREP('',#9471);
#9471 = CLOSED_SHELL('',(#9472));
#9472 = ADVANCED_FACE('',(#9473),#9477,.T.);
#9473 = FACE_BOUND('',#9474,.T.);
#9474 = VERTEX_LOOP('',#9475);
#9475 = VERTEX_POINT('',#9476);
#9476 = CARTESIAN_POINT('',(1.071565949254E-17,-2.624579619658E-33,
    -0.175));
#9477 = SPHERICAL_SURFACE('',#9478,0.175);
#9478 = AXIS2_PLACEMENT_3D('',#9479,#9480,#9481);
#9479 = CARTESIAN_POINT('',(0.,0.,0.));
#9480 = DIRECTION('',(0.,0.,1.));
#9481 = DIRECTION('',(1.,0.,-0.));
#9482 = ( GEOMETRIC_REPRESENTATION_CONTEXT(3) 
GLOBAL_UNCERTAINTY_ASSIGNED_CONTEXT((#9486)) 
GLOBAL_UNIT_ASSIGNED_CONTEXT((#9483,#9484,#9485)) REPRESENTATION_CONTEXT
('Context #1','3D Context with UNIT and UNCERTAINTY') );
#9483 = ( LENGTH_UNIT() NAMED_UNIT(*) SI_UNIT(.MILLI.,.METRE.) );
#9484 = ( NAMED_UNIT(*) PLANE_ANGLE_UNIT() SI_UNIT($,.RADIAN.) );
#9485 = ( NAMED_UNIT(*) SI_UNIT($,.STERADIAN.) SOLID_ANGLE_UNIT() );
#9486 = UNCERTAINTY_MEASURE_WITH_UNIT(LENGTH_MEASURE(1.E-07),#9483,
  'distance_accuracy_value','confusion accuracy');
#9487 = SHAPE_DEFINITION_REPRESENTATION(#9488,#9469);
#9488 = PRODUCT_DEFINITION_SHAPE('','',#9489);
#9489 = PRODUCT_DEFINITION('design','',#9490,#9493);
#9490 = PRODUCT_DEFINITION_FORMATION('','',#9491);
#9491 = PRODUCT('U18','U18','',(#9492));
#9492 = PRODUCT_CONTEXT('',#2,'mechanical');
#9493 = PRODUCT_DEFINITION_CONTEXT('part definition',#2,'design');
#9494 = CONTEXT_DEPENDENT_SHAPE_REPRESENTATION(#9495,#9497);
#9495 = ( REPRESENTATION_RELATIONSHIP('','',#9469,#10) 
REPRESENTATION_RELATIONSHIP_WITH_TRANSFORMATION(#9496) 
SHAPE_REPRESENTATION_RELATIONSHIP() );
#9496 = ITEM_DEFINED_TRANSFORMATION('','',#11,#1087);
#9497 = PRODUCT_DEFINITION_SHAPE('Placement','Placement of an item',
  #9498);
#9498 = NEXT_ASSEMBLY_USAGE_OCCURRENCE('269','=>[0:1:1:270]','',#5,#9489
  ,$);
#9499 = PRODUCT_RELATED_PRODUCT_CATEGORY('part',$,(#9491));
#9500 = ADVANCED_BREP_SHAPE_REPRESENTATION('',(#11,#9501),#9513);
#9501 = MANIFOLD_SOLID_BREP('',#9502);
#9502 = CLOSED_SHELL('',(#9503));
#9503 = ADVANCED_FACE('',(#9504),#9508,.T.);
#9504 = FACE_BOUND('',#9505,.T.);
#9505 = VERTEX_LOOP('',#9506);
#9506 = VERTEX_POINT('',#9507);
#9507 = CARTESIAN_POINT('',(1.071565949254E-17,-2.624579619658E-33,
    -0.175));
#9508 = SPHERICAL_SURFACE('',#9509,0.175);
#9509 = AXIS2_PLACEMENT_3D('',#9510,#9511,#9512);
#9510 = CARTESIAN_POINT('',(0.,0.,0.));
#9511 = DIRECTION('',(0.,0.,1.));
#9512 = DIRECTION('',(1.,0.,-0.));
#9513 = ( GEOMETRIC_REPRESENTATION_CONTEXT(3) 
GLOBAL_UNCERTAINTY_ASSIGNED_CONTEXT((#9517)) 
GLOBAL_UNIT_ASSIGNED_CONTEXT((#9514,#9515,#9516)) REPRESENTATION_CONTEXT
('Context #1','3D Context with UNIT and UNCERTAINTY') );
#9514 = ( LENGTH_UNIT() NAMED_UNIT(*) SI_UNIT(.MILLI.,.METRE.) );
#9515 = ( NAMED_UNIT(*) PLANE_ANGLE_UNIT() SI_UNIT($,.RADIAN.) );
#9516 = ( NAMED_UNIT(*) SI_UNIT($,.STERADIAN.) SOLID_ANGLE_UNIT() );
#9517 = UNCERTAINTY_MEASURE_WITH_UNIT(LENGTH_MEASURE(1.E-07),#9514,
  'distance_accuracy_value','confusion accuracy');
#9518 = SHAPE_DEFINITION_REPRESENTATION(#9519,#9500);
#9519 = PRODUCT_DEFINITION_SHAPE('','',#9520);
#9520 = PRODUCT_DEFINITION('design','',#9521,#9524);
#9521 = PRODUCT_DEFINITION_FORMATION('','',#9522);
#9522 = PRODUCT('U19','U19','',(#9523));
#9523 = PRODUCT_CONTEXT('',#2,'mechanical');
#9524 = PRODUCT_DEFINITION_CONTEXT('part definition',#2,'design');
#9525 = CONTEXT_DEPENDENT_SHAPE_REPRESENTATION(#9526,#9528);
#9526 = ( REPRESENTATION_RELATIONSHIP('','',#9500,#10) 
REPRESENTATION_RELATIONSHIP_WITH_TRANSFORMATION(#9527) 
SHAPE_REPRESENTATION_RELATIONSHIP() );
#9527 = ITEM_DEFINED_TRANSFORMATION('','',#11,#1091);
#9528 = PRODUCT_DEFINITION_SHAPE('Placement','Placement of an item',
  #9529);
#9529 = NEXT_ASSEMBLY_USAGE_OCCURRENCE('270','=>[0:1:1:271]','',#5,#9520
  ,$);
#9530 = PRODUCT_RELATED_PRODUCT_CATEGORY('part',$,(#9522));
#9531 = ADVANCED_BREP_SHAPE_REPRESENTATION('',(#11,#9532),#9544);
#9532 = MANIFOLD_SOLID_BREP('',#9533);
#9533 = CLOSED_SHELL('',(#9534));
#9534 = ADVANCED_FACE('',(#9535),#9539,.T.);
#9535 = FACE_BOUND('',#9536,.T.);
#9536 = VERTEX_LOOP('',#9537);
#9537 = VERTEX_POINT('',#9538);
#9538 = CARTESIAN_POINT('',(1.071565949254E-17,-2.624579619658E-33,
    -0.175));
#9539 = SPHERICAL_SURFACE('',#9540,0.175);
#9540 = AXIS2_PLACEMENT_3D('',#9541,#9542,#9543);
#9541 = CARTESIAN_POINT('',(0.,0.,0.));
#9542 = DIRECTION('',(0.,0.,1.));
#9543 = DIRECTION('',(1.,0.,-0.));
#9544 = ( GEOMETRIC_REPRESENTATION_CONTEXT(3) 
GLOBAL_UNCERTAINTY_ASSIGNED_CONTEXT((#9548)) 
GLOBAL_UNIT_ASSIGNED_CONTEXT((#9545,#9546,#9547)) REPRESENTATION_CONTEXT
('Context #1','3D Context with UNIT and UNCERTAINTY') );
#9545 = ( LENGTH_UNIT() NAMED_UNIT(*) SI_UNIT(.MILLI.,.METRE.) );
#9546 = ( NAMED_UNIT(*) PLANE_ANGLE_UNIT() SI_UNIT($,.RADIAN.) );
#9547 = ( NAMED_UNIT(*) SI_UNIT($,.STERADIAN.) SOLID_ANGLE_UNIT() );
#9548 = UNCERTAINTY_MEASURE_WITH_UNIT(LENGTH_MEASURE(1.E-07),#9545,
  'distance_accuracy_value','confusion accuracy');
#9549 = SHAPE_DEFINITION_REPRESENTATION(#9550,#9531);
#9550 = PRODUCT_DEFINITION_SHAPE('','',#9551);
#9551 = PRODUCT_DEFINITION('design','',#9552,#9555);
#9552 = PRODUCT_DEFINITION_FORMATION('','',#9553);
#9553 = PRODUCT('U20','U20','',(#9554));
#9554 = PRODUCT_CONTEXT('',#2,'mechanical');
#9555 = PRODUCT_DEFINITION_CONTEXT('part definition',#2,'design');
#9556 = CONTEXT_DEPENDENT_SHAPE_REPRESENTATION(#9557,#9559);
#9557 = ( REPRESENTATION_RELATIONSHIP('','',#9531,#10) 
REPRESENTATION_RELATIONSHIP_WITH_TRANSFORMATION(#9558) 
SHAPE_REPRESENTATION_RELATIONSHIP() );
#9558 = ITEM_DEFINED_TRANSFORMATION('','',#11,#1095);
#9559 = PRODUCT_DEFINITION_SHAPE('Placement','Placement of an item',
  #9560);
#9560 = NEXT_ASSEMBLY_USAGE_OCCURRENCE('271','=>[0:1:1:272]','',#5,#9551
  ,$);
#9561 = PRODUCT_RELATED_PRODUCT_CATEGORY('part',$,(#9553));
#9562 = ADVANCED_BREP_SHAPE_REPRESENTATION('',(#11,#9563),#9575);
#9563 = MANIFOLD_SOLID_BREP('',#9564);
#9564 = CLOSED_SHELL('',(#9565));
#9565 = ADVANCED_FACE('',(#9566),#9570,.T.);
#9566 = FACE_BOUND('',#9567,.T.);
#9567 = VERTEX_LOOP('',#9568);
#9568 = VERTEX_POINT('',#9569);
#9569 = CARTESIAN_POINT('',(1.071565949254E-17,-2.624579619658E-33,
    -0.175));
#9570 = SPHERICAL_SURFACE('',#9571,0.175);
#9571 = AXIS2_PLACEMENT_3D('',#9572,#9573,#9574);
#9572 = CARTESIAN_POINT('',(0.,0.,0.));
#9573 = DIRECTION('',(0.,0.,1.));
#9574 = DIRECTION('',(1.,0.,-0.));
#9575 = ( GEOMETRIC_REPRESENTATION_CONTEXT(3) 
GLOBAL_UNCERTAINTY_ASSIGNED_CONTEXT((#9579)) 
GLOBAL_UNIT_ASSIGNED_CONTEXT((#9576,#9577,#9578)) REPRESENTATION_CONTEXT
('Context #1','3D Context with UNIT and UNCERTAINTY') );
#9576 = ( LENGTH_UNIT() NAMED_UNIT(*) SI_UNIT(.MILLI.,.METRE.) );
#9577 = ( NAMED_UNIT(*) PLANE_ANGLE_UNIT() SI_UNIT($,.RADIAN.) );
#9578 = ( NAMED_UNIT(*) SI_UNIT($,.STERADIAN.) SOLID_ANGLE_UNIT() );
#9579 = UNCERTAINTY_MEASURE_WITH_UNIT(LENGTH_MEASURE(1.E-07),#9576,
  'distance_accuracy_value','confusion accuracy');
#9580 = SHAPE_DEFINITION_REPRESENTATION(#9581,#9562);
#9581 = PRODUCT_DEFINITION_SHAPE('','',#9582);
#9582 = PRODUCT_DEFINITION('design','',#9583,#9586);
#9583 = PRODUCT_DEFINITION_FORMATION('','',#9584);
#9584 = PRODUCT('U21','U21','',(#9585));
#9585 = PRODUCT_CONTEXT('',#2,'mechanical');
#9586 = PRODUCT_DEFINITION_CONTEXT('part definition',#2,'design');
#9587 = CONTEXT_DEPENDENT_SHAPE_REPRESENTATION(#9588,#9590);
#9588 = ( REPRESENTATION_RELATIONSHIP('','',#9562,#10) 
REPRESENTATION_RELATIONSHIP_WITH_TRANSFORMATION(#9589) 
SHAPE_REPRESENTATION_RELATIONSHIP() );
#9589 = ITEM_DEFINED_TRANSFORMATION('','',#11,#1099);
#9590 = PRODUCT_DEFINITION_SHAPE('Placement','Placement of an item',
  #9591);
#9591 = NEXT_ASSEMBLY_USAGE_OCCURRENCE('272','=>[0:1:1:273]','',#5,#9582
  ,$);
#9592 = PRODUCT_RELATED_PRODUCT_CATEGORY('part',$,(#9584));
#9593 = ADVANCED_BREP_SHAPE_REPRESENTATION('',(#11,#9594),#9606);
#9594 = MANIFOLD_SOLID_BREP('',#9595);
#9595 = CLOSED_SHELL('',(#9596));
#9596 = ADVANCED_FACE('',(#9597),#9601,.T.);
#9597 = FACE_BOUND('',#9598,.T.);
#9598 = VERTEX_LOOP('',#9599);
#9599 = VERTEX_POINT('',#9600);
#9600 = CARTESIAN_POINT('',(1.071565949254E-17,-2.624579619658E-33,
    -0.175));
#9601 = SPHERICAL_SURFACE('',#9602,0.175);
#9602 = AXIS2_PLACEMENT_3D('',#9603,#9604,#9605);
#9603 = CARTESIAN_POINT('',(0.,0.,0.));
#9604 = DIRECTION('',(0.,0.,1.));
#9605 = DIRECTION('',(1.,0.,-0.));
#9606 = ( GEOMETRIC_REPRESENTATION_CONTEXT(3) 
GLOBAL_UNCERTAINTY_ASSIGNED_CONTEXT((#9610)) 
GLOBAL_UNIT_ASSIGNED_CONTEXT((#9607,#9608,#9609)) REPRESENTATION_CONTEXT
('Context #1','3D Context with UNIT and UNCERTAINTY') );
#9607 = ( LENGTH_UNIT() NAMED_UNIT(*) SI_UNIT(.MILLI.,.METRE.) );
#9608 = ( NAMED_UNIT(*) PLANE_ANGLE_UNIT() SI_UNIT($,.RADIAN.) );
#9609 = ( NAMED_UNIT(*) SI_UNIT($,.STERADIAN.) SOLID_ANGLE_UNIT() );
#9610 = UNCERTAINTY_MEASURE_WITH_UNIT(LENGTH_MEASURE(1.E-07),#9607,
  'distance_accuracy_value','confusion accuracy');
#9611 = SHAPE_DEFINITION_REPRESENTATION(#9612,#9593);
#9612 = PRODUCT_DEFINITION_SHAPE('','',#9613);
#9613 = PRODUCT_DEFINITION('design','',#9614,#9617);
#9614 = PRODUCT_DEFINITION_FORMATION('','',#9615);
#9615 = PRODUCT('V1','V1','',(#9616));
#9616 = PRODUCT_CONTEXT('',#2,'mechanical');
#9617 = PRODUCT_DEFINITION_CONTEXT('part definition',#2,'design');
#9618 = CONTEXT_DEPENDENT_SHAPE_REPRESENTATION(#9619,#9621);
#9619 = ( REPRESENTATION_RELATIONSHIP('','',#9593,#10) 
REPRESENTATION_RELATIONSHIP_WITH_TRANSFORMATION(#9620) 
SHAPE_REPRESENTATION_RELATIONSHIP() );
#9620 = ITEM_DEFINED_TRANSFORMATION('','',#11,#1103);
#9621 = PRODUCT_DEFINITION_SHAPE('Placement','Placement of an item',
  #9622);
#9622 = NEXT_ASSEMBLY_USAGE_OCCURRENCE('273','=>[0:1:1:274]','',#5,#9613
  ,$);
#9623 = PRODUCT_RELATED_PRODUCT_CATEGORY('part',$,(#9615));
#9624 = ADVANCED_BREP_SHAPE_REPRESENTATION('',(#11,#9625),#9637);
#9625 = MANIFOLD_SOLID_BREP('',#9626);
#9626 = CLOSED_SHELL('',(#9627));
#9627 = ADVANCED_FACE('',(#9628),#9632,.T.);
#9628 = FACE_BOUND('',#9629,.T.);
#9629 = VERTEX_LOOP('',#9630);
#9630 = VERTEX_POINT('',#9631);
#9631 = CARTESIAN_POINT('',(1.071565949254E-17,-2.624579619658E-33,
    -0.175));
#9632 = SPHERICAL_SURFACE('',#9633,0.175);
#9633 = AXIS2_PLACEMENT_3D('',#9634,#9635,#9636);
#9634 = CARTESIAN_POINT('',(0.,0.,0.));
#9635 = DIRECTION('',(0.,0.,1.));
#9636 = DIRECTION('',(1.,0.,-0.));
#9637 = ( GEOMETRIC_REPRESENTATION_CONTEXT(3) 
GLOBAL_UNCERTAINTY_ASSIGNED_CONTEXT((#9641)) 
GLOBAL_UNIT_ASSIGNED_CONTEXT((#9638,#9639,#9640)) REPRESENTATION_CONTEXT
('Context #1','3D Context with UNIT and UNCERTAINTY') );
#9638 = ( LENGTH_UNIT() NAMED_UNIT(*) SI_UNIT(.MILLI.,.METRE.) );
#9639 = ( NAMED_UNIT(*) PLANE_ANGLE_UNIT() SI_UNIT($,.RADIAN.) );
#9640 = ( NAMED_UNIT(*) SI_UNIT($,.STERADIAN.) SOLID_ANGLE_UNIT() );
#9641 = UNCERTAINTY_MEASURE_WITH_UNIT(LENGTH_MEASURE(1.E-07),#9638,
  'distance_accuracy_value','confusion accuracy');
#9642 = SHAPE_DEFINITION_REPRESENTATION(#9643,#9624);
#9643 = PRODUCT_DEFINITION_SHAPE('','',#9644);
#9644 = PRODUCT_DEFINITION('design','',#9645,#9648);
#9645 = PRODUCT_DEFINITION_FORMATION('','',#9646);
#9646 = PRODUCT('V2','V2','',(#9647));
#9647 = PRODUCT_CONTEXT('',#2,'mechanical');
#9648 = PRODUCT_DEFINITION_CONTEXT('part definition',#2,'design');
#9649 = CONTEXT_DEPENDENT_SHAPE_REPRESENTATION(#9650,#9652);
#9650 = ( REPRESENTATION_RELATIONSHIP('','',#9624,#10) 
REPRESENTATION_RELATIONSHIP_WITH_TRANSFORMATION(#9651) 
SHAPE_REPRESENTATION_RELATIONSHIP() );
#9651 = ITEM_DEFINED_TRANSFORMATION('','',#11,#1107);
#9652 = PRODUCT_DEFINITION_SHAPE('Placement','Placement of an item',
  #9653);
#9653 = NEXT_ASSEMBLY_USAGE_OCCURRENCE('274','=>[0:1:1:275]','',#5,#9644
  ,$);
#9654 = PRODUCT_RELATED_PRODUCT_CATEGORY('part',$,(#9646));
#9655 = ADVANCED_BREP_SHAPE_REPRESENTATION('',(#11,#9656),#9668);
#9656 = MANIFOLD_SOLID_BREP('',#9657);
#9657 = CLOSED_SHELL('',(#9658));
#9658 = ADVANCED_FACE('',(#9659),#9663,.T.);
#9659 = FACE_BOUND('',#9660,.T.);
#9660 = VERTEX_LOOP('',#9661);
#9661 = VERTEX_POINT('',#9662);
#9662 = CARTESIAN_POINT('',(1.071565949254E-17,-2.624579619658E-33,
    -0.175));
#9663 = SPHERICAL_SURFACE('',#9664,0.175);
#9664 = AXIS2_PLACEMENT_3D('',#9665,#9666,#9667);
#9665 = CARTESIAN_POINT('',(0.,0.,0.));
#9666 = DIRECTION('',(0.,0.,1.));
#9667 = DIRECTION('',(1.,0.,-0.));
#9668 = ( GEOMETRIC_REPRESENTATION_CONTEXT(3) 
GLOBAL_UNCERTAINTY_ASSIGNED_CONTEXT((#9672)) 
GLOBAL_UNIT_ASSIGNED_CONTEXT((#9669,#9670,#9671)) REPRESENTATION_CONTEXT
('Context #1','3D Context with UNIT and UNCERTAINTY') );
#9669 = ( LENGTH_UNIT() NAMED_UNIT(*) SI_UNIT(.MILLI.,.METRE.) );
#9670 = ( NAMED_UNIT(*) PLANE_ANGLE_UNIT() SI_UNIT($,.RADIAN.) );
#9671 = ( NAMED_UNIT(*) SI_UNIT($,.STERADIAN.) SOLID_ANGLE_UNIT() );
#9672 = UNCERTAINTY_MEASURE_WITH_UNIT(LENGTH_MEASURE(1.E-07),#9669,
  'distance_accuracy_value','confusion accuracy');
#9673 = SHAPE_DEFINITION_REPRESENTATION(#9674,#9655);
#9674 = PRODUCT_DEFINITION_SHAPE('','',#9675);
#9675 = PRODUCT_DEFINITION('design','',#9676,#9679);
#9676 = PRODUCT_DEFINITION_FORMATION('','',#9677);
#9677 = PRODUCT('V3','V3','',(#9678));
#9678 = PRODUCT_CONTEXT('',#2,'mechanical');
#9679 = PRODUCT_DEFINITION_CONTEXT('part definition',#2,'design');
#9680 = CONTEXT_DEPENDENT_SHAPE_REPRESENTATION(#9681,#9683);
#9681 = ( REPRESENTATION_RELATIONSHIP('','',#9655,#10) 
REPRESENTATION_RELATIONSHIP_WITH_TRANSFORMATION(#9682) 
SHAPE_REPRESENTATION_RELATIONSHIP() );
#9682 = ITEM_DEFINED_TRANSFORMATION('','',#11,#1111);
#9683 = PRODUCT_DEFINITION_SHAPE('Placement','Placement of an item',
  #9684);
#9684 = NEXT_ASSEMBLY_USAGE_OCCURRENCE('275','=>[0:1:1:276]','',#5,#9675
  ,$);
#9685 = PRODUCT_RELATED_PRODUCT_CATEGORY('part',$,(#9677));
#9686 = ADVANCED_BREP_SHAPE_REPRESENTATION('',(#11,#9687),#9699);
#9687 = MANIFOLD_SOLID_BREP('',#9688);
#9688 = CLOSED_SHELL('',(#9689));
#9689 = ADVANCED_FACE('',(#9690),#9694,.T.);
#9690 = FACE_BOUND('',#9691,.T.);
#9691 = VERTEX_LOOP('',#9692);
#9692 = VERTEX_POINT('',#9693);
#9693 = CARTESIAN_POINT('',(1.071565949254E-17,-2.624579619658E-33,
    -0.175));
#9694 = SPHERICAL_SURFACE('',#9695,0.175);
#9695 = AXIS2_PLACEMENT_3D('',#9696,#9697,#9698);
#9696 = CARTESIAN_POINT('',(0.,0.,0.));
#9697 = DIRECTION('',(0.,0.,1.));
#9698 = DIRECTION('',(1.,0.,-0.));
#9699 = ( GEOMETRIC_REPRESENTATION_CONTEXT(3) 
GLOBAL_UNCERTAINTY_ASSIGNED_CONTEXT((#9703)) 
GLOBAL_UNIT_ASSIGNED_CONTEXT((#9700,#9701,#9702)) REPRESENTATION_CONTEXT
('Context #1','3D Context with UNIT and UNCERTAINTY') );
#9700 = ( LENGTH_UNIT() NAMED_UNIT(*) SI_UNIT(.MILLI.,.METRE.) );
#9701 = ( NAMED_UNIT(*) PLANE_ANGLE_UNIT() SI_UNIT($,.RADIAN.) );
#9702 = ( NAMED_UNIT(*) SI_UNIT($,.STERADIAN.) SOLID_ANGLE_UNIT() );
#9703 = UNCERTAINTY_MEASURE_WITH_UNIT(LENGTH_MEASURE(1.E-07),#9700,
  'distance_accuracy_value','confusion accuracy');
#9704 = SHAPE_DEFINITION_REPRESENTATION(#9705,#9686);
#9705 = PRODUCT_DEFINITION_SHAPE('','',#9706);
#9706 = PRODUCT_DEFINITION('design','',#9707,#9710);
#9707 = PRODUCT_DEFINITION_FORMATION('','',#9708);
#9708 = PRODUCT('V5','V5','',(#9709));
#9709 = PRODUCT_CONTEXT('',#2,'mechanical');
#9710 = PRODUCT_DEFINITION_CONTEXT('part definition',#2,'design');
#9711 = CONTEXT_DEPENDENT_SHAPE_REPRESENTATION(#9712,#9714);
#9712 = ( REPRESENTATION_RELATIONSHIP('','',#9686,#10) 
REPRESENTATION_RELATIONSHIP_WITH_TRANSFORMATION(#9713) 
SHAPE_REPRESENTATION_RELATIONSHIP() );
#9713 = ITEM_DEFINED_TRANSFORMATION('','',#11,#1115);
#9714 = PRODUCT_DEFINITION_SHAPE('Placement','Placement of an item',
  #9715);
#9715 = NEXT_ASSEMBLY_USAGE_OCCURRENCE('276','=>[0:1:1:277]','',#5,#9706
  ,$);
#9716 = PRODUCT_RELATED_PRODUCT_CATEGORY('part',$,(#9708));
#9717 = ADVANCED_BREP_SHAPE_REPRESENTATION('',(#11,#9718),#9730);
#9718 = MANIFOLD_SOLID_BREP('',#9719);
#9719 = CLOSED_SHELL('',(#9720));
#9720 = ADVANCED_FACE('',(#9721),#9725,.T.);
#9721 = FACE_BOUND('',#9722,.T.);
#9722 = VERTEX_LOOP('',#9723);
#9723 = VERTEX_POINT('',#9724);
#9724 = CARTESIAN_POINT('',(1.071565949254E-17,-2.624579619658E-33,
    -0.175));
#9725 = SPHERICAL_SURFACE('',#9726,0.175);
#9726 = AXIS2_PLACEMENT_3D('',#9727,#9728,#9729);
#9727 = CARTESIAN_POINT('',(0.,0.,0.));
#9728 = DIRECTION('',(0.,0.,1.));
#9729 = DIRECTION('',(1.,0.,-0.));
#9730 = ( GEOMETRIC_REPRESENTATION_CONTEXT(3) 
GLOBAL_UNCERTAINTY_ASSIGNED_CONTEXT((#9734)) 
GLOBAL_UNIT_ASSIGNED_CONTEXT((#9731,#9732,#9733)) REPRESENTATION_CONTEXT
('Context #1','3D Context with UNIT and UNCERTAINTY') );
#9731 = ( LENGTH_UNIT() NAMED_UNIT(*) SI_UNIT(.MILLI.,.METRE.) );
#9732 = ( NAMED_UNIT(*) PLANE_ANGLE_UNIT() SI_UNIT($,.RADIAN.) );
#9733 = ( NAMED_UNIT(*) SI_UNIT($,.STERADIAN.) SOLID_ANGLE_UNIT() );
#9734 = UNCERTAINTY_MEASURE_WITH_UNIT(LENGTH_MEASURE(1.E-07),#9731,
  'distance_accuracy_value','confusion accuracy');
#9735 = SHAPE_DEFINITION_REPRESENTATION(#9736,#9717);
#9736 = PRODUCT_DEFINITION_SHAPE('','',#9737);
#9737 = PRODUCT_DEFINITION('design','',#9738,#9741);
#9738 = PRODUCT_DEFINITION_FORMATION('','',#9739);
#9739 = PRODUCT('V8','V8','',(#9740));
#9740 = PRODUCT_CONTEXT('',#2,'mechanical');
#9741 = PRODUCT_DEFINITION_CONTEXT('part definition',#2,'design');
#9742 = CONTEXT_DEPENDENT_SHAPE_REPRESENTATION(#9743,#9745);
#9743 = ( REPRESENTATION_RELATIONSHIP('','',#9717,#10) 
REPRESENTATION_RELATIONSHIP_WITH_TRANSFORMATION(#9744) 
SHAPE_REPRESENTATION_RELATIONSHIP() );
#9744 = ITEM_DEFINED_TRANSFORMATION('','',#11,#1119);
#9745 = PRODUCT_DEFINITION_SHAPE('Placement','Placement of an item',
  #9746);
#9746 = NEXT_ASSEMBLY_USAGE_OCCURRENCE('277','=>[0:1:1:278]','',#5,#9737
  ,$);
#9747 = PRODUCT_RELATED_PRODUCT_CATEGORY('part',$,(#9739));
#9748 = ADVANCED_BREP_SHAPE_REPRESENTATION('',(#11,#9749),#9761);
#9749 = MANIFOLD_SOLID_BREP('',#9750);
#9750 = CLOSED_SHELL('',(#9751));
#9751 = ADVANCED_FACE('',(#9752),#9756,.T.);
#9752 = FACE_BOUND('',#9753,.T.);
#9753 = VERTEX_LOOP('',#9754);
#9754 = VERTEX_POINT('',#9755);
#9755 = CARTESIAN_POINT('',(1.071565949254E-17,-2.624579619658E-33,
    -0.175));
#9756 = SPHERICAL_SURFACE('',#9757,0.175);
#9757 = AXIS2_PLACEMENT_3D('',#9758,#9759,#9760);
#9758 = CARTESIAN_POINT('',(0.,0.,0.));
#9759 = DIRECTION('',(0.,0.,1.));
#9760 = DIRECTION('',(1.,0.,-0.));
#9761 = ( GEOMETRIC_REPRESENTATION_CONTEXT(3) 
GLOBAL_UNCERTAINTY_ASSIGNED_CONTEXT((#9765)) 
GLOBAL_UNIT_ASSIGNED_CONTEXT((#9762,#9763,#9764)) REPRESENTATION_CONTEXT
('Context #1','3D Context with UNIT and UNCERTAINTY') );
#9762 = ( LENGTH_UNIT() NAMED_UNIT(*) SI_UNIT(.MILLI.,.METRE.) );
#9763 = ( NAMED_UNIT(*) PLANE_ANGLE_UNIT() SI_UNIT($,.RADIAN.) );
#9764 = ( NAMED_UNIT(*) SI_UNIT($,.STERADIAN.) SOLID_ANGLE_UNIT() );
#9765 = UNCERTAINTY_MEASURE_WITH_UNIT(LENGTH_MEASURE(1.E-07),#9762,
  'distance_accuracy_value','confusion accuracy');
#9766 = SHAPE_DEFINITION_REPRESENTATION(#9767,#9748);
#9767 = PRODUCT_DEFINITION_SHAPE('','',#9768);
#9768 = PRODUCT_DEFINITION('design','',#9769,#9772);
#9769 = PRODUCT_DEFINITION_FORMATION('','',#9770);
#9770 = PRODUCT('V10','V10','',(#9771));
#9771 = PRODUCT_CONTEXT('',#2,'mechanical');
#9772 = PRODUCT_DEFINITION_CONTEXT('part definition',#2,'design');
#9773 = CONTEXT_DEPENDENT_SHAPE_REPRESENTATION(#9774,#9776);
#9774 = ( REPRESENTATION_RELATIONSHIP('','',#9748,#10) 
REPRESENTATION_RELATIONSHIP_WITH_TRANSFORMATION(#9775) 
SHAPE_REPRESENTATION_RELATIONSHIP() );
#9775 = ITEM_DEFINED_TRANSFORMATION('','',#11,#1123);
#9776 = PRODUCT_DEFINITION_SHAPE('Placement','Placement of an item',
  #9777);
#9777 = NEXT_ASSEMBLY_USAGE_OCCURRENCE('278','=>[0:1:1:279]','',#5,#9768
  ,$);
#9778 = PRODUCT_RELATED_PRODUCT_CATEGORY('part',$,(#9770));
#9779 = ADVANCED_BREP_SHAPE_REPRESENTATION('',(#11,#9780),#9792);
#9780 = MANIFOLD_SOLID_BREP('',#9781);
#9781 = CLOSED_SHELL('',(#9782));
#9782 = ADVANCED_FACE('',(#9783),#9787,.T.);
#9783 = FACE_BOUND('',#9784,.T.);
#9784 = VERTEX_LOOP('',#9785);
#9785 = VERTEX_POINT('',#9786);
#9786 = CARTESIAN_POINT('',(1.071565949254E-17,-2.624579619658E-33,
    -0.175));
#9787 = SPHERICAL_SURFACE('',#9788,0.175);
#9788 = AXIS2_PLACEMENT_3D('',#9789,#9790,#9791);
#9789 = CARTESIAN_POINT('',(0.,0.,0.));
#9790 = DIRECTION('',(0.,0.,1.));
#9791 = DIRECTION('',(1.,0.,-0.));
#9792 = ( GEOMETRIC_REPRESENTATION_CONTEXT(3) 
GLOBAL_UNCERTAINTY_ASSIGNED_CONTEXT((#9796)) 
GLOBAL_UNIT_ASSIGNED_CONTEXT((#9793,#9794,#9795)) REPRESENTATION_CONTEXT
('Context #1','3D Context with UNIT and UNCERTAINTY') );
#9793 = ( LENGTH_UNIT() NAMED_UNIT(*) SI_UNIT(.MILLI.,.METRE.) );
#9794 = ( NAMED_UNIT(*) PLANE_ANGLE_UNIT() SI_UNIT($,.RADIAN.) );
#9795 = ( NAMED_UNIT(*) SI_UNIT($,.STERADIAN.) SOLID_ANGLE_UNIT() );
#9796 = UNCERTAINTY_MEASURE_WITH_UNIT(LENGTH_MEASURE(1.E-07),#9793,
  'distance_accuracy_value','confusion accuracy');
#9797 = SHAPE_DEFINITION_REPRESENTATION(#9798,#9779);
#9798 = PRODUCT_DEFINITION_SHAPE('','',#9799);
#9799 = PRODUCT_DEFINITION('design','',#9800,#9803);
#9800 = PRODUCT_DEFINITION_FORMATION('','',#9801);
#9801 = PRODUCT('V12','V12','',(#9802));
#9802 = PRODUCT_CONTEXT('',#2,'mechanical');
#9803 = PRODUCT_DEFINITION_CONTEXT('part definition',#2,'design');
#9804 = CONTEXT_DEPENDENT_SHAPE_REPRESENTATION(#9805,#9807);
#9805 = ( REPRESENTATION_RELATIONSHIP('','',#9779,#10) 
REPRESENTATION_RELATIONSHIP_WITH_TRANSFORMATION(#9806) 
SHAPE_REPRESENTATION_RELATIONSHIP() );
#9806 = ITEM_DEFINED_TRANSFORMATION('','',#11,#1127);
#9807 = PRODUCT_DEFINITION_SHAPE('Placement','Placement of an item',
  #9808);
#9808 = NEXT_ASSEMBLY_USAGE_OCCURRENCE('279','=>[0:1:1:280]','',#5,#9799
  ,$);
#9809 = PRODUCT_RELATED_PRODUCT_CATEGORY('part',$,(#9801));
#9810 = ADVANCED_BREP_SHAPE_REPRESENTATION('',(#11,#9811),#9823);
#9811 = MANIFOLD_SOLID_BREP('',#9812);
#9812 = CLOSED_SHELL('',(#9813));
#9813 = ADVANCED_FACE('',(#9814),#9818,.T.);
#9814 = FACE_BOUND('',#9815,.T.);
#9815 = VERTEX_LOOP('',#9816);
#9816 = VERTEX_POINT('',#9817);
#9817 = CARTESIAN_POINT('',(1.071565949254E-17,-2.624579619658E-33,
    -0.175));
#9818 = SPHERICAL_SURFACE('',#9819,0.175);
#9819 = AXIS2_PLACEMENT_3D('',#9820,#9821,#9822);
#9820 = CARTESIAN_POINT('',(0.,0.,0.));
#9821 = DIRECTION('',(0.,0.,1.));
#9822 = DIRECTION('',(1.,0.,-0.));
#9823 = ( GEOMETRIC_REPRESENTATION_CONTEXT(3) 
GLOBAL_UNCERTAINTY_ASSIGNED_CONTEXT((#9827)) 
GLOBAL_UNIT_ASSIGNED_CONTEXT((#9824,#9825,#9826)) REPRESENTATION_CONTEXT
('Context #1','3D Context with UNIT and UNCERTAINTY') );
#9824 = ( LENGTH_UNIT() NAMED_UNIT(*) SI_UNIT(.MILLI.,.METRE.) );
#9825 = ( NAMED_UNIT(*) PLANE_ANGLE_UNIT() SI_UNIT($,.RADIAN.) );
#9826 = ( NAMED_UNIT(*) SI_UNIT($,.STERADIAN.) SOLID_ANGLE_UNIT() );
#9827 = UNCERTAINTY_MEASURE_WITH_UNIT(LENGTH_MEASURE(1.E-07),#9824,
  'distance_accuracy_value','confusion accuracy');
#9828 = SHAPE_DEFINITION_REPRESENTATION(#9829,#9810);
#9829 = PRODUCT_DEFINITION_SHAPE('','',#9830);
#9830 = PRODUCT_DEFINITION('design','',#9831,#9834);
#9831 = PRODUCT_DEFINITION_FORMATION('','',#9832);
#9832 = PRODUCT('V15','V15','',(#9833));
#9833 = PRODUCT_CONTEXT('',#2,'mechanical');
#9834 = PRODUCT_DEFINITION_CONTEXT('part definition',#2,'design');
#9835 = CONTEXT_DEPENDENT_SHAPE_REPRESENTATION(#9836,#9838);
#9836 = ( REPRESENTATION_RELATIONSHIP('','',#9810,#10) 
REPRESENTATION_RELATIONSHIP_WITH_TRANSFORMATION(#9837) 
SHAPE_REPRESENTATION_RELATIONSHIP() );
#9837 = ITEM_DEFINED_TRANSFORMATION('','',#11,#1131);
#9838 = PRODUCT_DEFINITION_SHAPE('Placement','Placement of an item',
  #9839);
#9839 = NEXT_ASSEMBLY_USAGE_OCCURRENCE('280','=>[0:1:1:281]','',#5,#9830
  ,$);
#9840 = PRODUCT_RELATED_PRODUCT_CATEGORY('part',$,(#9832));
#9841 = ADVANCED_BREP_SHAPE_REPRESENTATION('',(#11,#9842),#9854);
#9842 = MANIFOLD_SOLID_BREP('',#9843);
#9843 = CLOSED_SHELL('',(#9844));
#9844 = ADVANCED_FACE('',(#9845),#9849,.T.);
#9845 = FACE_BOUND('',#9846,.T.);
#9846 = VERTEX_LOOP('',#9847);
#9847 = VERTEX_POINT('',#9848);
#9848 = CARTESIAN_POINT('',(1.071565949254E-17,-2.624579619658E-33,
    -0.175));
#9849 = SPHERICAL_SURFACE('',#9850,0.175);
#9850 = AXIS2_PLACEMENT_3D('',#9851,#9852,#9853);
#9851 = CARTESIAN_POINT('',(0.,0.,0.));
#9852 = DIRECTION('',(0.,0.,1.));
#9853 = DIRECTION('',(1.,0.,-0.));
#9854 = ( GEOMETRIC_REPRESENTATION_CONTEXT(3) 
GLOBAL_UNCERTAINTY_ASSIGNED_CONTEXT((#9858)) 
GLOBAL_UNIT_ASSIGNED_CONTEXT((#9855,#9856,#9857)) REPRESENTATION_CONTEXT
('Context #1','3D Context with UNIT and UNCERTAINTY') );
#9855 = ( LENGTH_UNIT() NAMED_UNIT(*) SI_UNIT(.MILLI.,.METRE.) );
#9856 = ( NAMED_UNIT(*) PLANE_ANGLE_UNIT() SI_UNIT($,.RADIAN.) );
#9857 = ( NAMED_UNIT(*) SI_UNIT($,.STERADIAN.) SOLID_ANGLE_UNIT() );
#9858 = UNCERTAINTY_MEASURE_WITH_UNIT(LENGTH_MEASURE(1.E-07),#9855,
  'distance_accuracy_value','confusion accuracy');
#9859 = SHAPE_DEFINITION_REPRESENTATION(#9860,#9841);
#9860 = PRODUCT_DEFINITION_SHAPE('','',#9861);
#9861 = PRODUCT_DEFINITION('design','',#9862,#9865);
#9862 = PRODUCT_DEFINITION_FORMATION('','',#9863);
#9863 = PRODUCT('V17','V17','',(#9864));
#9864 = PRODUCT_CONTEXT('',#2,'mechanical');
#9865 = PRODUCT_DEFINITION_CONTEXT('part definition',#2,'design');
#9866 = CONTEXT_DEPENDENT_SHAPE_REPRESENTATION(#9867,#9869);
#9867 = ( REPRESENTATION_RELATIONSHIP('','',#9841,#10) 
REPRESENTATION_RELATIONSHIP_WITH_TRANSFORMATION(#9868) 
SHAPE_REPRESENTATION_RELATIONSHIP() );
#9868 = ITEM_DEFINED_TRANSFORMATION('','',#11,#1135);
#9869 = PRODUCT_DEFINITION_SHAPE('Placement','Placement of an item',
  #9870);
#9870 = NEXT_ASSEMBLY_USAGE_OCCURRENCE('281','=>[0:1:1:282]','',#5,#9861
  ,$);
#9871 = PRODUCT_RELATED_PRODUCT_CATEGORY('part',$,(#9863));
#9872 = ADVANCED_BREP_SHAPE_REPRESENTATION('',(#11,#9873),#9885);
#9873 = MANIFOLD_SOLID_BREP('',#9874);
#9874 = CLOSED_SHELL('',(#9875));
#9875 = ADVANCED_FACE('',(#9876),#9880,.T.);
#9876 = FACE_BOUND('',#9877,.T.);
#9877 = VERTEX_LOOP('',#9878);
#9878 = VERTEX_POINT('',#9879);
#9879 = CARTESIAN_POINT('',(1.071565949254E-17,-2.624579619658E-33,
    -0.175));
#9880 = SPHERICAL_SURFACE('',#9881,0.175);
#9881 = AXIS2_PLACEMENT_3D('',#9882,#9883,#9884);
#9882 = CARTESIAN_POINT('',(0.,0.,0.));
#9883 = DIRECTION('',(0.,0.,1.));
#9884 = DIRECTION('',(1.,0.,-0.));
#9885 = ( GEOMETRIC_REPRESENTATION_CONTEXT(3) 
GLOBAL_UNCERTAINTY_ASSIGNED_CONTEXT((#9889)) 
GLOBAL_UNIT_ASSIGNED_CONTEXT((#9886,#9887,#9888)) REPRESENTATION_CONTEXT
('Context #1','3D Context with UNIT and UNCERTAINTY') );
#9886 = ( LENGTH_UNIT() NAMED_UNIT(*) SI_UNIT(.MILLI.,.METRE.) );
#9887 = ( NAMED_UNIT(*) PLANE_ANGLE_UNIT() SI_UNIT($,.RADIAN.) );
#9888 = ( NAMED_UNIT(*) SI_UNIT($,.STERADIAN.) SOLID_ANGLE_UNIT() );
#9889 = UNCERTAINTY_MEASURE_WITH_UNIT(LENGTH_MEASURE(1.E-07),#9886,
  'distance_accuracy_value','confusion accuracy');
#9890 = SHAPE_DEFINITION_REPRESENTATION(#9891,#9872);
#9891 = PRODUCT_DEFINITION_SHAPE('','',#9892);
#9892 = PRODUCT_DEFINITION('design','',#9893,#9896);
#9893 = PRODUCT_DEFINITION_FORMATION('','',#9894);
#9894 = PRODUCT('V19','V19','',(#9895));
#9895 = PRODUCT_CONTEXT('',#2,'mechanical');
#9896 = PRODUCT_DEFINITION_CONTEXT('part definition',#2,'design');
#9897 = CONTEXT_DEPENDENT_SHAPE_REPRESENTATION(#9898,#9900);
#9898 = ( REPRESENTATION_RELATIONSHIP('','',#9872,#10) 
REPRESENTATION_RELATIONSHIP_WITH_TRANSFORMATION(#9899) 
SHAPE_REPRESENTATION_RELATIONSHIP() );
#9899 = ITEM_DEFINED_TRANSFORMATION('','',#11,#1139);
#9900 = PRODUCT_DEFINITION_SHAPE('Placement','Placement of an item',
  #9901);
#9901 = NEXT_ASSEMBLY_USAGE_OCCURRENCE('282','=>[0:1:1:283]','',#5,#9892
  ,$);
#9902 = PRODUCT_RELATED_PRODUCT_CATEGORY('part',$,(#9894));
#9903 = ADVANCED_BREP_SHAPE_REPRESENTATION('',(#11,#9904),#9916);
#9904 = MANIFOLD_SOLID_BREP('',#9905);
#9905 = CLOSED_SHELL('',(#9906));
#9906 = ADVANCED_FACE('',(#9907),#9911,.T.);
#9907 = FACE_BOUND('',#9908,.T.);
#9908 = VERTEX_LOOP('',#9909);
#9909 = VERTEX_POINT('',#9910);
#9910 = CARTESIAN_POINT('',(1.071565949254E-17,-2.624579619658E-33,
    -0.175));
#9911 = SPHERICAL_SURFACE('',#9912,0.175);
#9912 = AXIS2_PLACEMENT_3D('',#9913,#9914,#9915);
#9913 = CARTESIAN_POINT('',(0.,0.,0.));
#9914 = DIRECTION('',(0.,0.,1.));
#9915 = DIRECTION('',(1.,0.,-0.));
#9916 = ( GEOMETRIC_REPRESENTATION_CONTEXT(3) 
GLOBAL_UNCERTAINTY_ASSIGNED_CONTEXT((#9920)) 
GLOBAL_UNIT_ASSIGNED_CONTEXT((#9917,#9918,#9919)) REPRESENTATION_CONTEXT
('Context #1','3D Context with UNIT and UNCERTAINTY') );
#9917 = ( LENGTH_UNIT() NAMED_UNIT(*) SI_UNIT(.MILLI.,.METRE.) );
#9918 = ( NAMED_UNIT(*) PLANE_ANGLE_UNIT() SI_UNIT($,.RADIAN.) );
#9919 = ( NAMED_UNIT(*) SI_UNIT($,.STERADIAN.) SOLID_ANGLE_UNIT() );
#9920 = UNCERTAINTY_MEASURE_WITH_UNIT(LENGTH_MEASURE(1.E-07),#9917,
  'distance_accuracy_value','confusion accuracy');
#9921 = SHAPE_DEFINITION_REPRESENTATION(#9922,#9903);
#9922 = PRODUCT_DEFINITION_SHAPE('','',#9923);
#9923 = PRODUCT_DEFINITION('design','',#9924,#9927);
#9924 = PRODUCT_DEFINITION_FORMATION('','',#9925);
#9925 = PRODUCT('V20','V20','',(#9926));
#9926 = PRODUCT_CONTEXT('',#2,'mechanical');
#9927 = PRODUCT_DEFINITION_CONTEXT('part definition',#2,'design');
#9928 = CONTEXT_DEPENDENT_SHAPE_REPRESENTATION(#9929,#9931);
#9929 = ( REPRESENTATION_RELATIONSHIP('','',#9903,#10) 
REPRESENTATION_RELATIONSHIP_WITH_TRANSFORMATION(#9930) 
SHAPE_REPRESENTATION_RELATIONSHIP() );
#9930 = ITEM_DEFINED_TRANSFORMATION('','',#11,#1143);
#9931 = PRODUCT_DEFINITION_SHAPE('Placement','Placement of an item',
  #9932);
#9932 = NEXT_ASSEMBLY_USAGE_OCCURRENCE('283','=>[0:1:1:284]','',#5,#9923
  ,$);
#9933 = PRODUCT_RELATED_PRODUCT_CATEGORY('part',$,(#9925));
#9934 = ADVANCED_BREP_SHAPE_REPRESENTATION('',(#11,#9935),#9947);
#9935 = MANIFOLD_SOLID_BREP('',#9936);
#9936 = CLOSED_SHELL('',(#9937));
#9937 = ADVANCED_FACE('',(#9938),#9942,.T.);
#9938 = FACE_BOUND('',#9939,.T.);
#9939 = VERTEX_LOOP('',#9940);
#9940 = VERTEX_POINT('',#9941);
#9941 = CARTESIAN_POINT('',(1.071565949254E-17,-2.624579619658E-33,
    -0.175));
#9942 = SPHERICAL_SURFACE('',#9943,0.175);
#9943 = AXIS2_PLACEMENT_3D('',#9944,#9945,#9946);
#9944 = CARTESIAN_POINT('',(0.,0.,0.));
#9945 = DIRECTION('',(0.,0.,1.));
#9946 = DIRECTION('',(1.,0.,-0.));
#9947 = ( GEOMETRIC_REPRESENTATION_CONTEXT(3) 
GLOBAL_UNCERTAINTY_ASSIGNED_CONTEXT((#9951)) 
GLOBAL_UNIT_ASSIGNED_CONTEXT((#9948,#9949,#9950)) REPRESENTATION_CONTEXT
('Context #1','3D Context with UNIT and UNCERTAINTY') );
#9948 = ( LENGTH_UNIT() NAMED_UNIT(*) SI_UNIT(.MILLI.,.METRE.) );
#9949 = ( NAMED_UNIT(*) PLANE_ANGLE_UNIT() SI_UNIT($,.RADIAN.) );
#9950 = ( NAMED_UNIT(*) SI_UNIT($,.STERADIAN.) SOLID_ANGLE_UNIT() );
#9951 = UNCERTAINTY_MEASURE_WITH_UNIT(LENGTH_MEASURE(1.E-07),#9948,
  'distance_accuracy_value','confusion accuracy');
#9952 = SHAPE_DEFINITION_REPRESENTATION(#9953,#9934);
#9953 = PRODUCT_DEFINITION_SHAPE('','',#9954);
#9954 = PRODUCT_DEFINITION('design','',#9955,#9958);
#9955 = PRODUCT_DEFINITION_FORMATION('','',#9956);
#9956 = PRODUCT('V21','V21','',(#9957));
#9957 = PRODUCT_CONTEXT('',#2,'mechanical');
#9958 = PRODUCT_DEFINITION_CONTEXT('part definition',#2,'design');
#9959 = CONTEXT_DEPENDENT_SHAPE_REPRESENTATION(#9960,#9962);
#9960 = ( REPRESENTATION_RELATIONSHIP('','',#9934,#10) 
REPRESENTATION_RELATIONSHIP_WITH_TRANSFORMATION(#9961) 
SHAPE_REPRESENTATION_RELATIONSHIP() );
#9961 = ITEM_DEFINED_TRANSFORMATION('','',#11,#1147);
#9962 = PRODUCT_DEFINITION_SHAPE('Placement','Placement of an item',
  #9963);
#9963 = NEXT_ASSEMBLY_USAGE_OCCURRENCE('284','=>[0:1:1:285]','',#5,#9954
  ,$);
#9964 = PRODUCT_RELATED_PRODUCT_CATEGORY('part',$,(#9956));
#9965 = ADVANCED_BREP_SHAPE_REPRESENTATION('',(#11,#9966),#10386);
#9966 = MANIFOLD_SOLID_BREP('',#9967);
#9967 = CLOSED_SHELL('',(#9968,#10088,#10164,#10244,#10293,#10320,#10327
    ,#10382));
#9968 = ADVANCED_FACE('',(#9969),#9983,.F.);
#9969 = FACE_BOUND('',#9970,.F.);
#9970 = EDGE_LOOP('',(#9971,#10006,#10034,#10062));
#9971 = ORIENTED_EDGE('',*,*,#9972,.F.);
#9972 = EDGE_CURVE('',#9973,#9975,#9977,.T.);
#9973 = VERTEX_POINT('',#9974);
#9974 = CARTESIAN_POINT('',(-7.,-6.,0.35));
#9975 = VERTEX_POINT('',#9976);
#9976 = CARTESIAN_POINT('',(-7.,-6.,1.33));
#9977 = SURFACE_CURVE('',#9978,(#9982,#9994),.PCURVE_S1.);
#9978 = LINE('',#9979,#9980);
#9979 = CARTESIAN_POINT('',(-7.,-6.,0.35));
#9980 = VECTOR('',#9981,1.);
#9981 = DIRECTION('',(0.,0.,1.));
#9982 = PCURVE('',#9983,#9988);
#9983 = PLANE('',#9984);
#9984 = AXIS2_PLACEMENT_3D('',#9985,#9986,#9987);
#9985 = CARTESIAN_POINT('',(-7.,-6.,0.35));
#9986 = DIRECTION('',(1.,0.,0.));
#9987 = DIRECTION('',(0.,0.,1.));
#9988 = DEFINITIONAL_REPRESENTATION('',(#9989),#9993);
#9989 = LINE('',#9990,#9991);
#9990 = CARTESIAN_POINT('',(0.,0.));
#9991 = VECTOR('',#9992,1.);
#9992 = DIRECTION('',(1.,0.));
#9993 = ( GEOMETRIC_REPRESENTATION_CONTEXT(2) 
PARAMETRIC_REPRESENTATION_CONTEXT() REPRESENTATION_CONTEXT('2D SPACE',''
  ) );
#9994 = PCURVE('',#9995,#10000);
#9995 = PLANE('',#9996);
#9996 = AXIS2_PLACEMENT_3D('',#9997,#9998,#9999);
#9997 = CARTESIAN_POINT('',(-7.,-6.,0.35));
#9998 = DIRECTION('',(0.,1.,0.));
#9999 = DIRECTION('',(0.,0.,1.));
#10000 = DEFINITIONAL_REPRESENTATION('',(#10001),#10005);
#10001 = LINE('',#10002,#10003);
#10002 = CARTESIAN_POINT('',(0.,0.));
#10003 = VECTOR('',#10004,1.);
#10004 = DIRECTION('',(1.,0.));
#10005 = ( GEOMETRIC_REPRESENTATION_CONTEXT(2) 
PARAMETRIC_REPRESENTATION_CONTEXT() REPRESENTATION_CONTEXT('2D SPACE',''
  ) );
#10006 = ORIENTED_EDGE('',*,*,#10007,.T.);
#10007 = EDGE_CURVE('',#9973,#10008,#10010,.T.);
#10008 = VERTEX_POINT('',#10009);
#10009 = CARTESIAN_POINT('',(-7.,6.,0.35));
#10010 = SURFACE_CURVE('',#10011,(#10015,#10022),.PCURVE_S1.);
#10011 = LINE('',#10012,#10013);
#10012 = CARTESIAN_POINT('',(-7.,-6.,0.35));
#10013 = VECTOR('',#10014,1.);
#10014 = DIRECTION('',(0.,1.,0.));
#10015 = PCURVE('',#9983,#10016);
#10016 = DEFINITIONAL_REPRESENTATION('',(#10017),#10021);
#10017 = LINE('',#10018,#10019);
#10018 = CARTESIAN_POINT('',(0.,0.));
#10019 = VECTOR('',#10020,1.);
#10020 = DIRECTION('',(0.,-1.));
#10021 = ( GEOMETRIC_REPRESENTATION_CONTEXT(2) 
PARAMETRIC_REPRESENTATION_CONTEXT() REPRESENTATION_CONTEXT('2D SPACE',''
  ) );
#10022 = PCURVE('',#10023,#10028);
#10023 = PLANE('',#10024);
#10024 = AXIS2_PLACEMENT_3D('',#10025,#10026,#10027);
#10025 = CARTESIAN_POINT('',(-7.,-6.,0.35));
#10026 = DIRECTION('',(0.,0.,1.));
#10027 = DIRECTION('',(1.,0.,0.));
#10028 = DEFINITIONAL_REPRESENTATION('',(#10029),#10033);
#10029 = LINE('',#10030,#10031);
#10030 = CARTESIAN_POINT('',(0.,0.));
#10031 = VECTOR('',#10032,1.);
#10032 = DIRECTION('',(0.,1.));
#10033 = ( GEOMETRIC_REPRESENTATION_CONTEXT(2) 
PARAMETRIC_REPRESENTATION_CONTEXT() REPRESENTATION_CONTEXT('2D SPACE',''
  ) );
#10034 = ORIENTED_EDGE('',*,*,#10035,.T.);
#10035 = EDGE_CURVE('',#10008,#10036,#10038,.T.);
#10036 = VERTEX_POINT('',#10037);
#10037 = CARTESIAN_POINT('',(-7.,6.,1.33));
#10038 = SURFACE_CURVE('',#10039,(#10043,#10050),.PCURVE_S1.);
#10039 = LINE('',#10040,#10041);
#10040 = CARTESIAN_POINT('',(-7.,6.,0.35));
#10041 = VECTOR('',#10042,1.);
#10042 = DIRECTION('',(0.,0.,1.));
#10043 = PCURVE('',#9983,#10044);
#10044 = DEFINITIONAL_REPRESENTATION('',(#10045),#10049);
#10045 = LINE('',#10046,#10047);
#10046 = CARTESIAN_POINT('',(0.,-12.));
#10047 = VECTOR('',#10048,1.);
#10048 = DIRECTION('',(1.,0.));
#10049 = ( GEOMETRIC_REPRESENTATION_CONTEXT(2) 
PARAMETRIC_REPRESENTATION_CONTEXT() REPRESENTATION_CONTEXT('2D SPACE',''
  ) );
#10050 = PCURVE('',#10051,#10056);
#10051 = PLANE('',#10052);
#10052 = AXIS2_PLACEMENT_3D('',#10053,#10054,#10055);
#10053 = CARTESIAN_POINT('',(-7.,6.,0.35));
#10054 = DIRECTION('',(0.,1.,0.));
#10055 = DIRECTION('',(0.,0.,1.));
#10056 = DEFINITIONAL_REPRESENTATION('',(#10057),#10061);
#10057 = LINE('',#10058,#10059);
#10058 = CARTESIAN_POINT('',(0.,0.));
#10059 = VECTOR('',#10060,1.);
#10060 = DIRECTION('',(1.,0.));
#10061 = ( GEOMETRIC_REPRESENTATION_CONTEXT(2) 
PARAMETRIC_REPRESENTATION_CONTEXT() REPRESENTATION_CONTEXT('2D SPACE',''
  ) );
#10062 = ORIENTED_EDGE('',*,*,#10063,.F.);
#10063 = EDGE_CURVE('',#9975,#10036,#10064,.T.);
#10064 = SURFACE_CURVE('',#10065,(#10069,#10076),.PCURVE_S1.);
#10065 = LINE('',#10066,#10067);
#10066 = CARTESIAN_POINT('',(-7.,-6.,1.33));
#10067 = VECTOR('',#10068,1.);
#10068 = DIRECTION('',(0.,1.,0.));
#10069 = PCURVE('',#9983,#10070);
#10070 = DEFINITIONAL_REPRESENTATION('',(#10071),#10075);
#10071 = LINE('',#10072,#10073);
#10072 = CARTESIAN_POINT('',(0.98,0.));
#10073 = VECTOR('',#10074,1.);
#10074 = DIRECTION('',(0.,-1.));
#10075 = ( GEOMETRIC_REPRESENTATION_CONTEXT(2) 
PARAMETRIC_REPRESENTATION_CONTEXT() REPRESENTATION_CONTEXT('2D SPACE',''
  ) );
#10076 = PCURVE('',#10077,#10082);
#10077 = PLANE('',#10078);
#10078 = AXIS2_PLACEMENT_3D('',#10079,#10080,#10081);
#10079 = CARTESIAN_POINT('',(-7.,-6.,1.33));
#10080 = DIRECTION('',(0.,0.,1.));
#10081 = DIRECTION('',(1.,0.,0.));
#10082 = DEFINITIONAL_REPRESENTATION('',(#10083),#10087);
#10083 = LINE('',#10084,#10085);
#10084 = CARTESIAN_POINT('',(0.,0.));
#10085 = VECTOR('',#10086,1.);
#10086 = DIRECTION('',(0.,1.));
#10087 = ( GEOMETRIC_REPRESENTATION_CONTEXT(2) 
PARAMETRIC_REPRESENTATION_CONTEXT() REPRESENTATION_CONTEXT('2D SPACE',''
  ) );
#10088 = ADVANCED_FACE('',(#10089),#9995,.F.);
#10089 = FACE_BOUND('',#10090,.F.);
#10090 = EDGE_LOOP('',(#10091,#10114,#10115,#10138));
#10091 = ORIENTED_EDGE('',*,*,#10092,.F.);
#10092 = EDGE_CURVE('',#9973,#10093,#10095,.T.);
#10093 = VERTEX_POINT('',#10094);
#10094 = CARTESIAN_POINT('',(7.,-6.,0.35));
#10095 = SURFACE_CURVE('',#10096,(#10100,#10107),.PCURVE_S1.);
#10096 = LINE('',#10097,#10098);
#10097 = CARTESIAN_POINT('',(-7.,-6.,0.35));
#10098 = VECTOR('',#10099,1.);
#10099 = DIRECTION('',(1.,0.,0.));
#10100 = PCURVE('',#9995,#10101);
#10101 = DEFINITIONAL_REPRESENTATION('',(#10102),#10106);
#10102 = LINE('',#10103,#10104);
#10103 = CARTESIAN_POINT('',(0.,0.));
#10104 = VECTOR('',#10105,1.);
#10105 = DIRECTION('',(0.,1.));
#10106 = ( GEOMETRIC_REPRESENTATION_CONTEXT(2) 
PARAMETRIC_REPRESENTATION_CONTEXT() REPRESENTATION_CONTEXT('2D SPACE',''
  ) );
#10107 = PCURVE('',#10023,#10108);
#10108 = DEFINITIONAL_REPRESENTATION('',(#10109),#10113);
#10109 = LINE('',#10110,#10111);
#10110 = CARTESIAN_POINT('',(0.,0.));
#10111 = VECTOR('',#10112,1.);
#10112 = DIRECTION('',(1.,0.));
#10113 = ( GEOMETRIC_REPRESENTATION_CONTEXT(2) 
PARAMETRIC_REPRESENTATION_CONTEXT() REPRESENTATION_CONTEXT('2D SPACE',''
  ) );
#10114 = ORIENTED_EDGE('',*,*,#9972,.T.);
#10115 = ORIENTED_EDGE('',*,*,#10116,.T.);
#10116 = EDGE_CURVE('',#9975,#10117,#10119,.T.);
#10117 = VERTEX_POINT('',#10118);
#10118 = CARTESIAN_POINT('',(7.,-6.,1.33));
#10119 = SURFACE_CURVE('',#10120,(#10124,#10131),.PCURVE_S1.);
#10120 = LINE('',#10121,#10122);
#10121 = CARTESIAN_POINT('',(-7.,-6.,1.33));
#10122 = VECTOR('',#10123,1.);
#10123 = DIRECTION('',(1.,0.,0.));
#10124 = PCURVE('',#9995,#10125);
#10125 = DEFINITIONAL_REPRESENTATION('',(#10126),#10130);
#10126 = LINE('',#10127,#10128);
#10127 = CARTESIAN_POINT('',(0.98,0.));
#10128 = VECTOR('',#10129,1.);
#10129 = DIRECTION('',(0.,1.));
#10130 = ( GEOMETRIC_REPRESENTATION_CONTEXT(2) 
PARAMETRIC_REPRESENTATION_CONTEXT() REPRESENTATION_CONTEXT('2D SPACE',''
  ) );
#10131 = PCURVE('',#10077,#10132);
#10132 = DEFINITIONAL_REPRESENTATION('',(#10133),#10137);
#10133 = LINE('',#10134,#10135);
#10134 = CARTESIAN_POINT('',(0.,0.));
#10135 = VECTOR('',#10136,1.);
#10136 = DIRECTION('',(1.,0.));
#10137 = ( GEOMETRIC_REPRESENTATION_CONTEXT(2) 
PARAMETRIC_REPRESENTATION_CONTEXT() REPRESENTATION_CONTEXT('2D SPACE',''
  ) );
#10138 = ORIENTED_EDGE('',*,*,#10139,.F.);
#10139 = EDGE_CURVE('',#10093,#10117,#10140,.T.);
#10140 = SURFACE_CURVE('',#10141,(#10145,#10152),.PCURVE_S1.);
#10141 = LINE('',#10142,#10143);
#10142 = CARTESIAN_POINT('',(7.,-6.,0.35));
#10143 = VECTOR('',#10144,1.);
#10144 = DIRECTION('',(0.,0.,1.));
#10145 = PCURVE('',#9995,#10146);
#10146 = DEFINITIONAL_REPRESENTATION('',(#10147),#10151);
#10147 = LINE('',#10148,#10149);
#10148 = CARTESIAN_POINT('',(0.,14.));
#10149 = VECTOR('',#10150,1.);
#10150 = DIRECTION('',(1.,0.));
#10151 = ( GEOMETRIC_REPRESENTATION_CONTEXT(2) 
PARAMETRIC_REPRESENTATION_CONTEXT() REPRESENTATION_CONTEXT('2D SPACE',''
  ) );
#10152 = PCURVE('',#10153,#10158);
#10153 = PLANE('',#10154);
#10154 = AXIS2_PLACEMENT_3D('',#10155,#10156,#10157);
#10155 = CARTESIAN_POINT('',(7.,-6.,0.35));
#10156 = DIRECTION('',(1.,0.,0.));
#10157 = DIRECTION('',(0.,0.,1.));
#10158 = DEFINITIONAL_REPRESENTATION('',(#10159),#10163);
#10159 = LINE('',#10160,#10161);
#10160 = CARTESIAN_POINT('',(0.,0.));
#10161 = VECTOR('',#10162,1.);
#10162 = DIRECTION('',(1.,0.));
#10163 = ( GEOMETRIC_REPRESENTATION_CONTEXT(2) 
PARAMETRIC_REPRESENTATION_CONTEXT() REPRESENTATION_CONTEXT('2D SPACE',''
  ) );
#10164 = ADVANCED_FACE('',(#10165,#10213),#10077,.T.);
#10165 = FACE_BOUND('',#10166,.T.);
#10166 = EDGE_LOOP('',(#10167,#10168,#10169,#10192));
#10167 = ORIENTED_EDGE('',*,*,#10063,.F.);
#10168 = ORIENTED_EDGE('',*,*,#10116,.T.);
#10169 = ORIENTED_EDGE('',*,*,#10170,.T.);
#10170 = EDGE_CURVE('',#10117,#10171,#10173,.T.);
#10171 = VERTEX_POINT('',#10172);
#10172 = CARTESIAN_POINT('',(7.,6.,1.33));
#10173 = SURFACE_CURVE('',#10174,(#10178,#10185),.PCURVE_S1.);
#10174 = LINE('',#10175,#10176);
#10175 = CARTESIAN_POINT('',(7.,-6.,1.33));
#10176 = VECTOR('',#10177,1.);
#10177 = DIRECTION('',(0.,1.,0.));
#10178 = PCURVE('',#10077,#10179);
#10179 = DEFINITIONAL_REPRESENTATION('',(#10180),#10184);
#10180 = LINE('',#10181,#10182);
#10181 = CARTESIAN_POINT('',(14.,0.));
#10182 = VECTOR('',#10183,1.);
#10183 = DIRECTION('',(0.,1.));
#10184 = ( GEOMETRIC_REPRESENTATION_CONTEXT(2) 
PARAMETRIC_REPRESENTATION_CONTEXT() REPRESENTATION_CONTEXT('2D SPACE',''
  ) );
#10185 = PCURVE('',#10153,#10186);
#10186 = DEFINITIONAL_REPRESENTATION('',(#10187),#10191);
#10187 = LINE('',#10188,#10189);
#10188 = CARTESIAN_POINT('',(0.98,0.));
#10189 = VECTOR('',#10190,1.);
#10190 = DIRECTION('',(0.,-1.));
#10191 = ( GEOMETRIC_REPRESENTATION_CONTEXT(2) 
PARAMETRIC_REPRESENTATION_CONTEXT() REPRESENTATION_CONTEXT('2D SPACE',''
  ) );
#10192 = ORIENTED_EDGE('',*,*,#10193,.F.);
#10193 = EDGE_CURVE('',#10036,#10171,#10194,.T.);
#10194 = SURFACE_CURVE('',#10195,(#10199,#10206),.PCURVE_S1.);
#10195 = LINE('',#10196,#10197);
#10196 = CARTESIAN_POINT('',(-7.,6.,1.33));
#10197 = VECTOR('',#10198,1.);
#10198 = DIRECTION('',(1.,0.,0.));
#10199 = PCURVE('',#10077,#10200);
#10200 = DEFINITIONAL_REPRESENTATION('',(#10201),#10205);
#10201 = LINE('',#10202,#10203);
#10202 = CARTESIAN_POINT('',(0.,12.));
#10203 = VECTOR('',#10204,1.);
#10204 = DIRECTION('',(1.,0.));
#10205 = ( GEOMETRIC_REPRESENTATION_CONTEXT(2) 
PARAMETRIC_REPRESENTATION_CONTEXT() REPRESENTATION_CONTEXT('2D SPACE',''
  ) );
#10206 = PCURVE('',#10051,#10207);
#10207 = DEFINITIONAL_REPRESENTATION('',(#10208),#10212);
#10208 = LINE('',#10209,#10210);
#10209 = CARTESIAN_POINT('',(0.98,0.));
#10210 = VECTOR('',#10211,1.);
#10211 = DIRECTION('',(0.,1.));
#10212 = ( GEOMETRIC_REPRESENTATION_CONTEXT(2) 
PARAMETRIC_REPRESENTATION_CONTEXT() REPRESENTATION_CONTEXT('2D SPACE',''
  ) );
#10213 = FACE_BOUND('',#10214,.T.);
#10214 = EDGE_LOOP('',(#10215));
#10215 = ORIENTED_EDGE('',*,*,#10216,.F.);
#10216 = EDGE_CURVE('',#10217,#10217,#10219,.T.);
#10217 = VERTEX_POINT('',#10218);
#10218 = CARTESIAN_POINT('',(-4.75,4.5,1.33));
#10219 = SURFACE_CURVE('',#10220,(#10225,#10232),.PCURVE_S1.);
#10220 = CIRCLE('',#10221,0.75);
#10221 = AXIS2_PLACEMENT_3D('',#10222,#10223,#10224);
#10222 = CARTESIAN_POINT('',(-5.5,4.5,1.33));
#10223 = DIRECTION('',(0.,0.,1.));
#10224 = DIRECTION('',(1.,0.,0.));
#10225 = PCURVE('',#10077,#10226);
#10226 = DEFINITIONAL_REPRESENTATION('',(#10227),#10231);
#10227 = CIRCLE('',#10228,0.75);
#10228 = AXIS2_PLACEMENT_2D('',#10229,#10230);
#10229 = CARTESIAN_POINT('',(1.5,10.5));
#10230 = DIRECTION('',(1.,0.));
#10231 = ( GEOMETRIC_REPRESENTATION_CONTEXT(2) 
PARAMETRIC_REPRESENTATION_CONTEXT() REPRESENTATION_CONTEXT('2D SPACE',''
  ) );
#10232 = PCURVE('',#10233,#10238);
#10233 = CYLINDRICAL_SURFACE('',#10234,0.75);
#10234 = AXIS2_PLACEMENT_3D('',#10235,#10236,#10237);
#10235 = CARTESIAN_POINT('',(-5.5,4.5,1.197));
#10236 = DIRECTION('',(0.,0.,1.));
#10237 = DIRECTION('',(1.,0.,0.));
#10238 = DEFINITIONAL_REPRESENTATION('',(#10239),#10243);
#10239 = LINE('',#10240,#10241);
#10240 = CARTESIAN_POINT('',(0.,0.133));
#10241 = VECTOR('',#10242,1.);
#10242 = DIRECTION('',(1.,0.));
#10243 = ( GEOMETRIC_REPRESENTATION_CONTEXT(2) 
PARAMETRIC_REPRESENTATION_CONTEXT() REPRESENTATION_CONTEXT('2D SPACE',''
  ) );
#10244 = ADVANCED_FACE('',(#10245),#10051,.T.);
#10245 = FACE_BOUND('',#10246,.T.);
#10246 = EDGE_LOOP('',(#10247,#10270,#10271,#10272));
#10247 = ORIENTED_EDGE('',*,*,#10248,.F.);
#10248 = EDGE_CURVE('',#10008,#10249,#10251,.T.);
#10249 = VERTEX_POINT('',#10250);
#10250 = CARTESIAN_POINT('',(7.,6.,0.35));
#10251 = SURFACE_CURVE('',#10252,(#10256,#10263),.PCURVE_S1.);
#10252 = LINE('',#10253,#10254);
#10253 = CARTESIAN_POINT('',(-7.,6.,0.35));
#10254 = VECTOR('',#10255,1.);
#10255 = DIRECTION('',(1.,0.,0.));
#10256 = PCURVE('',#10051,#10257);
#10257 = DEFINITIONAL_REPRESENTATION('',(#10258),#10262);
#10258 = LINE('',#10259,#10260);
#10259 = CARTESIAN_POINT('',(0.,0.));
#10260 = VECTOR('',#10261,1.);
#10261 = DIRECTION('',(0.,1.));
#10262 = ( GEOMETRIC_REPRESENTATION_CONTEXT(2) 
PARAMETRIC_REPRESENTATION_CONTEXT() REPRESENTATION_CONTEXT('2D SPACE',''
  ) );
#10263 = PCURVE('',#10023,#10264);
#10264 = DEFINITIONAL_REPRESENTATION('',(#10265),#10269);
#10265 = LINE('',#10266,#10267);
#10266 = CARTESIAN_POINT('',(0.,12.));
#10267 = VECTOR('',#10268,1.);
#10268 = DIRECTION('',(1.,0.));
#10269 = ( GEOMETRIC_REPRESENTATION_CONTEXT(2) 
PARAMETRIC_REPRESENTATION_CONTEXT() REPRESENTATION_CONTEXT('2D SPACE',''
  ) );
#10270 = ORIENTED_EDGE('',*,*,#10035,.T.);
#10271 = ORIENTED_EDGE('',*,*,#10193,.T.);
#10272 = ORIENTED_EDGE('',*,*,#10273,.F.);
#10273 = EDGE_CURVE('',#10249,#10171,#10274,.T.);
#10274 = SURFACE_CURVE('',#10275,(#10279,#10286),.PCURVE_S1.);
#10275 = LINE('',#10276,#10277);
#10276 = CARTESIAN_POINT('',(7.,6.,0.35));
#10277 = VECTOR('',#10278,1.);
#10278 = DIRECTION('',(0.,0.,1.));
#10279 = PCURVE('',#10051,#10280);
#10280 = DEFINITIONAL_REPRESENTATION('',(#10281),#10285);
#10281 = LINE('',#10282,#10283);
#10282 = CARTESIAN_POINT('',(0.,14.));
#10283 = VECTOR('',#10284,1.);
#10284 = DIRECTION('',(1.,0.));
#10285 = ( GEOMETRIC_REPRESENTATION_CONTEXT(2) 
PARAMETRIC_REPRESENTATION_CONTEXT() REPRESENTATION_CONTEXT('2D SPACE',''
  ) );
#10286 = PCURVE('',#10153,#10287);
#10287 = DEFINITIONAL_REPRESENTATION('',(#10288),#10292);
#10288 = LINE('',#10289,#10290);
#10289 = CARTESIAN_POINT('',(0.,-12.));
#10290 = VECTOR('',#10291,1.);
#10291 = DIRECTION('',(1.,0.));
#10292 = ( GEOMETRIC_REPRESENTATION_CONTEXT(2) 
PARAMETRIC_REPRESENTATION_CONTEXT() REPRESENTATION_CONTEXT('2D SPACE',''
  ) );
#10293 = ADVANCED_FACE('',(#10294),#10023,.F.);
#10294 = FACE_BOUND('',#10295,.F.);
#10295 = EDGE_LOOP('',(#10296,#10297,#10298,#10319));
#10296 = ORIENTED_EDGE('',*,*,#10007,.F.);
#10297 = ORIENTED_EDGE('',*,*,#10092,.T.);
#10298 = ORIENTED_EDGE('',*,*,#10299,.T.);
#10299 = EDGE_CURVE('',#10093,#10249,#10300,.T.);
#10300 = SURFACE_CURVE('',#10301,(#10305,#10312),.PCURVE_S1.);
#10301 = LINE('',#10302,#10303);
#10302 = CARTESIAN_POINT('',(7.,-6.,0.35));
#10303 = VECTOR('',#10304,1.);
#10304 = DIRECTION('',(0.,1.,0.));
#10305 = PCURVE('',#10023,#10306);
#10306 = DEFINITIONAL_REPRESENTATION('',(#10307),#10311);
#10307 = LINE('',#10308,#10309);
#10308 = CARTESIAN_POINT('',(14.,0.));
#10309 = VECTOR('',#10310,1.);
#10310 = DIRECTION('',(0.,1.));
#10311 = ( GEOMETRIC_REPRESENTATION_CONTEXT(2) 
PARAMETRIC_REPRESENTATION_CONTEXT() REPRESENTATION_CONTEXT('2D SPACE',''
  ) );
#10312 = PCURVE('',#10153,#10313);
#10313 = DEFINITIONAL_REPRESENTATION('',(#10314),#10318);
#10314 = LINE('',#10315,#10316);
#10315 = CARTESIAN_POINT('',(0.,0.));
#10316 = VECTOR('',#10317,1.);
#10317 = DIRECTION('',(0.,-1.));
#10318 = ( GEOMETRIC_REPRESENTATION_CONTEXT(2) 
PARAMETRIC_REPRESENTATION_CONTEXT() REPRESENTATION_CONTEXT('2D SPACE',''
  ) );
#10319 = ORIENTED_EDGE('',*,*,#10248,.F.);
#10320 = ADVANCED_FACE('',(#10321),#10153,.T.);
#10321 = FACE_BOUND('',#10322,.T.);
#10322 = EDGE_LOOP('',(#10323,#10324,#10325,#10326));
#10323 = ORIENTED_EDGE('',*,*,#10139,.F.);
#10324 = ORIENTED_EDGE('',*,*,#10299,.T.);
#10325 = ORIENTED_EDGE('',*,*,#10273,.T.);
#10326 = ORIENTED_EDGE('',*,*,#10170,.F.);
#10327 = ADVANCED_FACE('',(#10328),#10233,.F.);
#10328 = FACE_BOUND('',#10329,.F.);
#10329 = EDGE_LOOP('',(#10330,#10353,#10354,#10355));
#10330 = ORIENTED_EDGE('',*,*,#10331,.T.);
#10331 = EDGE_CURVE('',#10332,#10217,#10334,.T.);
#10332 = VERTEX_POINT('',#10333);
#10333 = CARTESIAN_POINT('',(-4.75,4.5,1.197));
#10334 = SEAM_CURVE('',#10335,(#10339,#10346),.PCURVE_S1.);
#10335 = LINE('',#10336,#10337);
#10336 = CARTESIAN_POINT('',(-4.75,4.5,1.197));
#10337 = VECTOR('',#10338,1.);
#10338 = DIRECTION('',(0.,0.,1.));
#10339 = PCURVE('',#10233,#10340);
#10340 = DEFINITIONAL_REPRESENTATION('',(#10341),#10345);
#10341 = LINE('',#10342,#10343);
#10342 = CARTESIAN_POINT('',(6.28318530718,-0.));
#10343 = VECTOR('',#10344,1.);
#10344 = DIRECTION('',(0.,1.));
#10345 = ( GEOMETRIC_REPRESENTATION_CONTEXT(2) 
PARAMETRIC_REPRESENTATION_CONTEXT() REPRESENTATION_CONTEXT('2D SPACE',''
  ) );
#10346 = PCURVE('',#10233,#10347);
#10347 = DEFINITIONAL_REPRESENTATION('',(#10348),#10352);
#10348 = LINE('',#10349,#10350);
#10349 = CARTESIAN_POINT('',(0.,-0.));
#10350 = VECTOR('',#10351,1.);
#10351 = DIRECTION('',(0.,1.));
#10352 = ( GEOMETRIC_REPRESENTATION_CONTEXT(2) 
PARAMETRIC_REPRESENTATION_CONTEXT() REPRESENTATION_CONTEXT('2D SPACE',''
  ) );
#10353 = ORIENTED_EDGE('',*,*,#10216,.F.);
#10354 = ORIENTED_EDGE('',*,*,#10331,.F.);
#10355 = ORIENTED_EDGE('',*,*,#10356,.T.);
#10356 = EDGE_CURVE('',#10332,#10332,#10357,.T.);
#10357 = SURFACE_CURVE('',#10358,(#10363,#10370),.PCURVE_S1.);
#10358 = CIRCLE('',#10359,0.75);
#10359 = AXIS2_PLACEMENT_3D('',#10360,#10361,#10362);
#10360 = CARTESIAN_POINT('',(-5.5,4.5,1.197));
#10361 = DIRECTION('',(0.,0.,1.));
#10362 = DIRECTION('',(1.,0.,0.));
#10363 = PCURVE('',#10233,#10364);
#10364 = DEFINITIONAL_REPRESENTATION('',(#10365),#10369);
#10365 = LINE('',#10366,#10367);
#10366 = CARTESIAN_POINT('',(0.,0.));
#10367 = VECTOR('',#10368,1.);
#10368 = DIRECTION('',(1.,0.));
#10369 = ( GEOMETRIC_REPRESENTATION_CONTEXT(2) 
PARAMETRIC_REPRESENTATION_CONTEXT() REPRESENTATION_CONTEXT('2D SPACE',''
  ) );
#10370 = PCURVE('',#10371,#10376);
#10371 = PLANE('',#10372);
#10372 = AXIS2_PLACEMENT_3D('',#10373,#10374,#10375);
#10373 = CARTESIAN_POINT('',(-5.5,4.5,1.197));
#10374 = DIRECTION('',(0.,0.,1.));
#10375 = DIRECTION('',(1.,0.,0.));
#10376 = DEFINITIONAL_REPRESENTATION('',(#10377),#10381);
#10377 = CIRCLE('',#10378,0.75);
#10378 = AXIS2_PLACEMENT_2D('',#10379,#10380);
#10379 = CARTESIAN_POINT('',(0.,0.));
#10380 = DIRECTION('',(1.,0.));
#10381 = ( GEOMETRIC_REPRESENTATION_CONTEXT(2) 
PARAMETRIC_REPRESENTATION_CONTEXT() REPRESENTATION_CONTEXT('2D SPACE',''
  ) );
#10382 = ADVANCED_FACE('',(#10383),#10371,.T.);
#10383 = FACE_BOUND('',#10384,.F.);
#10384 = EDGE_LOOP('',(#10385));
#10385 = ORIENTED_EDGE('',*,*,#10356,.F.);
#10386 = ( GEOMETRIC_REPRESENTATION_CONTEXT(3) 
GLOBAL_UNCERTAINTY_ASSIGNED_CONTEXT((#10390)) 
GLOBAL_UNIT_ASSIGNED_CONTEXT((#10387,#10388,#10389)) 
REPRESENTATION_CONTEXT('Context #1',
  '3D Context with UNIT and UNCERTAINTY') );
#10387 = ( LENGTH_UNIT() NAMED_UNIT(*) SI_UNIT(.MILLI.,.METRE.) );
#10388 = ( NAMED_UNIT(*) PLANE_ANGLE_UNIT() SI_UNIT($,.RADIAN.) );
#10389 = ( NAMED_UNIT(*) SI_UNIT($,.STERADIAN.) SOLID_ANGLE_UNIT() );
#10390 = UNCERTAINTY_MEASURE_WITH_UNIT(LENGTH_MEASURE(1.E-07),#10387,
  'distance_accuracy_value','confusion accuracy');
#10391 = SHAPE_DEFINITION_REPRESENTATION(#10392,#9965);
#10392 = PRODUCT_DEFINITION_SHAPE('','',#10393);
#10393 = PRODUCT_DEFINITION('design','',#10394,#10397);
#10394 = PRODUCT_DEFINITION_FORMATION('','',#10395);
#10395 = PRODUCT('Body','Body','',(#10396));
#10396 = PRODUCT_CONTEXT('',#2,'mechanical');
#10397 = PRODUCT_DEFINITION_CONTEXT('part definition',#2,'design');
#10398 = CONTEXT_DEPENDENT_SHAPE_REPRESENTATION(#10399,#10401);
#10399 = ( REPRESENTATION_RELATIONSHIP('','',#9965,#10) 
REPRESENTATION_RELATIONSHIP_WITH_TRANSFORMATION(#10400) 
SHAPE_REPRESENTATION_RELATIONSHIP() );
#10400 = ITEM_DEFINED_TRANSFORMATION('','',#11,#1151);
#10401 = PRODUCT_DEFINITION_SHAPE('Placement','Placement of an item',
  #10402);
#10402 = NEXT_ASSEMBLY_USAGE_OCCURRENCE('285','=>[0:1:1:286]','',#5,
  #10393,$);
#10403 = PRODUCT_RELATED_PRODUCT_CATEGORY('part',$,(#10395));
#10404 = MECHANICAL_DESIGN_GEOMETRIC_PRESENTATION_REPRESENTATION('',(
    #10405),#6444);
#10405 = STYLED_ITEM('color',(#10406),#6432);
#10406 = PRESENTATION_STYLE_ASSIGNMENT((#10407,#10413));
#10407 = SURFACE_STYLE_USAGE(.BOTH.,#10408);
#10408 = SURFACE_SIDE_STYLE('',(#10409));
#10409 = SURFACE_STYLE_FILL_AREA(#10410);
#10410 = FILL_AREA_STYLE('',(#10411));
#10411 = FILL_AREA_STYLE_COLOUR('',#10412);
#10412 = COLOUR_RGB('',0.73400002718,0.773000001907,0.79699999094);
#10413 = CURVE_STYLE('',#10414,POSITIVE_LENGTH_MEASURE(0.1),#10412);
#10414 = DRAUGHTING_PRE_DEFINED_CURVE_FONT('continuous');
#10415 = MECHANICAL_DESIGN_GEOMETRIC_PRESENTATION_REPRESENTATION('',(
    #10416),#8986);
#10416 = STYLED_ITEM('color',(#10417),#8974);
#10417 = PRESENTATION_STYLE_ASSIGNMENT((#10418,#10423));
#10418 = SURFACE_STYLE_USAGE(.BOTH.,#10419);
#10419 = SURFACE_SIDE_STYLE('',(#10420));
#10420 = SURFACE_STYLE_FILL_AREA(#10421);
#10421 = FILL_AREA_STYLE('',(#10422));
#10422 = FILL_AREA_STYLE_COLOUR('',#10412);
#10423 = CURVE_STYLE('',#10424,POSITIVE_LENGTH_MEASURE(0.1),#10412);
#10424 = DRAUGHTING_PRE_DEFINED_CURVE_FONT('continuous');
#10425 = MECHANICAL_DESIGN_GEOMETRIC_PRESENTATION_REPRESENTATION('',(
    #10426),#2414);
#10426 = STYLED_ITEM('color',(#10427),#2402);
#10427 = PRESENTATION_STYLE_ASSIGNMENT((#10428,#10433));
#10428 = SURFACE_STYLE_USAGE(.BOTH.,#10429);
#10429 = SURFACE_SIDE_STYLE('',(#10430));
#10430 = SURFACE_STYLE_FILL_AREA(#10431);
#10431 = FILL_AREA_STYLE('',(#10432));
#10432 = FILL_AREA_STYLE_COLOUR('',#10412);
#10433 = CURVE_STYLE('',#10434,POSITIVE_LENGTH_MEASURE(0.1),#10412);
#10434 = DRAUGHTING_PRE_DEFINED_CURVE_FONT('continuous');
#10435 = MECHANICAL_DESIGN_GEOMETRIC_PRESENTATION_REPRESENTATION('',(
    #10436),#2817);
#10436 = STYLED_ITEM('color',(#10437),#2805);
#10437 = PRESENTATION_STYLE_ASSIGNMENT((#10438,#10443));
#10438 = SURFACE_STYLE_USAGE(.BOTH.,#10439);
#10439 = SURFACE_SIDE_STYLE('',(#10440));
#10440 = SURFACE_STYLE_FILL_AREA(#10441);
#10441 = FILL_AREA_STYLE('',(#10442));
#10442 = FILL_AREA_STYLE_COLOUR('',#10412);
#10443 = CURVE_STYLE('',#10444,POSITIVE_LENGTH_MEASURE(0.1),#10412);
#10444 = DRAUGHTING_PRE_DEFINED_CURVE_FONT('continuous');
#10445 = MECHANICAL_DESIGN_GEOMETRIC_PRESENTATION_REPRESENTATION('',(
    #10446),#1298);
#10446 = STYLED_ITEM('color',(#10447),#1286);
#10447 = PRESENTATION_STYLE_ASSIGNMENT((#10448,#10453));
#10448 = SURFACE_STYLE_USAGE(.BOTH.,#10449);
#10449 = SURFACE_SIDE_STYLE('',(#10450));
#10450 = SURFACE_STYLE_FILL_AREA(#10451);
#10451 = FILL_AREA_STYLE('',(#10452));
#10452 = FILL_AREA_STYLE_COLOUR('',#10412);
#10453 = CURVE_STYLE('',#10454,POSITIVE_LENGTH_MEASURE(0.1),#10412);
#10454 = DRAUGHTING_PRE_DEFINED_CURVE_FONT('continuous');
#10455 = MECHANICAL_DESIGN_GEOMETRIC_PRESENTATION_REPRESENTATION('',(
    #10456),#3840);
#10456 = STYLED_ITEM('color',(#10457),#3828);
#10457 = PRESENTATION_STYLE_ASSIGNMENT((#10458,#10463));
#10458 = SURFACE_STYLE_USAGE(.BOTH.,#10459);
#10459 = SURFACE_SIDE_STYLE('',(#10460));
#10460 = SURFACE_STYLE_FILL_AREA(#10461);
#10461 = FILL_AREA_STYLE('',(#10462));
#10462 = FILL_AREA_STYLE_COLOUR('',#10412);
#10463 = CURVE_STYLE('',#10464,POSITIVE_LENGTH_MEASURE(0.1),#10412);
#10464 = DRAUGHTING_PRE_DEFINED_CURVE_FONT('continuous');
#10465 = MECHANICAL_DESIGN_GEOMETRIC_PRESENTATION_REPRESENTATION('',(
    #10466),#3220);
#10466 = STYLED_ITEM('color',(#10467),#3208);
#10467 = PRESENTATION_STYLE_ASSIGNMENT((#10468,#10473));
#10468 = SURFACE_STYLE_USAGE(.BOTH.,#10469);
#10469 = SURFACE_SIDE_STYLE('',(#10470));
#10470 = SURFACE_STYLE_FILL_AREA(#10471);
#10471 = FILL_AREA_STYLE('',(#10472));
#10472 = FILL_AREA_STYLE_COLOUR('',#10412);
#10473 = CURVE_STYLE('',#10474,POSITIVE_LENGTH_MEASURE(0.1),#10412);
#10474 = DRAUGHTING_PRE_DEFINED_CURVE_FONT('continuous');
#10475 = MECHANICAL_DESIGN_GEOMETRIC_PRESENTATION_REPRESENTATION('',(
    #10476),#2290);
#10476 = STYLED_ITEM('color',(#10477),#2278);
#10477 = PRESENTATION_STYLE_ASSIGNMENT((#10478,#10483));
#10478 = SURFACE_STYLE_USAGE(.BOTH.,#10479);
#10479 = SURFACE_SIDE_STYLE('',(#10480));
#10480 = SURFACE_STYLE_FILL_AREA(#10481);
#10481 = FILL_AREA_STYLE('',(#10482));
#10482 = FILL_AREA_STYLE_COLOUR('',#10412);
#10483 = CURVE_STYLE('',#10484,POSITIVE_LENGTH_MEASURE(0.1),#10412);
#10484 = DRAUGHTING_PRE_DEFINED_CURVE_FONT('continuous');
#10485 = MECHANICAL_DESIGN_GEOMETRIC_PRESENTATION_REPRESENTATION('',(
    #10486),#2166);
#10486 = STYLED_ITEM('color',(#10487),#2154);
#10487 = PRESENTATION_STYLE_ASSIGNMENT((#10488,#10493));
#10488 = SURFACE_STYLE_USAGE(.BOTH.,#10489);
#10489 = SURFACE_SIDE_STYLE('',(#10490));
#10490 = SURFACE_STYLE_FILL_AREA(#10491);
#10491 = FILL_AREA_STYLE('',(#10492));
#10492 = FILL_AREA_STYLE_COLOUR('',#10412);
#10493 = CURVE_STYLE('',#10494,POSITIVE_LENGTH_MEASURE(0.1),#10412);
#10494 = DRAUGHTING_PRE_DEFINED_CURVE_FONT('continuous');
#10495 = MECHANICAL_DESIGN_GEOMETRIC_PRESENTATION_REPRESENTATION('',(
    #10496),#5421);
#10496 = STYLED_ITEM('color',(#10497),#5409);
#10497 = PRESENTATION_STYLE_ASSIGNMENT((#10498,#10503));
#10498 = SURFACE_STYLE_USAGE(.BOTH.,#10499);
#10499 = SURFACE_SIDE_STYLE('',(#10500));
#10500 = SURFACE_STYLE_FILL_AREA(#10501);
#10501 = FILL_AREA_STYLE('',(#10502));
#10502 = FILL_AREA_STYLE_COLOUR('',#10412);
#10503 = CURVE_STYLE('',#10504,POSITIVE_LENGTH_MEASURE(0.1),#10412);
#10504 = DRAUGHTING_PRE_DEFINED_CURVE_FONT('continuous');
#10505 = MECHANICAL_DESIGN_GEOMETRIC_PRESENTATION_REPRESENTATION('',(
    #10506),#8521);
#10506 = STYLED_ITEM('color',(#10507),#8509);
#10507 = PRESENTATION_STYLE_ASSIGNMENT((#10508,#10513));
#10508 = SURFACE_STYLE_USAGE(.BOTH.,#10509);
#10509 = SURFACE_SIDE_STYLE('',(#10510));
#10510 = SURFACE_STYLE_FILL_AREA(#10511);
#10511 = FILL_AREA_STYLE('',(#10512));
#10512 = FILL_AREA_STYLE_COLOUR('',#10412);
#10513 = CURVE_STYLE('',#10514,POSITIVE_LENGTH_MEASURE(0.1),#10412);
#10514 = DRAUGHTING_PRE_DEFINED_CURVE_FONT('continuous');
#10515 = MECHANICAL_DESIGN_GEOMETRIC_PRESENTATION_REPRESENTATION('',(
    #10516),#3499);
#10516 = STYLED_ITEM('color',(#10517),#3487);
#10517 = PRESENTATION_STYLE_ASSIGNMENT((#10518,#10523));
#10518 = SURFACE_STYLE_USAGE(.BOTH.,#10519);
#10519 = SURFACE_SIDE_STYLE('',(#10520));
#10520 = SURFACE_STYLE_FILL_AREA(#10521);
#10521 = FILL_AREA_STYLE('',(#10522));
#10522 = FILL_AREA_STYLE_COLOUR('',#10412);
#10523 = CURVE_STYLE('',#10524,POSITIVE_LENGTH_MEASURE(0.1),#10412);
#10524 = DRAUGHTING_PRE_DEFINED_CURVE_FONT('continuous');
#10525 = MECHANICAL_DESIGN_GEOMETRIC_PRESENTATION_REPRESENTATION('',(
    #10526),#3034);
#10526 = STYLED_ITEM('color',(#10527),#3022);
#10527 = PRESENTATION_STYLE_ASSIGNMENT((#10528,#10533));
#10528 = SURFACE_STYLE_USAGE(.BOTH.,#10529);
#10529 = SURFACE_SIDE_STYLE('',(#10530));
#10530 = SURFACE_STYLE_FILL_AREA(#10531);
#10531 = FILL_AREA_STYLE('',(#10532));
#10532 = FILL_AREA_STYLE_COLOUR('',#10412);
#10533 = CURVE_STYLE('',#10534,POSITIVE_LENGTH_MEASURE(0.1),#10412);
#10534 = DRAUGHTING_PRE_DEFINED_CURVE_FONT('continuous');
#10535 = MECHANICAL_DESIGN_GEOMETRIC_PRESENTATION_REPRESENTATION('',(
    #10536),#7777);
#10536 = STYLED_ITEM('color',(#10537),#7765);
#10537 = PRESENTATION_STYLE_ASSIGNMENT((#10538,#10543));
#10538 = SURFACE_STYLE_USAGE(.BOTH.,#10539);
#10539 = SURFACE_SIDE_STYLE('',(#10540));
#10540 = SURFACE_STYLE_FILL_AREA(#10541);
#10541 = FILL_AREA_STYLE('',(#10542));
#10542 = FILL_AREA_STYLE_COLOUR('',#10412);
#10543 = CURVE_STYLE('',#10544,POSITIVE_LENGTH_MEASURE(0.1),#10412);
#10544 = DRAUGHTING_PRE_DEFINED_CURVE_FONT('continuous');
#10545 = MECHANICAL_DESIGN_GEOMETRIC_PRESENTATION_REPRESENTATION('',(
    #10546),#3778);
#10546 = STYLED_ITEM('color',(#10547),#3766);
#10547 = PRESENTATION_STYLE_ASSIGNMENT((#10548,#10553));
#10548 = SURFACE_STYLE_USAGE(.BOTH.,#10549);
#10549 = SURFACE_SIDE_STYLE('',(#10550));
#10550 = SURFACE_STYLE_FILL_AREA(#10551);
#10551 = FILL_AREA_STYLE('',(#10552));
#10552 = FILL_AREA_STYLE_COLOUR('',#10412);
#10553 = CURVE_STYLE('',#10554,POSITIVE_LENGTH_MEASURE(0.1),#10412);
#10554 = DRAUGHTING_PRE_DEFINED_CURVE_FONT('continuous');
#10555 = MECHANICAL_DESIGN_GEOMETRIC_PRESENTATION_REPRESENTATION('',(
    #10556),#6072);
#10556 = STYLED_ITEM('color',(#10557),#6060);
#10557 = PRESENTATION_STYLE_ASSIGNMENT((#10558,#10563));
#10558 = SURFACE_STYLE_USAGE(.BOTH.,#10559);
#10559 = SURFACE_SIDE_STYLE('',(#10560));
#10560 = SURFACE_STYLE_FILL_AREA(#10561);
#10561 = FILL_AREA_STYLE('',(#10562));
#10562 = FILL_AREA_STYLE_COLOUR('',#10412);
#10563 = CURVE_STYLE('',#10564,POSITIVE_LENGTH_MEASURE(0.1),#10412);
#10564 = DRAUGHTING_PRE_DEFINED_CURVE_FONT('continuous');
#10565 = MECHANICAL_DESIGN_GEOMETRIC_PRESENTATION_REPRESENTATION('',(
    #10566),#1329);
#10566 = STYLED_ITEM('color',(#10567),#1317);
#10567 = PRESENTATION_STYLE_ASSIGNMENT((#10568,#10573));
#10568 = SURFACE_STYLE_USAGE(.BOTH.,#10569);
#10569 = SURFACE_SIDE_STYLE('',(#10570));
#10570 = SURFACE_STYLE_FILL_AREA(#10571);
#10571 = FILL_AREA_STYLE('',(#10572));
#10572 = FILL_AREA_STYLE_COLOUR('',#10412);
#10573 = CURVE_STYLE('',#10574,POSITIVE_LENGTH_MEASURE(0.1),#10412);
#10574 = DRAUGHTING_PRE_DEFINED_CURVE_FONT('continuous');
#10575 = MECHANICAL_DESIGN_GEOMETRIC_PRESENTATION_REPRESENTATION('',(
    #10576),#8273);
#10576 = STYLED_ITEM('color',(#10577),#8261);
#10577 = PRESENTATION_STYLE_ASSIGNMENT((#10578,#10583));
#10578 = SURFACE_STYLE_USAGE(.BOTH.,#10579);
#10579 = SURFACE_SIDE_STYLE('',(#10580));
#10580 = SURFACE_STYLE_FILL_AREA(#10581);
#10581 = FILL_AREA_STYLE('',(#10582));
#10582 = FILL_AREA_STYLE_COLOUR('',#10412);
#10583 = CURVE_STYLE('',#10584,POSITIVE_LENGTH_MEASURE(0.1),#10412);
#10584 = DRAUGHTING_PRE_DEFINED_CURVE_FONT('continuous');
#10585 = MECHANICAL_DESIGN_GEOMETRIC_PRESENTATION_REPRESENTATION('',(
    #10586),#2352);
#10586 = STYLED_ITEM('color',(#10587),#2340);
#10587 = PRESENTATION_STYLE_ASSIGNMENT((#10588,#10593));
#10588 = SURFACE_STYLE_USAGE(.BOTH.,#10589);
#10589 = SURFACE_SIDE_STYLE('',(#10590));
#10590 = SURFACE_STYLE_FILL_AREA(#10591);
#10591 = FILL_AREA_STYLE('',(#10592));
#10592 = FILL_AREA_STYLE_COLOUR('',#10412);
#10593 = CURVE_STYLE('',#10594,POSITIVE_LENGTH_MEASURE(0.1),#10412);
#10594 = DRAUGHTING_PRE_DEFINED_CURVE_FONT('continuous');
#10595 = MECHANICAL_DESIGN_GEOMETRIC_PRESENTATION_REPRESENTATION('',(
    #10596),#8893);
#10596 = STYLED_ITEM('color',(#10597),#8881);
#10597 = PRESENTATION_STYLE_ASSIGNMENT((#10598,#10603));
#10598 = SURFACE_STYLE_USAGE(.BOTH.,#10599);
#10599 = SURFACE_SIDE_STYLE('',(#10600));
#10600 = SURFACE_STYLE_FILL_AREA(#10601);
#10601 = FILL_AREA_STYLE('',(#10602));
#10602 = FILL_AREA_STYLE_COLOUR('',#10412);
#10603 = CURVE_STYLE('',#10604,POSITIVE_LENGTH_MEASURE(0.1),#10412);
#10604 = DRAUGHTING_PRE_DEFINED_CURVE_FONT('continuous');
#10605 = MECHANICAL_DESIGN_GEOMETRIC_PRESENTATION_REPRESENTATION('',(
    #10606),#1453);
#10606 = STYLED_ITEM('color',(#10607),#1441);
#10607 = PRESENTATION_STYLE_ASSIGNMENT((#10608,#10613));
#10608 = SURFACE_STYLE_USAGE(.BOTH.,#10609);
#10609 = SURFACE_SIDE_STYLE('',(#10610));
#10610 = SURFACE_STYLE_FILL_AREA(#10611);
#10611 = FILL_AREA_STYLE('',(#10612));
#10612 = FILL_AREA_STYLE_COLOUR('',#10412);
#10613 = CURVE_STYLE('',#10614,POSITIVE_LENGTH_MEASURE(0.1),#10412);
#10614 = DRAUGHTING_PRE_DEFINED_CURVE_FONT('continuous');
#10615 = MECHANICAL_DESIGN_GEOMETRIC_PRESENTATION_REPRESENTATION('',(
    #10616),#6909);
#10616 = STYLED_ITEM('color',(#10617),#6897);
#10617 = PRESENTATION_STYLE_ASSIGNMENT((#10618,#10623));
#10618 = SURFACE_STYLE_USAGE(.BOTH.,#10619);
#10619 = SURFACE_SIDE_STYLE('',(#10620));
#10620 = SURFACE_STYLE_FILL_AREA(#10621);
#10621 = FILL_AREA_STYLE('',(#10622));
#10622 = FILL_AREA_STYLE_COLOUR('',#10412);
#10623 = CURVE_STYLE('',#10624,POSITIVE_LENGTH_MEASURE(0.1),#10412);
#10624 = DRAUGHTING_PRE_DEFINED_CURVE_FONT('continuous');
#10625 = MECHANICAL_DESIGN_GEOMETRIC_PRESENTATION_REPRESENTATION('',(
    #10626),#3375);
#10626 = STYLED_ITEM('color',(#10627),#3363);
#10627 = PRESENTATION_STYLE_ASSIGNMENT((#10628,#10633));
#10628 = SURFACE_STYLE_USAGE(.BOTH.,#10629);
#10629 = SURFACE_SIDE_STYLE('',(#10630));
#10630 = SURFACE_STYLE_FILL_AREA(#10631);
#10631 = FILL_AREA_STYLE('',(#10632));
#10632 = FILL_AREA_STYLE_COLOUR('',#10412);
#10633 = CURVE_STYLE('',#10634,POSITIVE_LENGTH_MEASURE(0.1),#10412);
#10634 = DRAUGHTING_PRE_DEFINED_CURVE_FONT('continuous');
#10635 = MECHANICAL_DESIGN_GEOMETRIC_PRESENTATION_REPRESENTATION('',(
    #10636),#7374);
#10636 = STYLED_ITEM('color',(#10637),#7362);
#10637 = PRESENTATION_STYLE_ASSIGNMENT((#10638,#10643));
#10638 = SURFACE_STYLE_USAGE(.BOTH.,#10639);
#10639 = SURFACE_SIDE_STYLE('',(#10640));
#10640 = SURFACE_STYLE_FILL_AREA(#10641);
#10641 = FILL_AREA_STYLE('',(#10642));
#10642 = FILL_AREA_STYLE_COLOUR('',#10412);
#10643 = CURVE_STYLE('',#10644,POSITIVE_LENGTH_MEASURE(0.1),#10412);
#10644 = DRAUGHTING_PRE_DEFINED_CURVE_FONT('continuous');
#10645 = MECHANICAL_DESIGN_GEOMETRIC_PRESENTATION_REPRESENTATION('',(
    #10646),#8428);
#10646 = STYLED_ITEM('color',(#10647),#8416);
#10647 = PRESENTATION_STYLE_ASSIGNMENT((#10648,#10653));
#10648 = SURFACE_STYLE_USAGE(.BOTH.,#10649);
#10649 = SURFACE_SIDE_STYLE('',(#10650));
#10650 = SURFACE_STYLE_FILL_AREA(#10651);
#10651 = FILL_AREA_STYLE('',(#10652));
#10652 = FILL_AREA_STYLE_COLOUR('',#10412);
#10653 = CURVE_STYLE('',#10654,POSITIVE_LENGTH_MEASURE(0.1),#10412);
#10654 = DRAUGHTING_PRE_DEFINED_CURVE_FONT('continuous');
#10655 = MECHANICAL_DESIGN_GEOMETRIC_PRESENTATION_REPRESENTATION('',(
    #10656),#5638);
#10656 = STYLED_ITEM('color',(#10657),#5626);
#10657 = PRESENTATION_STYLE_ASSIGNMENT((#10658,#10663));
#10658 = SURFACE_STYLE_USAGE(.BOTH.,#10659);
#10659 = SURFACE_SIDE_STYLE('',(#10660));
#10660 = SURFACE_STYLE_FILL_AREA(#10661);
#10661 = FILL_AREA_STYLE('',(#10662));
#10662 = FILL_AREA_STYLE_COLOUR('',#10412);
#10663 = CURVE_STYLE('',#10664,POSITIVE_LENGTH_MEASURE(0.1),#10412);
#10664 = DRAUGHTING_PRE_DEFINED_CURVE_FONT('continuous');
#10665 = MECHANICAL_DESIGN_GEOMETRIC_PRESENTATION_REPRESENTATION('',(
    #10666),#4925);
#10666 = STYLED_ITEM('color',(#10667),#4913);
#10667 = PRESENTATION_STYLE_ASSIGNMENT((#10668,#10673));
#10668 = SURFACE_STYLE_USAGE(.BOTH.,#10669);
#10669 = SURFACE_SIDE_STYLE('',(#10670));
#10670 = SURFACE_STYLE_FILL_AREA(#10671);
#10671 = FILL_AREA_STYLE('',(#10672));
#10672 = FILL_AREA_STYLE_COLOUR('',#10412);
#10673 = CURVE_STYLE('',#10674,POSITIVE_LENGTH_MEASURE(0.1),#10412);
#10674 = DRAUGHTING_PRE_DEFINED_CURVE_FONT('continuous');
#10675 = MECHANICAL_DESIGN_GEOMETRIC_PRESENTATION_REPRESENTATION('',(
    #10676),#4739);
#10676 = STYLED_ITEM('color',(#10677),#4727);
#10677 = PRESENTATION_STYLE_ASSIGNMENT((#10678,#10683));
#10678 = SURFACE_STYLE_USAGE(.BOTH.,#10679);
#10679 = SURFACE_SIDE_STYLE('',(#10680));
#10680 = SURFACE_STYLE_FILL_AREA(#10681);
#10681 = FILL_AREA_STYLE('',(#10682));
#10682 = FILL_AREA_STYLE_COLOUR('',#10412);
#10683 = CURVE_STYLE('',#10684,POSITIVE_LENGTH_MEASURE(0.1),#10412);
#10684 = DRAUGHTING_PRE_DEFINED_CURVE_FONT('continuous');
#10685 = MECHANICAL_DESIGN_GEOMETRIC_PRESENTATION_REPRESENTATION('',(
    #10686),#9575);
#10686 = STYLED_ITEM('color',(#10687),#9563);
#10687 = PRESENTATION_STYLE_ASSIGNMENT((#10688,#10693));
#10688 = SURFACE_STYLE_USAGE(.BOTH.,#10689);
#10689 = SURFACE_SIDE_STYLE('',(#10690));
#10690 = SURFACE_STYLE_FILL_AREA(#10691);
#10691 = FILL_AREA_STYLE('',(#10692));
#10692 = FILL_AREA_STYLE_COLOUR('',#10412);
#10693 = CURVE_STYLE('',#10694,POSITIVE_LENGTH_MEASURE(0.1),#10412);
#10694 = DRAUGHTING_PRE_DEFINED_CURVE_FONT('continuous');
#10695 = MECHANICAL_DESIGN_GEOMETRIC_PRESENTATION_REPRESENTATION('',(
    #10696),#1577);
#10696 = STYLED_ITEM('color',(#10697),#1565);
#10697 = PRESENTATION_STYLE_ASSIGNMENT((#10698,#10703));
#10698 = SURFACE_STYLE_USAGE(.BOTH.,#10699);
#10699 = SURFACE_SIDE_STYLE('',(#10700));
#10700 = SURFACE_STYLE_FILL_AREA(#10701);
#10701 = FILL_AREA_STYLE('',(#10702));
#10702 = FILL_AREA_STYLE_COLOUR('',#10412);
#10703 = CURVE_STYLE('',#10704,POSITIVE_LENGTH_MEASURE(0.1),#10412);
#10704 = DRAUGHTING_PRE_DEFINED_CURVE_FONT('continuous');
#10705 = MECHANICAL_DESIGN_GEOMETRIC_PRESENTATION_REPRESENTATION('',(
    #10706),#3561);
#10706 = STYLED_ITEM('color',(#10707),#3549);
#10707 = PRESENTATION_STYLE_ASSIGNMENT((#10708,#10713));
#10708 = SURFACE_STYLE_USAGE(.BOTH.,#10709);
#10709 = SURFACE_SIDE_STYLE('',(#10710));
#10710 = SURFACE_STYLE_FILL_AREA(#10711);
#10711 = FILL_AREA_STYLE('',(#10712));
#10712 = FILL_AREA_STYLE_COLOUR('',#10412);
#10713 = CURVE_STYLE('',#10714,POSITIVE_LENGTH_MEASURE(0.1),#10412);
#10714 = DRAUGHTING_PRE_DEFINED_CURVE_FONT('continuous');
#10715 = MECHANICAL_DESIGN_GEOMETRIC_PRESENTATION_REPRESENTATION('',(
    #10716),#8118);
#10716 = STYLED_ITEM('color',(#10717),#8106);
#10717 = PRESENTATION_STYLE_ASSIGNMENT((#10718,#10723));
#10718 = SURFACE_STYLE_USAGE(.BOTH.,#10719);
#10719 = SURFACE_SIDE_STYLE('',(#10720));
#10720 = SURFACE_STYLE_FILL_AREA(#10721);
#10721 = FILL_AREA_STYLE('',(#10722));
#10722 = FILL_AREA_STYLE_COLOUR('',#10412);
#10723 = CURVE_STYLE('',#10724,POSITIVE_LENGTH_MEASURE(0.1),#10412);
#10724 = DRAUGHTING_PRE_DEFINED_CURVE_FONT('continuous');
#10725 = MECHANICAL_DESIGN_GEOMETRIC_PRESENTATION_REPRESENTATION('',(
    #10726),#1515);
#10726 = STYLED_ITEM('color',(#10727),#1503);
#10727 = PRESENTATION_STYLE_ASSIGNMENT((#10728,#10733));
#10728 = SURFACE_STYLE_USAGE(.BOTH.,#10729);
#10729 = SURFACE_SIDE_STYLE('',(#10730));
#10730 = SURFACE_STYLE_FILL_AREA(#10731);
#10731 = FILL_AREA_STYLE('',(#10732));
#10732 = FILL_AREA_STYLE_COLOUR('',#10412);
#10733 = CURVE_STYLE('',#10734,POSITIVE_LENGTH_MEASURE(0.1),#10412);
#10734 = DRAUGHTING_PRE_DEFINED_CURVE_FONT('continuous');
#10735 = MECHANICAL_DESIGN_GEOMETRIC_PRESENTATION_REPRESENTATION('',(
    #10736),#5855);
#10736 = STYLED_ITEM('color',(#10737),#5843);
#10737 = PRESENTATION_STYLE_ASSIGNMENT((#10738,#10743));
#10738 = SURFACE_STYLE_USAGE(.BOTH.,#10739);
#10739 = SURFACE_SIDE_STYLE('',(#10740));
#10740 = SURFACE_STYLE_FILL_AREA(#10741);
#10741 = FILL_AREA_STYLE('',(#10742));
#10742 = FILL_AREA_STYLE_COLOUR('',#10412);
#10743 = CURVE_STYLE('',#10744,POSITIVE_LENGTH_MEASURE(0.1),#10412);
#10744 = DRAUGHTING_PRE_DEFINED_CURVE_FONT('continuous');
#10745 = MECHANICAL_DESIGN_GEOMETRIC_PRESENTATION_REPRESENTATION('',(
    #10746),#2755);
#10746 = STYLED_ITEM('color',(#10747),#2743);
#10747 = PRESENTATION_STYLE_ASSIGNMENT((#10748,#10753));
#10748 = SURFACE_STYLE_USAGE(.BOTH.,#10749);
#10749 = SURFACE_SIDE_STYLE('',(#10750));
#10750 = SURFACE_STYLE_FILL_AREA(#10751);
#10751 = FILL_AREA_STYLE('',(#10752));
#10752 = FILL_AREA_STYLE_COLOUR('',#10412);
#10753 = CURVE_STYLE('',#10754,POSITIVE_LENGTH_MEASURE(0.1),#10412);
#10754 = DRAUGHTING_PRE_DEFINED_CURVE_FONT('continuous');
#10755 = MECHANICAL_DESIGN_GEOMETRIC_PRESENTATION_REPRESENTATION('',(
    #10756),#6258);
#10756 = STYLED_ITEM('color',(#10757),#6246);
#10757 = PRESENTATION_STYLE_ASSIGNMENT((#10758,#10763));
#10758 = SURFACE_STYLE_USAGE(.BOTH.,#10759);
#10759 = SURFACE_SIDE_STYLE('',(#10760));
#10760 = SURFACE_STYLE_FILL_AREA(#10761);
#10761 = FILL_AREA_STYLE('',(#10762));
#10762 = FILL_AREA_STYLE_COLOUR('',#10412);
#10763 = CURVE_STYLE('',#10764,POSITIVE_LENGTH_MEASURE(0.1),#10412);
#10764 = DRAUGHTING_PRE_DEFINED_CURVE_FONT('continuous');
#10765 = MECHANICAL_DESIGN_GEOMETRIC_PRESENTATION_REPRESENTATION('',(
    #10766),#1763);
#10766 = STYLED_ITEM('color',(#10767),#1751);
#10767 = PRESENTATION_STYLE_ASSIGNMENT((#10768,#10773));
#10768 = SURFACE_STYLE_USAGE(.BOTH.,#10769);
#10769 = SURFACE_SIDE_STYLE('',(#10770));
#10770 = SURFACE_STYLE_FILL_AREA(#10771);
#10771 = FILL_AREA_STYLE('',(#10772));
#10772 = FILL_AREA_STYLE_COLOUR('',#10412);
#10773 = CURVE_STYLE('',#10774,POSITIVE_LENGTH_MEASURE(0.1),#10412);
#10774 = DRAUGHTING_PRE_DEFINED_CURVE_FONT('continuous');
#10775 = MECHANICAL_DESIGN_GEOMETRIC_PRESENTATION_REPRESENTATION('',(
    #10776),#1732);
#10776 = STYLED_ITEM('color',(#10777),#1720);
#10777 = PRESENTATION_STYLE_ASSIGNMENT((#10778,#10783));
#10778 = SURFACE_STYLE_USAGE(.BOTH.,#10779);
#10779 = SURFACE_SIDE_STYLE('',(#10780));
#10780 = SURFACE_STYLE_FILL_AREA(#10781);
#10781 = FILL_AREA_STYLE('',(#10782));
#10782 = FILL_AREA_STYLE_COLOUR('',#10412);
#10783 = CURVE_STYLE('',#10784,POSITIVE_LENGTH_MEASURE(0.1),#10412);
#10784 = DRAUGHTING_PRE_DEFINED_CURVE_FONT('continuous');
#10785 = MECHANICAL_DESIGN_GEOMETRIC_PRESENTATION_REPRESENTATION('',(
    #10786),#8490);
#10786 = STYLED_ITEM('color',(#10787),#8478);
#10787 = PRESENTATION_STYLE_ASSIGNMENT((#10788,#10793));
#10788 = SURFACE_STYLE_USAGE(.BOTH.,#10789);
#10789 = SURFACE_SIDE_STYLE('',(#10790));
#10790 = SURFACE_STYLE_FILL_AREA(#10791);
#10791 = FILL_AREA_STYLE('',(#10792));
#10792 = FILL_AREA_STYLE_COLOUR('',#10412);
#10793 = CURVE_STYLE('',#10794,POSITIVE_LENGTH_MEASURE(0.1),#10412);
#10794 = DRAUGHTING_PRE_DEFINED_CURVE_FONT('continuous');
#10795 = MECHANICAL_DESIGN_GEOMETRIC_PRESENTATION_REPRESENTATION('',(
    #10796),#4181);
#10796 = STYLED_ITEM('color',(#10797),#4169);
#10797 = PRESENTATION_STYLE_ASSIGNMENT((#10798,#10803));
#10798 = SURFACE_STYLE_USAGE(.BOTH.,#10799);
#10799 = SURFACE_SIDE_STYLE('',(#10800));
#10800 = SURFACE_STYLE_FILL_AREA(#10801);
#10801 = FILL_AREA_STYLE('',(#10802));
#10802 = FILL_AREA_STYLE_COLOUR('',#10412);
#10803 = CURVE_STYLE('',#10804,POSITIVE_LENGTH_MEASURE(0.1),#10412);
#10804 = DRAUGHTING_PRE_DEFINED_CURVE_FONT('continuous');
#10805 = MECHANICAL_DESIGN_GEOMETRIC_PRESENTATION_REPRESENTATION('',(
    #10806),#3592);
#10806 = STYLED_ITEM('color',(#10807),#3580);
#10807 = PRESENTATION_STYLE_ASSIGNMENT((#10808,#10813));
#10808 = SURFACE_STYLE_USAGE(.BOTH.,#10809);
#10809 = SURFACE_SIDE_STYLE('',(#10810));
#10810 = SURFACE_STYLE_FILL_AREA(#10811);
#10811 = FILL_AREA_STYLE('',(#10812));
#10812 = FILL_AREA_STYLE_COLOUR('',#10412);
#10813 = CURVE_STYLE('',#10814,POSITIVE_LENGTH_MEASURE(0.1),#10412);
#10814 = DRAUGHTING_PRE_DEFINED_CURVE_FONT('continuous');
#10815 = MECHANICAL_DESIGN_GEOMETRIC_PRESENTATION_REPRESENTATION('',(
    #10816),#4088);
#10816 = STYLED_ITEM('color',(#10817),#4076);
#10817 = PRESENTATION_STYLE_ASSIGNMENT((#10818,#10823));
#10818 = SURFACE_STYLE_USAGE(.BOTH.,#10819);
#10819 = SURFACE_SIDE_STYLE('',(#10820));
#10820 = SURFACE_STYLE_FILL_AREA(#10821);
#10821 = FILL_AREA_STYLE('',(#10822));
#10822 = FILL_AREA_STYLE_COLOUR('',#10412);
#10823 = CURVE_STYLE('',#10824,POSITIVE_LENGTH_MEASURE(0.1),#10412);
#10824 = DRAUGHTING_PRE_DEFINED_CURVE_FONT('continuous');
#10825 = MECHANICAL_DESIGN_GEOMETRIC_PRESENTATION_REPRESENTATION('',(
    #10826),#5390);
#10826 = STYLED_ITEM('color',(#10827),#5378);
#10827 = PRESENTATION_STYLE_ASSIGNMENT((#10828,#10833));
#10828 = SURFACE_STYLE_USAGE(.BOTH.,#10829);
#10829 = SURFACE_SIDE_STYLE('',(#10830));
#10830 = SURFACE_STYLE_FILL_AREA(#10831);
#10831 = FILL_AREA_STYLE('',(#10832));
#10832 = FILL_AREA_STYLE_COLOUR('',#10412);
#10833 = CURVE_STYLE('',#10834,POSITIVE_LENGTH_MEASURE(0.1),#10412);
#10834 = DRAUGHTING_PRE_DEFINED_CURVE_FONT('continuous');
#10835 = MECHANICAL_DESIGN_GEOMETRIC_PRESENTATION_REPRESENTATION('',(
    #10836),#9947);
#10836 = STYLED_ITEM('color',(#10837),#9935);
#10837 = PRESENTATION_STYLE_ASSIGNMENT((#10838,#10843));
#10838 = SURFACE_STYLE_USAGE(.BOTH.,#10839);
#10839 = SURFACE_SIDE_STYLE('',(#10840));
#10840 = SURFACE_STYLE_FILL_AREA(#10841);
#10841 = FILL_AREA_STYLE('',(#10842));
#10842 = FILL_AREA_STYLE_COLOUR('',#10412);
#10843 = CURVE_STYLE('',#10844,POSITIVE_LENGTH_MEASURE(0.1),#10412);
#10844 = DRAUGHTING_PRE_DEFINED_CURVE_FONT('continuous');
#10845 = MECHANICAL_DESIGN_GEOMETRIC_PRESENTATION_REPRESENTATION('',(
    #10846),#7529);
#10846 = STYLED_ITEM('color',(#10847),#7517);
#10847 = PRESENTATION_STYLE_ASSIGNMENT((#10848,#10853));
#10848 = SURFACE_STYLE_USAGE(.BOTH.,#10849);
#10849 = SURFACE_SIDE_STYLE('',(#10850));
#10850 = SURFACE_STYLE_FILL_AREA(#10851);
#10851 = FILL_AREA_STYLE('',(#10852));
#10852 = FILL_AREA_STYLE_COLOUR('',#10412);
#10853 = CURVE_STYLE('',#10854,POSITIVE_LENGTH_MEASURE(0.1),#10412);
#10854 = DRAUGHTING_PRE_DEFINED_CURVE_FONT('continuous');
#10855 = MECHANICAL_DESIGN_GEOMETRIC_PRESENTATION_REPRESENTATION('',(
    #10856),#3654);
#10856 = STYLED_ITEM('color',(#10857),#3642);
#10857 = PRESENTATION_STYLE_ASSIGNMENT((#10858,#10863));
#10858 = SURFACE_STYLE_USAGE(.BOTH.,#10859);
#10859 = SURFACE_SIDE_STYLE('',(#10860));
#10860 = SURFACE_STYLE_FILL_AREA(#10861);
#10861 = FILL_AREA_STYLE('',(#10862));
#10862 = FILL_AREA_STYLE_COLOUR('',#10412);
#10863 = CURVE_STYLE('',#10864,POSITIVE_LENGTH_MEASURE(0.1),#10412);
#10864 = DRAUGHTING_PRE_DEFINED_CURVE_FONT('continuous');
#10865 = MECHANICAL_DESIGN_GEOMETRIC_PRESENTATION_REPRESENTATION('',(
    #10866),#4832);
#10866 = STYLED_ITEM('color',(#10867),#4820);
#10867 = PRESENTATION_STYLE_ASSIGNMENT((#10868,#10873));
#10868 = SURFACE_STYLE_USAGE(.BOTH.,#10869);
#10869 = SURFACE_SIDE_STYLE('',(#10870));
#10870 = SURFACE_STYLE_FILL_AREA(#10871);
#10871 = FILL_AREA_STYLE('',(#10872));
#10872 = FILL_AREA_STYLE_COLOUR('',#10412);
#10873 = CURVE_STYLE('',#10874,POSITIVE_LENGTH_MEASURE(0.1),#10412);
#10874 = DRAUGHTING_PRE_DEFINED_CURVE_FONT('continuous');
#10875 = MECHANICAL_DESIGN_GEOMETRIC_PRESENTATION_REPRESENTATION('',(
    #10876),#1825);
#10876 = STYLED_ITEM('color',(#10877),#1813);
#10877 = PRESENTATION_STYLE_ASSIGNMENT((#10878,#10883));
#10878 = SURFACE_STYLE_USAGE(.BOTH.,#10879);
#10879 = SURFACE_SIDE_STYLE('',(#10880));
#10880 = SURFACE_STYLE_FILL_AREA(#10881);
#10881 = FILL_AREA_STYLE('',(#10882));
#10882 = FILL_AREA_STYLE_COLOUR('',#10412);
#10883 = CURVE_STYLE('',#10884,POSITIVE_LENGTH_MEASURE(0.1),#10412);
#10884 = DRAUGHTING_PRE_DEFINED_CURVE_FONT('continuous');
#10885 = MECHANICAL_DESIGN_GEOMETRIC_PRESENTATION_REPRESENTATION('',(
    #10886),#8242);
#10886 = STYLED_ITEM('color',(#10887),#8230);
#10887 = PRESENTATION_STYLE_ASSIGNMENT((#10888,#10893));
#10888 = SURFACE_STYLE_USAGE(.BOTH.,#10889);
#10889 = SURFACE_SIDE_STYLE('',(#10890));
#10890 = SURFACE_STYLE_FILL_AREA(#10891);
#10891 = FILL_AREA_STYLE('',(#10892));
#10892 = FILL_AREA_STYLE_COLOUR('',#10412);
#10893 = CURVE_STYLE('',#10894,POSITIVE_LENGTH_MEASURE(0.1),#10412);
#10894 = DRAUGHTING_PRE_DEFINED_CURVE_FONT('continuous');
#10895 = MECHANICAL_DESIGN_GEOMETRIC_PRESENTATION_REPRESENTATION('',(
    #10896),#4677);
#10896 = STYLED_ITEM('color',(#10897),#4665);
#10897 = PRESENTATION_STYLE_ASSIGNMENT((#10898,#10903));
#10898 = SURFACE_STYLE_USAGE(.BOTH.,#10899);
#10899 = SURFACE_SIDE_STYLE('',(#10900));
#10900 = SURFACE_STYLE_FILL_AREA(#10901);
#10901 = FILL_AREA_STYLE('',(#10902));
#10902 = FILL_AREA_STYLE_COLOUR('',#10412);
#10903 = CURVE_STYLE('',#10904,POSITIVE_LENGTH_MEASURE(0.1),#10412);
#10904 = DRAUGHTING_PRE_DEFINED_CURVE_FONT('continuous');
#10905 = MECHANICAL_DESIGN_GEOMETRIC_PRESENTATION_REPRESENTATION('',(
    #10906),#8862);
#10906 = STYLED_ITEM('color',(#10907),#8850);
#10907 = PRESENTATION_STYLE_ASSIGNMENT((#10908,#10913));
#10908 = SURFACE_STYLE_USAGE(.BOTH.,#10909);
#10909 = SURFACE_SIDE_STYLE('',(#10910));
#10910 = SURFACE_STYLE_FILL_AREA(#10911);
#10911 = FILL_AREA_STYLE('',(#10912));
#10912 = FILL_AREA_STYLE_COLOUR('',#10412);
#10913 = CURVE_STYLE('',#10914,POSITIVE_LENGTH_MEASURE(0.1),#10412);
#10914 = DRAUGHTING_PRE_DEFINED_CURVE_FONT('continuous');
#10915 = MECHANICAL_DESIGN_GEOMETRIC_PRESENTATION_REPRESENTATION('',(
    #10916),#6878);
#10916 = STYLED_ITEM('color',(#10917),#6866);
#10917 = PRESENTATION_STYLE_ASSIGNMENT((#10918,#10923));
#10918 = SURFACE_STYLE_USAGE(.BOTH.,#10919);
#10919 = SURFACE_SIDE_STYLE('',(#10920));
#10920 = SURFACE_STYLE_FILL_AREA(#10921);
#10921 = FILL_AREA_STYLE('',(#10922));
#10922 = FILL_AREA_STYLE_COLOUR('',#10412);
#10923 = CURVE_STYLE('',#10924,POSITIVE_LENGTH_MEASURE(0.1),#10412);
#10924 = DRAUGHTING_PRE_DEFINED_CURVE_FONT('continuous');
#10925 = MECHANICAL_DESIGN_GEOMETRIC_PRESENTATION_REPRESENTATION('',(
    #10926),#4150);
#10926 = STYLED_ITEM('color',(#10927),#4138);
#10927 = PRESENTATION_STYLE_ASSIGNMENT((#10928,#10933));
#10928 = SURFACE_STYLE_USAGE(.BOTH.,#10929);
#10929 = SURFACE_SIDE_STYLE('',(#10930));
#10930 = SURFACE_STYLE_FILL_AREA(#10931);
#10931 = FILL_AREA_STYLE('',(#10932));
#10932 = FILL_AREA_STYLE_COLOUR('',#10412);
#10933 = CURVE_STYLE('',#10934,POSITIVE_LENGTH_MEASURE(0.1),#10412);
#10934 = DRAUGHTING_PRE_DEFINED_CURVE_FONT('continuous');
#10935 = MECHANICAL_DESIGN_GEOMETRIC_PRESENTATION_REPRESENTATION('',(
    #10936),#6413);
#10936 = STYLED_ITEM('color',(#10937),#6401);
#10937 = PRESENTATION_STYLE_ASSIGNMENT((#10938,#10943));
#10938 = SURFACE_STYLE_USAGE(.BOTH.,#10939);
#10939 = SURFACE_SIDE_STYLE('',(#10940));
#10940 = SURFACE_STYLE_FILL_AREA(#10941);
#10941 = FILL_AREA_STYLE('',(#10942));
#10942 = FILL_AREA_STYLE_COLOUR('',#10412);
#10943 = CURVE_STYLE('',#10944,POSITIVE_LENGTH_MEASURE(0.1),#10412);
#10944 = DRAUGHTING_PRE_DEFINED_CURVE_FONT('continuous');
#10945 = MECHANICAL_DESIGN_GEOMETRIC_PRESENTATION_REPRESENTATION('',(
    #10946),#1360);
#10946 = STYLED_ITEM('color',(#10947),#1348);
#10947 = PRESENTATION_STYLE_ASSIGNMENT((#10948,#10953));
#10948 = SURFACE_STYLE_USAGE(.BOTH.,#10949);
#10949 = SURFACE_SIDE_STYLE('',(#10950));
#10950 = SURFACE_STYLE_FILL_AREA(#10951);
#10951 = FILL_AREA_STYLE('',(#10952));
#10952 = FILL_AREA_STYLE_COLOUR('',#10412);
#10953 = CURVE_STYLE('',#10954,POSITIVE_LENGTH_MEASURE(0.1),#10412);
#10954 = DRAUGHTING_PRE_DEFINED_CURVE_FONT('continuous');
#10955 = MECHANICAL_DESIGN_GEOMETRIC_PRESENTATION_REPRESENTATION('',(
    #10956),#6196);
#10956 = STYLED_ITEM('color',(#10957),#6184);
#10957 = PRESENTATION_STYLE_ASSIGNMENT((#10958,#10963));
#10958 = SURFACE_STYLE_USAGE(.BOTH.,#10959);
#10959 = SURFACE_SIDE_STYLE('',(#10960));
#10960 = SURFACE_STYLE_FILL_AREA(#10961);
#10961 = FILL_AREA_STYLE('',(#10962));
#10962 = FILL_AREA_STYLE_COLOUR('',#10412);
#10963 = CURVE_STYLE('',#10964,POSITIVE_LENGTH_MEASURE(0.1),#10412);
#10964 = DRAUGHTING_PRE_DEFINED_CURVE_FONT('continuous');
#10965 = MECHANICAL_DESIGN_GEOMETRIC_PRESENTATION_REPRESENTATION('',(
    #10966),#9699);
#10966 = STYLED_ITEM('color',(#10967),#9687);
#10967 = PRESENTATION_STYLE_ASSIGNMENT((#10968,#10973));
#10968 = SURFACE_STYLE_USAGE(.BOTH.,#10969);
#10969 = SURFACE_SIDE_STYLE('',(#10970));
#10970 = SURFACE_STYLE_FILL_AREA(#10971);
#10971 = FILL_AREA_STYLE('',(#10972));
#10972 = FILL_AREA_STYLE_COLOUR('',#10412);
#10973 = CURVE_STYLE('',#10974,POSITIVE_LENGTH_MEASURE(0.1),#10412);
#10974 = DRAUGHTING_PRE_DEFINED_CURVE_FONT('continuous');
#10975 = MECHANICAL_DESIGN_GEOMETRIC_PRESENTATION_REPRESENTATION('',(
    #10976),#7281);
#10976 = STYLED_ITEM('color',(#10977),#7269);
#10977 = PRESENTATION_STYLE_ASSIGNMENT((#10978,#10983));
#10978 = SURFACE_STYLE_USAGE(.BOTH.,#10979);
#10979 = SURFACE_SIDE_STYLE('',(#10980));
#10980 = SURFACE_STYLE_FILL_AREA(#10981);
#10981 = FILL_AREA_STYLE('',(#10982));
#10982 = FILL_AREA_STYLE_COLOUR('',#10412);
#10983 = CURVE_STYLE('',#10984,POSITIVE_LENGTH_MEASURE(0.1),#10412);
#10984 = DRAUGHTING_PRE_DEFINED_CURVE_FONT('continuous');
#10985 = MECHANICAL_DESIGN_GEOMETRIC_PRESENTATION_REPRESENTATION('',(
    #10986),#5948);
#10986 = STYLED_ITEM('color',(#10987),#5936);
#10987 = PRESENTATION_STYLE_ASSIGNMENT((#10988,#10993));
#10988 = SURFACE_STYLE_USAGE(.BOTH.,#10989);
#10989 = SURFACE_SIDE_STYLE('',(#10990));
#10990 = SURFACE_STYLE_FILL_AREA(#10991);
#10991 = FILL_AREA_STYLE('',(#10992));
#10992 = FILL_AREA_STYLE_COLOUR('',#10412);
#10993 = CURVE_STYLE('',#10994,POSITIVE_LENGTH_MEASURE(0.1),#10412);
#10994 = DRAUGHTING_PRE_DEFINED_CURVE_FONT('continuous');
#10995 = MECHANICAL_DESIGN_GEOMETRIC_PRESENTATION_REPRESENTATION('',(
    #10996),#3964);
#10996 = STYLED_ITEM('color',(#10997),#3952);
#10997 = PRESENTATION_STYLE_ASSIGNMENT((#10998,#11003));
#10998 = SURFACE_STYLE_USAGE(.BOTH.,#10999);
#10999 = SURFACE_SIDE_STYLE('',(#11000));
#11000 = SURFACE_STYLE_FILL_AREA(#11001);
#11001 = FILL_AREA_STYLE('',(#11002));
#11002 = FILL_AREA_STYLE_COLOUR('',#10412);
#11003 = CURVE_STYLE('',#11004,POSITIVE_LENGTH_MEASURE(0.1),#10412);
#11004 = DRAUGHTING_PRE_DEFINED_CURVE_FONT('continuous');
#11005 = MECHANICAL_DESIGN_GEOMETRIC_PRESENTATION_REPRESENTATION('',(
    #11006),#2259);
#11006 = STYLED_ITEM('color',(#11007),#2247);
#11007 = PRESENTATION_STYLE_ASSIGNMENT((#11008,#11013));
#11008 = SURFACE_STYLE_USAGE(.BOTH.,#11009);
#11009 = SURFACE_SIDE_STYLE('',(#11010));
#11010 = SURFACE_STYLE_FILL_AREA(#11011);
#11011 = FILL_AREA_STYLE('',(#11012));
#11012 = FILL_AREA_STYLE_COLOUR('',#10412);
#11013 = CURVE_STYLE('',#11014,POSITIVE_LENGTH_MEASURE(0.1),#10412);
#11014 = DRAUGHTING_PRE_DEFINED_CURVE_FONT('continuous');
#11015 = MECHANICAL_DESIGN_GEOMETRIC_PRESENTATION_REPRESENTATION('',(
    #11016),#6599);
#11016 = STYLED_ITEM('color',(#11017),#6587);
#11017 = PRESENTATION_STYLE_ASSIGNMENT((#11018,#11023));
#11018 = SURFACE_STYLE_USAGE(.BOTH.,#11019);
#11019 = SURFACE_SIDE_STYLE('',(#11020));
#11020 = SURFACE_STYLE_FILL_AREA(#11021);
#11021 = FILL_AREA_STYLE('',(#11022));
#11022 = FILL_AREA_STYLE_COLOUR('',#10412);
#11023 = CURVE_STYLE('',#11024,POSITIVE_LENGTH_MEASURE(0.1),#10412);
#11024 = DRAUGHTING_PRE_DEFINED_CURVE_FONT('continuous');
#11025 = MECHANICAL_DESIGN_GEOMETRIC_PRESENTATION_REPRESENTATION('',(
    #11026),#7839);
#11026 = STYLED_ITEM('color',(#11027),#7827);
#11027 = PRESENTATION_STYLE_ASSIGNMENT((#11028,#11033));
#11028 = SURFACE_STYLE_USAGE(.BOTH.,#11029);
#11029 = SURFACE_SIDE_STYLE('',(#11030));
#11030 = SURFACE_STYLE_FILL_AREA(#11031);
#11031 = FILL_AREA_STYLE('',(#11032));
#11032 = FILL_AREA_STYLE_COLOUR('',#10412);
#11033 = CURVE_STYLE('',#11034,POSITIVE_LENGTH_MEASURE(0.1),#10412);
#11034 = DRAUGHTING_PRE_DEFINED_CURVE_FONT('continuous');
#11035 = MECHANICAL_DESIGN_GEOMETRIC_PRESENTATION_REPRESENTATION('',(
    #11036),#1980);
#11036 = STYLED_ITEM('color',(#11037),#1968);
#11037 = PRESENTATION_STYLE_ASSIGNMENT((#11038,#11043));
#11038 = SURFACE_STYLE_USAGE(.BOTH.,#11039);
#11039 = SURFACE_SIDE_STYLE('',(#11040));
#11040 = SURFACE_STYLE_FILL_AREA(#11041);
#11041 = FILL_AREA_STYLE('',(#11042));
#11042 = FILL_AREA_STYLE_COLOUR('',#10412);
#11043 = CURVE_STYLE('',#11044,POSITIVE_LENGTH_MEASURE(0.1),#10412);
#11044 = DRAUGHTING_PRE_DEFINED_CURVE_FONT('continuous');
#11045 = MECHANICAL_DESIGN_GEOMETRIC_PRESENTATION_REPRESENTATION('',(
    #11046),#2662);
#11046 = STYLED_ITEM('color',(#11047),#2650);
#11047 = PRESENTATION_STYLE_ASSIGNMENT((#11048,#11053));
#11048 = SURFACE_STYLE_USAGE(.BOTH.,#11049);
#11049 = SURFACE_SIDE_STYLE('',(#11050));
#11050 = SURFACE_STYLE_FILL_AREA(#11051);
#11051 = FILL_AREA_STYLE('',(#11052));
#11052 = FILL_AREA_STYLE_COLOUR('',#10412);
#11053 = CURVE_STYLE('',#11054,POSITIVE_LENGTH_MEASURE(0.1),#10412);
#11054 = DRAUGHTING_PRE_DEFINED_CURVE_FONT('continuous');
#11055 = MECHANICAL_DESIGN_GEOMETRIC_PRESENTATION_REPRESENTATION('',(
    #11056),#7653);
#11056 = STYLED_ITEM('color',(#11057),#7641);
#11057 = PRESENTATION_STYLE_ASSIGNMENT((#11058,#11063));
#11058 = SURFACE_STYLE_USAGE(.BOTH.,#11059);
#11059 = SURFACE_SIDE_STYLE('',(#11060));
#11060 = SURFACE_STYLE_FILL_AREA(#11061);
#11061 = FILL_AREA_STYLE('',(#11062));
#11062 = FILL_AREA_STYLE_COLOUR('',#10412);
#11063 = CURVE_STYLE('',#11064,POSITIVE_LENGTH_MEASURE(0.1),#10412);
#11064 = DRAUGHTING_PRE_DEFINED_CURVE_FONT('continuous');
#11065 = MECHANICAL_DESIGN_GEOMETRIC_PRESENTATION_REPRESENTATION('',(
    #11066),#7591);
#11066 = STYLED_ITEM('color',(#11067),#7579);
#11067 = PRESENTATION_STYLE_ASSIGNMENT((#11068,#11073));
#11068 = SURFACE_STYLE_USAGE(.BOTH.,#11069);
#11069 = SURFACE_SIDE_STYLE('',(#11070));
#11070 = SURFACE_STYLE_FILL_AREA(#11071);
#11071 = FILL_AREA_STYLE('',(#11072));
#11072 = FILL_AREA_STYLE_COLOUR('',#10412);
#11073 = CURVE_STYLE('',#11074,POSITIVE_LENGTH_MEASURE(0.1),#10412);
#11074 = DRAUGHTING_PRE_DEFINED_CURVE_FONT('continuous');
#11075 = MECHANICAL_DESIGN_GEOMETRIC_PRESENTATION_REPRESENTATION('',(
    #11076),#8025);
#11076 = STYLED_ITEM('color',(#11077),#8013);
#11077 = PRESENTATION_STYLE_ASSIGNMENT((#11078,#11083));
#11078 = SURFACE_STYLE_USAGE(.BOTH.,#11079);
#11079 = SURFACE_SIDE_STYLE('',(#11080));
#11080 = SURFACE_STYLE_FILL_AREA(#11081);
#11081 = FILL_AREA_STYLE('',(#11082));
#11082 = FILL_AREA_STYLE_COLOUR('',#10412);
#11083 = CURVE_STYLE('',#11084,POSITIVE_LENGTH_MEASURE(0.1),#10412);
#11084 = DRAUGHTING_PRE_DEFINED_CURVE_FONT('continuous');
#11085 = MECHANICAL_DESIGN_GEOMETRIC_PRESENTATION_REPRESENTATION('',(
    #11086),#7250);
#11086 = STYLED_ITEM('color',(#11087),#7238);
#11087 = PRESENTATION_STYLE_ASSIGNMENT((#11088,#11093));
#11088 = SURFACE_STYLE_USAGE(.BOTH.,#11089);
#11089 = SURFACE_SIDE_STYLE('',(#11090));
#11090 = SURFACE_STYLE_FILL_AREA(#11091);
#11091 = FILL_AREA_STYLE('',(#11092));
#11092 = FILL_AREA_STYLE_COLOUR('',#10412);
#11093 = CURVE_STYLE('',#11094,POSITIVE_LENGTH_MEASURE(0.1),#10412);
#11094 = DRAUGHTING_PRE_DEFINED_CURVE_FONT('continuous');
#11095 = MECHANICAL_DESIGN_GEOMETRIC_PRESENTATION_REPRESENTATION('',(
    #11096),#4460);
#11096 = STYLED_ITEM('color',(#11097),#4448);
#11097 = PRESENTATION_STYLE_ASSIGNMENT((#11098,#11103));
#11098 = SURFACE_STYLE_USAGE(.BOTH.,#11099);
#11099 = SURFACE_SIDE_STYLE('',(#11100));
#11100 = SURFACE_STYLE_FILL_AREA(#11101);
#11101 = FILL_AREA_STYLE('',(#11102));
#11102 = FILL_AREA_STYLE_COLOUR('',#10412);
#11103 = CURVE_STYLE('',#11104,POSITIVE_LENGTH_MEASURE(0.1),#10412);
#11104 = DRAUGHTING_PRE_DEFINED_CURVE_FONT('continuous');
#11105 = MECHANICAL_DESIGN_GEOMETRIC_PRESENTATION_REPRESENTATION('',(
    #11106),#7870);
#11106 = STYLED_ITEM('color',(#11107),#7858);
#11107 = PRESENTATION_STYLE_ASSIGNMENT((#11108,#11113));
#11108 = SURFACE_STYLE_USAGE(.BOTH.,#11109);
#11109 = SURFACE_SIDE_STYLE('',(#11110));
#11110 = SURFACE_STYLE_FILL_AREA(#11111);
#11111 = FILL_AREA_STYLE('',(#11112));
#11112 = FILL_AREA_STYLE_COLOUR('',#10412);
#11113 = CURVE_STYLE('',#11114,POSITIVE_LENGTH_MEASURE(0.1),#10412);
#11114 = DRAUGHTING_PRE_DEFINED_CURVE_FONT('continuous');
#11115 = MECHANICAL_DESIGN_GEOMETRIC_PRESENTATION_REPRESENTATION('',(
    #11116),#4367);
#11116 = STYLED_ITEM('color',(#11117),#4355);
#11117 = PRESENTATION_STYLE_ASSIGNMENT((#11118,#11123));
#11118 = SURFACE_STYLE_USAGE(.BOTH.,#11119);
#11119 = SURFACE_SIDE_STYLE('',(#11120));
#11120 = SURFACE_STYLE_FILL_AREA(#11121);
#11121 = FILL_AREA_STYLE('',(#11122));
#11122 = FILL_AREA_STYLE_COLOUR('',#10412);
#11123 = CURVE_STYLE('',#11124,POSITIVE_LENGTH_MEASURE(0.1),#10412);
#11124 = DRAUGHTING_PRE_DEFINED_CURVE_FONT('continuous');
#11125 = MECHANICAL_DESIGN_GEOMETRIC_PRESENTATION_REPRESENTATION('',(
    #11126),#1422);
#11126 = STYLED_ITEM('color',(#11127),#1410);
#11127 = PRESENTATION_STYLE_ASSIGNMENT((#11128,#11133));
#11128 = SURFACE_STYLE_USAGE(.BOTH.,#11129);
#11129 = SURFACE_SIDE_STYLE('',(#11130));
#11130 = SURFACE_STYLE_FILL_AREA(#11131);
#11131 = FILL_AREA_STYLE('',(#11132));
#11132 = FILL_AREA_STYLE_COLOUR('',#10412);
#11133 = CURVE_STYLE('',#11134,POSITIVE_LENGTH_MEASURE(0.1),#10412);
#11134 = DRAUGHTING_PRE_DEFINED_CURVE_FONT('continuous');
#11135 = MECHANICAL_DESIGN_GEOMETRIC_PRESENTATION_REPRESENTATION('',(
    #11136),#9761);
#11136 = STYLED_ITEM('color',(#11137),#9749);
#11137 = PRESENTATION_STYLE_ASSIGNMENT((#11138,#11143));
#11138 = SURFACE_STYLE_USAGE(.BOTH.,#11139);
#11139 = SURFACE_SIDE_STYLE('',(#11140));
#11140 = SURFACE_STYLE_FILL_AREA(#11141);
#11141 = FILL_AREA_STYLE('',(#11142));
#11142 = FILL_AREA_STYLE_COLOUR('',#10412);
#11143 = CURVE_STYLE('',#11144,POSITIVE_LENGTH_MEASURE(0.1),#10412);
#11144 = DRAUGHTING_PRE_DEFINED_CURVE_FONT('continuous');
#11145 = MECHANICAL_DESIGN_GEOMETRIC_PRESENTATION_REPRESENTATION('',(
    #11146),#6692);
#11146 = STYLED_ITEM('color',(#11147),#6680);
#11147 = PRESENTATION_STYLE_ASSIGNMENT((#11148,#11153));
#11148 = SURFACE_STYLE_USAGE(.BOTH.,#11149);
#11149 = SURFACE_SIDE_STYLE('',(#11150));
#11150 = SURFACE_STYLE_FILL_AREA(#11151);
#11151 = FILL_AREA_STYLE('',(#11152));
#11152 = FILL_AREA_STYLE_COLOUR('',#10412);
#11153 = CURVE_STYLE('',#11154,POSITIVE_LENGTH_MEASURE(0.1),#10412);
#11154 = DRAUGHTING_PRE_DEFINED_CURVE_FONT('continuous');
#11155 = MECHANICAL_DESIGN_GEOMETRIC_PRESENTATION_REPRESENTATION('',(
    #11156),#7033);
#11156 = STYLED_ITEM('color',(#11157),#7021);
#11157 = PRESENTATION_STYLE_ASSIGNMENT((#11158,#11163));
#11158 = SURFACE_STYLE_USAGE(.BOTH.,#11159);
#11159 = SURFACE_SIDE_STYLE('',(#11160));
#11160 = SURFACE_STYLE_FILL_AREA(#11161);
#11161 = FILL_AREA_STYLE('',(#11162));
#11162 = FILL_AREA_STYLE_COLOUR('',#10412);
#11163 = CURVE_STYLE('',#11164,POSITIVE_LENGTH_MEASURE(0.1),#10412);
#11164 = DRAUGHTING_PRE_DEFINED_CURVE_FONT('continuous');
#11165 = MECHANICAL_DESIGN_GEOMETRIC_PRESENTATION_REPRESENTATION('',(
    #11166),#3282);
#11166 = STYLED_ITEM('color',(#11167),#3270);
#11167 = PRESENTATION_STYLE_ASSIGNMENT((#11168,#11173));
#11168 = SURFACE_STYLE_USAGE(.BOTH.,#11169);
#11169 = SURFACE_SIDE_STYLE('',(#11170));
#11170 = SURFACE_STYLE_FILL_AREA(#11171);
#11171 = FILL_AREA_STYLE('',(#11172));
#11172 = FILL_AREA_STYLE_COLOUR('',#10412);
#11173 = CURVE_STYLE('',#11174,POSITIVE_LENGTH_MEASURE(0.1),#10412);
#11174 = DRAUGHTING_PRE_DEFINED_CURVE_FONT('continuous');
#11175 = MECHANICAL_DESIGN_GEOMETRIC_PRESENTATION_REPRESENTATION('',(
    #11176),#3809);
#11176 = STYLED_ITEM('color',(#11177),#3797);
#11177 = PRESENTATION_STYLE_ASSIGNMENT((#11178,#11183));
#11178 = SURFACE_STYLE_USAGE(.BOTH.,#11179);
#11179 = SURFACE_SIDE_STYLE('',(#11180));
#11180 = SURFACE_STYLE_FILL_AREA(#11181);
#11181 = FILL_AREA_STYLE('',(#11182));
#11182 = FILL_AREA_STYLE_COLOUR('',#10412);
#11183 = CURVE_STYLE('',#11184,POSITIVE_LENGTH_MEASURE(0.1),#10412);
#11184 = DRAUGHTING_PRE_DEFINED_CURVE_FONT('continuous');
#11185 = MECHANICAL_DESIGN_GEOMETRIC_PRESENTATION_REPRESENTATION('',(
    #11186),#6351);
#11186 = STYLED_ITEM('color',(#11187),#6339);
#11187 = PRESENTATION_STYLE_ASSIGNMENT((#11188,#11193));
#11188 = SURFACE_STYLE_USAGE(.BOTH.,#11189);
#11189 = SURFACE_SIDE_STYLE('',(#11190));
#11190 = SURFACE_STYLE_FILL_AREA(#11191);
#11191 = FILL_AREA_STYLE('',(#11192));
#11192 = FILL_AREA_STYLE_COLOUR('',#10412);
#11193 = CURVE_STYLE('',#11194,POSITIVE_LENGTH_MEASURE(0.1),#10412);
#11194 = DRAUGHTING_PRE_DEFINED_CURVE_FONT('continuous');
#11195 = MECHANICAL_DESIGN_GEOMETRIC_PRESENTATION_REPRESENTATION('',(
    #11196),#3003);
#11196 = STYLED_ITEM('color',(#11197),#2991);
#11197 = PRESENTATION_STYLE_ASSIGNMENT((#11198,#11203));
#11198 = SURFACE_STYLE_USAGE(.BOTH.,#11199);
#11199 = SURFACE_SIDE_STYLE('',(#11200));
#11200 = SURFACE_STYLE_FILL_AREA(#11201);
#11201 = FILL_AREA_STYLE('',(#11202));
#11202 = FILL_AREA_STYLE_COLOUR('',#10412);
#11203 = CURVE_STYLE('',#11204,POSITIVE_LENGTH_MEASURE(0.1),#10412);
#11204 = DRAUGHTING_PRE_DEFINED_CURVE_FONT('continuous');
#11205 = MECHANICAL_DESIGN_GEOMETRIC_PRESENTATION_REPRESENTATION('',(
    #11206),#7126);
#11206 = STYLED_ITEM('color',(#11207),#7114);
#11207 = PRESENTATION_STYLE_ASSIGNMENT((#11208,#11213));
#11208 = SURFACE_STYLE_USAGE(.BOTH.,#11209);
#11209 = SURFACE_SIDE_STYLE('',(#11210));
#11210 = SURFACE_STYLE_FILL_AREA(#11211);
#11211 = FILL_AREA_STYLE('',(#11212));
#11212 = FILL_AREA_STYLE_COLOUR('',#10412);
#11213 = CURVE_STYLE('',#11214,POSITIVE_LENGTH_MEASURE(0.1),#10412);
#11214 = DRAUGHTING_PRE_DEFINED_CURVE_FONT('continuous');
#11215 = MECHANICAL_DESIGN_GEOMETRIC_PRESENTATION_REPRESENTATION('',(
    #11216),#4119);
#11216 = STYLED_ITEM('color',(#11217),#4107);
#11217 = PRESENTATION_STYLE_ASSIGNMENT((#11218,#11223));
#11218 = SURFACE_STYLE_USAGE(.BOTH.,#11219);
#11219 = SURFACE_SIDE_STYLE('',(#11220));
#11220 = SURFACE_STYLE_FILL_AREA(#11221);
#11221 = FILL_AREA_STYLE('',(#11222));
#11222 = FILL_AREA_STYLE_COLOUR('',#10412);
#11223 = CURVE_STYLE('',#11224,POSITIVE_LENGTH_MEASURE(0.1),#10412);
#11224 = DRAUGHTING_PRE_DEFINED_CURVE_FONT('continuous');
#11225 = MECHANICAL_DESIGN_GEOMETRIC_PRESENTATION_REPRESENTATION('',(
    #11226),#8645);
#11226 = STYLED_ITEM('color',(#11227),#8633);
#11227 = PRESENTATION_STYLE_ASSIGNMENT((#11228,#11233));
#11228 = SURFACE_STYLE_USAGE(.BOTH.,#11229);
#11229 = SURFACE_SIDE_STYLE('',(#11230));
#11230 = SURFACE_STYLE_FILL_AREA(#11231);
#11231 = FILL_AREA_STYLE('',(#11232));
#11232 = FILL_AREA_STYLE_COLOUR('',#10412);
#11233 = CURVE_STYLE('',#11234,POSITIVE_LENGTH_MEASURE(0.1),#10412);
#11234 = DRAUGHTING_PRE_DEFINED_CURVE_FONT('continuous');
#11235 = MECHANICAL_DESIGN_GEOMETRIC_PRESENTATION_REPRESENTATION('',(
    #11236),#6134);
#11236 = STYLED_ITEM('color',(#11237),#6122);
#11237 = PRESENTATION_STYLE_ASSIGNMENT((#11238,#11243));
#11238 = SURFACE_STYLE_USAGE(.BOTH.,#11239);
#11239 = SURFACE_SIDE_STYLE('',(#11240));
#11240 = SURFACE_STYLE_FILL_AREA(#11241);
#11241 = FILL_AREA_STYLE('',(#11242));
#11242 = FILL_AREA_STYLE_COLOUR('',#10412);
#11243 = CURVE_STYLE('',#11244,POSITIVE_LENGTH_MEASURE(0.1),#10412);
#11244 = DRAUGHTING_PRE_DEFINED_CURVE_FONT('continuous');
#11245 = MECHANICAL_DESIGN_GEOMETRIC_PRESENTATION_REPRESENTATION('',(
    #11246),#9792);
#11246 = STYLED_ITEM('color',(#11247),#9780);
#11247 = PRESENTATION_STYLE_ASSIGNMENT((#11248,#11253));
#11248 = SURFACE_STYLE_USAGE(.BOTH.,#11249);
#11249 = SURFACE_SIDE_STYLE('',(#11250));
#11250 = SURFACE_STYLE_FILL_AREA(#11251);
#11251 = FILL_AREA_STYLE('',(#11252));
#11252 = FILL_AREA_STYLE_COLOUR('',#10412);
#11253 = CURVE_STYLE('',#11254,POSITIVE_LENGTH_MEASURE(0.1),#10412);
#11254 = DRAUGHTING_PRE_DEFINED_CURVE_FONT('continuous');
#11255 = MECHANICAL_DESIGN_GEOMETRIC_PRESENTATION_REPRESENTATION('',(
    #11256),#3096);
#11256 = STYLED_ITEM('color',(#11257),#3084);
#11257 = PRESENTATION_STYLE_ASSIGNMENT((#11258,#11263));
#11258 = SURFACE_STYLE_USAGE(.BOTH.,#11259);
#11259 = SURFACE_SIDE_STYLE('',(#11260));
#11260 = SURFACE_STYLE_FILL_AREA(#11261);
#11261 = FILL_AREA_STYLE('',(#11262));
#11262 = FILL_AREA_STYLE_COLOUR('',#10412);
#11263 = CURVE_STYLE('',#11264,POSITIVE_LENGTH_MEASURE(0.1),#10412);
#11264 = DRAUGHTING_PRE_DEFINED_CURVE_FONT('continuous');
#11265 = MECHANICAL_DESIGN_GEOMETRIC_PRESENTATION_REPRESENTATION('',(
    #11266),#5917);
#11266 = STYLED_ITEM('color',(#11267),#5905);
#11267 = PRESENTATION_STYLE_ASSIGNMENT((#11268,#11273));
#11268 = SURFACE_STYLE_USAGE(.BOTH.,#11269);
#11269 = SURFACE_SIDE_STYLE('',(#11270));
#11270 = SURFACE_STYLE_FILL_AREA(#11271);
#11271 = FILL_AREA_STYLE('',(#11272));
#11272 = FILL_AREA_STYLE_COLOUR('',#10412);
#11273 = CURVE_STYLE('',#11274,POSITIVE_LENGTH_MEASURE(0.1),#10412);
#11274 = DRAUGHTING_PRE_DEFINED_CURVE_FONT('continuous');
#11275 = MECHANICAL_DESIGN_GEOMETRIC_PRESENTATION_REPRESENTATION('',(
    #11276),#1205);
#11276 = STYLED_ITEM('color',(#11277),#1193);
#11277 = PRESENTATION_STYLE_ASSIGNMENT((#11278,#11283));
#11278 = SURFACE_STYLE_USAGE(.BOTH.,#11279);
#11279 = SURFACE_SIDE_STYLE('',(#11280));
#11280 = SURFACE_STYLE_FILL_AREA(#11281);
#11281 = FILL_AREA_STYLE('',(#11282));
#11282 = FILL_AREA_STYLE_COLOUR('',#10412);
#11283 = CURVE_STYLE('',#11284,POSITIVE_LENGTH_MEASURE(0.1),#10412);
#11284 = DRAUGHTING_PRE_DEFINED_CURVE_FONT('continuous');
#11285 = MECHANICAL_DESIGN_GEOMETRIC_PRESENTATION_REPRESENTATION('',(
    #11286),#9110);
#11286 = STYLED_ITEM('color',(#11287),#9098);
#11287 = PRESENTATION_STYLE_ASSIGNMENT((#11288,#11293));
#11288 = SURFACE_STYLE_USAGE(.BOTH.,#11289);
#11289 = SURFACE_SIDE_STYLE('',(#11290));
#11290 = SURFACE_STYLE_FILL_AREA(#11291);
#11291 = FILL_AREA_STYLE('',(#11292));
#11292 = FILL_AREA_STYLE_COLOUR('',#10412);
#11293 = CURVE_STYLE('',#11294,POSITIVE_LENGTH_MEASURE(0.1),#10412);
#11294 = DRAUGHTING_PRE_DEFINED_CURVE_FONT('continuous');
#11295 = MECHANICAL_DESIGN_GEOMETRIC_PRESENTATION_REPRESENTATION('',(
    #11296),#7405);
#11296 = STYLED_ITEM('color',(#11297),#7393);
#11297 = PRESENTATION_STYLE_ASSIGNMENT((#11298,#11303));
#11298 = SURFACE_STYLE_USAGE(.BOTH.,#11299);
#11299 = SURFACE_SIDE_STYLE('',(#11300));
#11300 = SURFACE_STYLE_FILL_AREA(#11301);
#11301 = FILL_AREA_STYLE('',(#11302));
#11302 = FILL_AREA_STYLE_COLOUR('',#10412);
#11303 = CURVE_STYLE('',#11304,POSITIVE_LENGTH_MEASURE(0.1),#10412);
#11304 = DRAUGHTING_PRE_DEFINED_CURVE_FONT('continuous');
#11305 = MECHANICAL_DESIGN_GEOMETRIC_PRESENTATION_REPRESENTATION('',(
    #11306),#7932);
#11306 = STYLED_ITEM('color',(#11307),#7920);
#11307 = PRESENTATION_STYLE_ASSIGNMENT((#11308,#11313));
#11308 = SURFACE_STYLE_USAGE(.BOTH.,#11309);
#11309 = SURFACE_SIDE_STYLE('',(#11310));
#11310 = SURFACE_STYLE_FILL_AREA(#11311);
#11311 = FILL_AREA_STYLE('',(#11312));
#11312 = FILL_AREA_STYLE_COLOUR('',#10412);
#11313 = CURVE_STYLE('',#11314,POSITIVE_LENGTH_MEASURE(0.1),#10412);
#11314 = DRAUGHTING_PRE_DEFINED_CURVE_FONT('continuous');
#11315 = MECHANICAL_DESIGN_GEOMETRIC_PRESENTATION_REPRESENTATION('',(
    #11316),#8769);
#11316 = STYLED_ITEM('color',(#11317),#8757);
#11317 = PRESENTATION_STYLE_ASSIGNMENT((#11318,#11323));
#11318 = SURFACE_STYLE_USAGE(.BOTH.,#11319);
#11319 = SURFACE_SIDE_STYLE('',(#11320));
#11320 = SURFACE_STYLE_FILL_AREA(#11321);
#11321 = FILL_AREA_STYLE('',(#11322));
#11322 = FILL_AREA_STYLE_COLOUR('',#10412);
#11323 = CURVE_STYLE('',#11324,POSITIVE_LENGTH_MEASURE(0.1),#10412);
#11324 = DRAUGHTING_PRE_DEFINED_CURVE_FONT('continuous');
#11325 = MECHANICAL_DESIGN_GEOMETRIC_PRESENTATION_REPRESENTATION('',(
    #11326),#3468);
#11326 = STYLED_ITEM('color',(#11327),#3456);
#11327 = PRESENTATION_STYLE_ASSIGNMENT((#11328,#11333));
#11328 = SURFACE_STYLE_USAGE(.BOTH.,#11329);
#11329 = SURFACE_SIDE_STYLE('',(#11330));
#11330 = SURFACE_STYLE_FILL_AREA(#11331);
#11331 = FILL_AREA_STYLE('',(#11332));
#11332 = FILL_AREA_STYLE_COLOUR('',#10412);
#11333 = CURVE_STYLE('',#11334,POSITIVE_LENGTH_MEASURE(0.1),#10412);
#11334 = DRAUGHTING_PRE_DEFINED_CURVE_FONT('continuous');
#11335 = MECHANICAL_DESIGN_GEOMETRIC_PRESENTATION_REPRESENTATION('',(
    #11336),#4801);
#11336 = STYLED_ITEM('color',(#11337),#4789);
#11337 = PRESENTATION_STYLE_ASSIGNMENT((#11338,#11343));
#11338 = SURFACE_STYLE_USAGE(.BOTH.,#11339);
#11339 = SURFACE_SIDE_STYLE('',(#11340));
#11340 = SURFACE_STYLE_FILL_AREA(#11341);
#11341 = FILL_AREA_STYLE('',(#11342));
#11342 = FILL_AREA_STYLE_COLOUR('',#10412);
#11343 = CURVE_STYLE('',#11344,POSITIVE_LENGTH_MEASURE(0.1),#10412);
#11344 = DRAUGHTING_PRE_DEFINED_CURVE_FONT('continuous');
#11345 = MECHANICAL_DESIGN_GEOMETRIC_PRESENTATION_REPRESENTATION('',(
    #11346),#8149);
#11346 = STYLED_ITEM('color',(#11347),#8137);
#11347 = PRESENTATION_STYLE_ASSIGNMENT((#11348,#11353));
#11348 = SURFACE_STYLE_USAGE(.BOTH.,#11349);
#11349 = SURFACE_SIDE_STYLE('',(#11350));
#11350 = SURFACE_STYLE_FILL_AREA(#11351);
#11351 = FILL_AREA_STYLE('',(#11352));
#11352 = FILL_AREA_STYLE_COLOUR('',#10412);
#11353 = CURVE_STYLE('',#11354,POSITIVE_LENGTH_MEASURE(0.1),#10412);
#11354 = DRAUGHTING_PRE_DEFINED_CURVE_FONT('continuous');
#11355 = MECHANICAL_DESIGN_GEOMETRIC_PRESENTATION_REPRESENTATION('',(
    #11356),#9451);
#11356 = STYLED_ITEM('color',(#11357),#9439);
#11357 = PRESENTATION_STYLE_ASSIGNMENT((#11358,#11363));
#11358 = SURFACE_STYLE_USAGE(.BOTH.,#11359);
#11359 = SURFACE_SIDE_STYLE('',(#11360));
#11360 = SURFACE_STYLE_FILL_AREA(#11361);
#11361 = FILL_AREA_STYLE('',(#11362));
#11362 = FILL_AREA_STYLE_COLOUR('',#10412);
#11363 = CURVE_STYLE('',#11364,POSITIVE_LENGTH_MEASURE(0.1),#10412);
#11364 = DRAUGHTING_PRE_DEFINED_CURVE_FONT('continuous');
#11365 = MECHANICAL_DESIGN_GEOMETRIC_PRESENTATION_REPRESENTATION('',(
    #11366),#9916);
#11366 = STYLED_ITEM('color',(#11367),#9904);
#11367 = PRESENTATION_STYLE_ASSIGNMENT((#11368,#11373));
#11368 = SURFACE_STYLE_USAGE(.BOTH.,#11369);
#11369 = SURFACE_SIDE_STYLE('',(#11370));
#11370 = SURFACE_STYLE_FILL_AREA(#11371);
#11371 = FILL_AREA_STYLE('',(#11372));
#11372 = FILL_AREA_STYLE_COLOUR('',#10412);
#11373 = CURVE_STYLE('',#11374,POSITIVE_LENGTH_MEASURE(0.1),#10412);
#11374 = DRAUGHTING_PRE_DEFINED_CURVE_FONT('continuous');
#11375 = MECHANICAL_DESIGN_GEOMETRIC_PRESENTATION_REPRESENTATION('',(
    #11376),#2073);
#11376 = STYLED_ITEM('color',(#11377),#2061);
#11377 = PRESENTATION_STYLE_ASSIGNMENT((#11378,#11383));
#11378 = SURFACE_STYLE_USAGE(.BOTH.,#11379);
#11379 = SURFACE_SIDE_STYLE('',(#11380));
#11380 = SURFACE_STYLE_FILL_AREA(#11381);
#11381 = FILL_AREA_STYLE('',(#11382));
#11382 = FILL_AREA_STYLE_COLOUR('',#10412);
#11383 = CURVE_STYLE('',#11384,POSITIVE_LENGTH_MEASURE(0.1),#10412);
#11384 = DRAUGHTING_PRE_DEFINED_CURVE_FONT('continuous');
#11385 = MECHANICAL_DESIGN_GEOMETRIC_PRESENTATION_REPRESENTATION('',(
    #11386),#5700);
#11386 = STYLED_ITEM('color',(#11387),#5688);
#11387 = PRESENTATION_STYLE_ASSIGNMENT((#11388,#11393));
#11388 = SURFACE_STYLE_USAGE(.BOTH.,#11389);
#11389 = SURFACE_SIDE_STYLE('',(#11390));
#11390 = SURFACE_STYLE_FILL_AREA(#11391);
#11391 = FILL_AREA_STYLE('',(#11392));
#11392 = FILL_AREA_STYLE_COLOUR('',#10412);
#11393 = CURVE_STYLE('',#11394,POSITIVE_LENGTH_MEASURE(0.1),#10412);
#11394 = DRAUGHTING_PRE_DEFINED_CURVE_FONT('continuous');
#11395 = MECHANICAL_DESIGN_GEOMETRIC_PRESENTATION_REPRESENTATION('',(
    #11396),#5607);
#11396 = STYLED_ITEM('color',(#11397),#5595);
#11397 = PRESENTATION_STYLE_ASSIGNMENT((#11398,#11403));
#11398 = SURFACE_STYLE_USAGE(.BOTH.,#11399);
#11399 = SURFACE_SIDE_STYLE('',(#11400));
#11400 = SURFACE_STYLE_FILL_AREA(#11401);
#11401 = FILL_AREA_STYLE('',(#11402));
#11402 = FILL_AREA_STYLE_COLOUR('',#10412);
#11403 = CURVE_STYLE('',#11404,POSITIVE_LENGTH_MEASURE(0.1),#10412);
#11404 = DRAUGHTING_PRE_DEFINED_CURVE_FONT('continuous');
#11405 = MECHANICAL_DESIGN_GEOMETRIC_PRESENTATION_REPRESENTATION('',(
    #11406),#9172);
#11406 = STYLED_ITEM('color',(#11407),#9160);
#11407 = PRESENTATION_STYLE_ASSIGNMENT((#11408,#11413));
#11408 = SURFACE_STYLE_USAGE(.BOTH.,#11409);
#11409 = SURFACE_SIDE_STYLE('',(#11410));
#11410 = SURFACE_STYLE_FILL_AREA(#11411);
#11411 = FILL_AREA_STYLE('',(#11412));
#11412 = FILL_AREA_STYLE_COLOUR('',#10412);
#11413 = CURVE_STYLE('',#11414,POSITIVE_LENGTH_MEASURE(0.1),#10412);
#11414 = DRAUGHTING_PRE_DEFINED_CURVE_FONT('continuous');
#11415 = MECHANICAL_DESIGN_GEOMETRIC_PRESENTATION_REPRESENTATION('',(
    #11416),#2910);
#11416 = STYLED_ITEM('color',(#11417),#2898);
#11417 = PRESENTATION_STYLE_ASSIGNMENT((#11418,#11423));
#11418 = SURFACE_STYLE_USAGE(.BOTH.,#11419);
#11419 = SURFACE_SIDE_STYLE('',(#11420));
#11420 = SURFACE_STYLE_FILL_AREA(#11421);
#11421 = FILL_AREA_STYLE('',(#11422));
#11422 = FILL_AREA_STYLE_COLOUR('',#10412);
#11423 = CURVE_STYLE('',#11424,POSITIVE_LENGTH_MEASURE(0.1),#10412);
#11424 = DRAUGHTING_PRE_DEFINED_CURVE_FONT('continuous');
#11425 = MECHANICAL_DESIGN_GEOMETRIC_PRESENTATION_REPRESENTATION('',(
    #11426),#1546);
#11426 = STYLED_ITEM('color',(#11427),#1534);
#11427 = PRESENTATION_STYLE_ASSIGNMENT((#11428,#11433));
#11428 = SURFACE_STYLE_USAGE(.BOTH.,#11429);
#11429 = SURFACE_SIDE_STYLE('',(#11430));
#11430 = SURFACE_STYLE_FILL_AREA(#11431);
#11431 = FILL_AREA_STYLE('',(#11432));
#11432 = FILL_AREA_STYLE_COLOUR('',#10412);
#11433 = CURVE_STYLE('',#11434,POSITIVE_LENGTH_MEASURE(0.1),#10412);
#11434 = DRAUGHTING_PRE_DEFINED_CURVE_FONT('continuous');
#11435 = MECHANICAL_DESIGN_GEOMETRIC_PRESENTATION_REPRESENTATION('',(
    #11436),#4987);
#11436 = STYLED_ITEM('color',(#11437),#4975);
#11437 = PRESENTATION_STYLE_ASSIGNMENT((#11438,#11443));
#11438 = SURFACE_STYLE_USAGE(.BOTH.,#11439);
#11439 = SURFACE_SIDE_STYLE('',(#11440));
#11440 = SURFACE_STYLE_FILL_AREA(#11441);
#11441 = FILL_AREA_STYLE('',(#11442));
#11442 = FILL_AREA_STYLE_COLOUR('',#10412);
#11443 = CURVE_STYLE('',#11444,POSITIVE_LENGTH_MEASURE(0.1),#10412);
#11444 = DRAUGHTING_PRE_DEFINED_CURVE_FONT('continuous');
#11445 = MECHANICAL_DESIGN_GEOMETRIC_PRESENTATION_REPRESENTATION('',(
    #11446),#6506);
#11446 = STYLED_ITEM('color',(#11447),#6494);
#11447 = PRESENTATION_STYLE_ASSIGNMENT((#11448,#11453));
#11448 = SURFACE_STYLE_USAGE(.BOTH.,#11449);
#11449 = SURFACE_SIDE_STYLE('',(#11450));
#11450 = SURFACE_STYLE_FILL_AREA(#11451);
#11451 = FILL_AREA_STYLE('',(#11452));
#11452 = FILL_AREA_STYLE_COLOUR('',#10412);
#11453 = CURVE_STYLE('',#11454,POSITIVE_LENGTH_MEASURE(0.1),#10412);
#11454 = DRAUGHTING_PRE_DEFINED_CURVE_FONT('continuous');
#11455 = MECHANICAL_DESIGN_GEOMETRIC_PRESENTATION_REPRESENTATION('',(
    #11456),#3189);
#11456 = STYLED_ITEM('color',(#11457),#3177);
#11457 = PRESENTATION_STYLE_ASSIGNMENT((#11458,#11463));
#11458 = SURFACE_STYLE_USAGE(.BOTH.,#11459);
#11459 = SURFACE_SIDE_STYLE('',(#11460));
#11460 = SURFACE_STYLE_FILL_AREA(#11461);
#11461 = FILL_AREA_STYLE('',(#11462));
#11462 = FILL_AREA_STYLE_COLOUR('',#10412);
#11463 = CURVE_STYLE('',#11464,POSITIVE_LENGTH_MEASURE(0.1),#10412);
#11464 = DRAUGHTING_PRE_DEFINED_CURVE_FONT('continuous');
#11465 = MECHANICAL_DESIGN_GEOMETRIC_PRESENTATION_REPRESENTATION('',(
    #11466),#3716);
#11466 = STYLED_ITEM('color',(#11467),#3704);
#11467 = PRESENTATION_STYLE_ASSIGNMENT((#11468,#11473));
#11468 = SURFACE_STYLE_USAGE(.BOTH.,#11469);
#11469 = SURFACE_SIDE_STYLE('',(#11470));
#11470 = SURFACE_STYLE_FILL_AREA(#11471);
#11471 = FILL_AREA_STYLE('',(#11472));
#11472 = FILL_AREA_STYLE_COLOUR('',#10412);
#11473 = CURVE_STYLE('',#11474,POSITIVE_LENGTH_MEASURE(0.1),#10412);
#11474 = DRAUGHTING_PRE_DEFINED_CURVE_FONT('continuous');
#11475 = MECHANICAL_DESIGN_GEOMETRIC_PRESENTATION_REPRESENTATION('',(
    #11476),#8707);
#11476 = STYLED_ITEM('color',(#11477),#8695);
#11477 = PRESENTATION_STYLE_ASSIGNMENT((#11478,#11483));
#11478 = SURFACE_STYLE_USAGE(.BOTH.,#11479);
#11479 = SURFACE_SIDE_STYLE('',(#11480));
#11480 = SURFACE_STYLE_FILL_AREA(#11481);
#11481 = FILL_AREA_STYLE('',(#11482));
#11482 = FILL_AREA_STYLE_COLOUR('',#10412);
#11483 = CURVE_STYLE('',#11484,POSITIVE_LENGTH_MEASURE(0.1),#10412);
#11484 = DRAUGHTING_PRE_DEFINED_CURVE_FONT('continuous');
#11485 = MECHANICAL_DESIGN_GEOMETRIC_PRESENTATION_REPRESENTATION('',(
    #11486),#9668);
#11486 = STYLED_ITEM('color',(#11487),#9656);
#11487 = PRESENTATION_STYLE_ASSIGNMENT((#11488,#11493));
#11488 = SURFACE_STYLE_USAGE(.BOTH.,#11489);
#11489 = SURFACE_SIDE_STYLE('',(#11490));
#11490 = SURFACE_STYLE_FILL_AREA(#11491);
#11491 = FILL_AREA_STYLE('',(#11492));
#11492 = FILL_AREA_STYLE_COLOUR('',#10412);
#11493 = CURVE_STYLE('',#11494,POSITIVE_LENGTH_MEASURE(0.1),#10412);
#11494 = DRAUGHTING_PRE_DEFINED_CURVE_FONT('continuous');
#11495 = MECHANICAL_DESIGN_GEOMETRIC_PRESENTATION_REPRESENTATION('',(
    #11496),#7219);
#11496 = STYLED_ITEM('color',(#11497),#7207);
#11497 = PRESENTATION_STYLE_ASSIGNMENT((#11498,#11503));
#11498 = SURFACE_STYLE_USAGE(.BOTH.,#11499);
#11499 = SURFACE_SIDE_STYLE('',(#11500));
#11500 = SURFACE_STYLE_FILL_AREA(#11501);
#11501 = FILL_AREA_STYLE('',(#11502));
#11502 = FILL_AREA_STYLE_COLOUR('',#10412);
#11503 = CURVE_STYLE('',#11504,POSITIVE_LENGTH_MEASURE(0.1),#10412);
#11504 = DRAUGHTING_PRE_DEFINED_CURVE_FONT('continuous');
#11505 = MECHANICAL_DESIGN_GEOMETRIC_PRESENTATION_REPRESENTATION('',(
    #11506),#9482);
#11506 = STYLED_ITEM('color',(#11507),#9470);
#11507 = PRESENTATION_STYLE_ASSIGNMENT((#11508,#11513));
#11508 = SURFACE_STYLE_USAGE(.BOTH.,#11509);
#11509 = SURFACE_SIDE_STYLE('',(#11510));
#11510 = SURFACE_STYLE_FILL_AREA(#11511);
#11511 = FILL_AREA_STYLE('',(#11512));
#11512 = FILL_AREA_STYLE_COLOUR('',#10412);
#11513 = CURVE_STYLE('',#11514,POSITIVE_LENGTH_MEASURE(0.1),#10412);
#11514 = DRAUGHTING_PRE_DEFINED_CURVE_FONT('continuous');
#11515 = MECHANICAL_DESIGN_GEOMETRIC_PRESENTATION_REPRESENTATION('',(
    #11516),#1918);
#11516 = STYLED_ITEM('color',(#11517),#1906);
#11517 = PRESENTATION_STYLE_ASSIGNMENT((#11518,#11523));
#11518 = SURFACE_STYLE_USAGE(.BOTH.,#11519);
#11519 = SURFACE_SIDE_STYLE('',(#11520));
#11520 = SURFACE_STYLE_FILL_AREA(#11521);
#11521 = FILL_AREA_STYLE('',(#11522));
#11522 = FILL_AREA_STYLE_COLOUR('',#10412);
#11523 = CURVE_STYLE('',#11524,POSITIVE_LENGTH_MEASURE(0.1),#10412);
#11524 = DRAUGHTING_PRE_DEFINED_CURVE_FONT('continuous');
#11525 = MECHANICAL_DESIGN_GEOMETRIC_PRESENTATION_REPRESENTATION('',(
    #11526),#2786);
#11526 = STYLED_ITEM('color',(#11527),#2774);
#11527 = PRESENTATION_STYLE_ASSIGNMENT((#11528,#11533));
#11528 = SURFACE_STYLE_USAGE(.BOTH.,#11529);
#11529 = SURFACE_SIDE_STYLE('',(#11530));
#11530 = SURFACE_STYLE_FILL_AREA(#11531);
#11531 = FILL_AREA_STYLE('',(#11532));
#11532 = FILL_AREA_STYLE_COLOUR('',#10412);
#11533 = CURVE_STYLE('',#11534,POSITIVE_LENGTH_MEASURE(0.1),#10412);
#11534 = DRAUGHTING_PRE_DEFINED_CURVE_FONT('continuous');
#11535 = MECHANICAL_DESIGN_GEOMETRIC_PRESENTATION_REPRESENTATION('',(
    #11536),#6227);
#11536 = STYLED_ITEM('color',(#11537),#6215);
#11537 = PRESENTATION_STYLE_ASSIGNMENT((#11538,#11543));
#11538 = SURFACE_STYLE_USAGE(.BOTH.,#11539);
#11539 = SURFACE_SIDE_STYLE('',(#11540));
#11540 = SURFACE_STYLE_FILL_AREA(#11541);
#11541 = FILL_AREA_STYLE('',(#11542));
#11542 = FILL_AREA_STYLE_COLOUR('',#10412);
#11543 = CURVE_STYLE('',#11544,POSITIVE_LENGTH_MEASURE(0.1),#10412);
#11544 = DRAUGHTING_PRE_DEFINED_CURVE_FONT('continuous');
#11545 = MECHANICAL_DESIGN_GEOMETRIC_PRESENTATION_REPRESENTATION('',(
    #11546),#9823);
#11546 = STYLED_ITEM('color',(#11547),#9811);
#11547 = PRESENTATION_STYLE_ASSIGNMENT((#11548,#11553));
#11548 = SURFACE_STYLE_USAGE(.BOTH.,#11549);
#11549 = SURFACE_SIDE_STYLE('',(#11550));
#11550 = SURFACE_STYLE_FILL_AREA(#11551);
#11551 = FILL_AREA_STYLE('',(#11552));
#11552 = FILL_AREA_STYLE_COLOUR('',#10412);
#11553 = CURVE_STYLE('',#11554,POSITIVE_LENGTH_MEASURE(0.1),#10412);
#11554 = DRAUGHTING_PRE_DEFINED_CURVE_FONT('continuous');
#11555 = MECHANICAL_DESIGN_GEOMETRIC_PRESENTATION_REPRESENTATION('',(
    #11556),#7002);
#11556 = STYLED_ITEM('color',(#11557),#6990);
#11557 = PRESENTATION_STYLE_ASSIGNMENT((#11558,#11563));
#11558 = SURFACE_STYLE_USAGE(.BOTH.,#11559);
#11559 = SURFACE_SIDE_STYLE('',(#11560));
#11560 = SURFACE_STYLE_FILL_AREA(#11561);
#11561 = FILL_AREA_STYLE('',(#11562));
#11562 = FILL_AREA_STYLE_COLOUR('',#10412);
#11563 = CURVE_STYLE('',#11564,POSITIVE_LENGTH_MEASURE(0.1),#10412);
#11564 = DRAUGHTING_PRE_DEFINED_CURVE_FONT('continuous');
#11565 = MECHANICAL_DESIGN_GEOMETRIC_PRESENTATION_REPRESENTATION('',(
    #11566),#4026);
#11566 = STYLED_ITEM('color',(#11567),#4014);
#11567 = PRESENTATION_STYLE_ASSIGNMENT((#11568,#11573));
#11568 = SURFACE_STYLE_USAGE(.BOTH.,#11569);
#11569 = SURFACE_SIDE_STYLE('',(#11570));
#11570 = SURFACE_STYLE_FILL_AREA(#11571);
#11571 = FILL_AREA_STYLE('',(#11572));
#11572 = FILL_AREA_STYLE_COLOUR('',#10412);
#11573 = CURVE_STYLE('',#11574,POSITIVE_LENGTH_MEASURE(0.1),#10412);
#11574 = DRAUGHTING_PRE_DEFINED_CURVE_FONT('continuous');
#11575 = MECHANICAL_DESIGN_GEOMETRIC_PRESENTATION_REPRESENTATION('',(
    #11576),#9730);
#11576 = STYLED_ITEM('color',(#11577),#9718);
#11577 = PRESENTATION_STYLE_ASSIGNMENT((#11578,#11583));
#11578 = SURFACE_STYLE_USAGE(.BOTH.,#11579);
#11579 = SURFACE_SIDE_STYLE('',(#11580));
#11580 = SURFACE_STYLE_FILL_AREA(#11581);
#11581 = FILL_AREA_STYLE('',(#11582));
#11582 = FILL_AREA_STYLE_COLOUR('',#10412);
#11583 = CURVE_STYLE('',#11584,POSITIVE_LENGTH_MEASURE(0.1),#10412);
#11584 = DRAUGHTING_PRE_DEFINED_CURVE_FONT('continuous');
#11585 = MECHANICAL_DESIGN_GEOMETRIC_PRESENTATION_REPRESENTATION('',(
    #11586),#5452);
#11586 = STYLED_ITEM('color',(#11587),#5440);
#11587 = PRESENTATION_STYLE_ASSIGNMENT((#11588,#11593));
#11588 = SURFACE_STYLE_USAGE(.BOTH.,#11589);
#11589 = SURFACE_SIDE_STYLE('',(#11590));
#11590 = SURFACE_STYLE_FILL_AREA(#11591);
#11591 = FILL_AREA_STYLE('',(#11592));
#11592 = FILL_AREA_STYLE_COLOUR('',#10412);
#11593 = CURVE_STYLE('',#11594,POSITIVE_LENGTH_MEASURE(0.1),#10412);
#11594 = DRAUGHTING_PRE_DEFINED_CURVE_FONT('continuous');
#11595 = MECHANICAL_DESIGN_GEOMETRIC_PRESENTATION_REPRESENTATION('',(
    #11596),#7684);
#11596 = STYLED_ITEM('color',(#11597),#7672);
#11597 = PRESENTATION_STYLE_ASSIGNMENT((#11598,#11603));
#11598 = SURFACE_STYLE_USAGE(.BOTH.,#11599);
#11599 = SURFACE_SIDE_STYLE('',(#11600));
#11600 = SURFACE_STYLE_FILL_AREA(#11601);
#11601 = FILL_AREA_STYLE('',(#11602));
#11602 = FILL_AREA_STYLE_COLOUR('',#10412);
#11603 = CURVE_STYLE('',#11604,POSITIVE_LENGTH_MEASURE(0.1),#10412);
#11604 = DRAUGHTING_PRE_DEFINED_CURVE_FONT('continuous');
#11605 = MECHANICAL_DESIGN_GEOMETRIC_PRESENTATION_REPRESENTATION('',(
    #11606),#6754);
#11606 = STYLED_ITEM('color',(#11607),#6742);
#11607 = PRESENTATION_STYLE_ASSIGNMENT((#11608,#11613));
#11608 = SURFACE_STYLE_USAGE(.BOTH.,#11609);
#11609 = SURFACE_SIDE_STYLE('',(#11610));
#11610 = SURFACE_STYLE_FILL_AREA(#11611);
#11611 = FILL_AREA_STYLE('',(#11612));
#11612 = FILL_AREA_STYLE_COLOUR('',#10412);
#11613 = CURVE_STYLE('',#11614,POSITIVE_LENGTH_MEASURE(0.1),#10412);
#11614 = DRAUGHTING_PRE_DEFINED_CURVE_FONT('continuous');
#11615 = MECHANICAL_DESIGN_GEOMETRIC_PRESENTATION_REPRESENTATION('',(
    #11616),#2042);
#11616 = STYLED_ITEM('color',(#11617),#2030);
#11617 = PRESENTATION_STYLE_ASSIGNMENT((#11618,#11623));
#11618 = SURFACE_STYLE_USAGE(.BOTH.,#11619);
#11619 = SURFACE_SIDE_STYLE('',(#11620));
#11620 = SURFACE_STYLE_FILL_AREA(#11621);
#11621 = FILL_AREA_STYLE('',(#11622));
#11622 = FILL_AREA_STYLE_COLOUR('',#10412);
#11623 = CURVE_STYLE('',#11624,POSITIVE_LENGTH_MEASURE(0.1),#10412);
#11624 = DRAUGHTING_PRE_DEFINED_CURVE_FONT('continuous');
#11625 = MECHANICAL_DESIGN_GEOMETRIC_PRESENTATION_REPRESENTATION('',(
    #11626),#8304);
#11626 = STYLED_ITEM('color',(#11627),#8292);
#11627 = PRESENTATION_STYLE_ASSIGNMENT((#11628,#11633));
#11628 = SURFACE_STYLE_USAGE(.BOTH.,#11629);
#11629 = SURFACE_SIDE_STYLE('',(#11630));
#11630 = SURFACE_STYLE_FILL_AREA(#11631);
#11631 = FILL_AREA_STYLE('',(#11632));
#11632 = FILL_AREA_STYLE_COLOUR('',#10412);
#11633 = CURVE_STYLE('',#11634,POSITIVE_LENGTH_MEASURE(0.1),#10412);
#11634 = DRAUGHTING_PRE_DEFINED_CURVE_FONT('continuous');
#11635 = MECHANICAL_DESIGN_GEOMETRIC_PRESENTATION_REPRESENTATION('',(
    #11636),#8924);
#11636 = STYLED_ITEM('color',(#11637),#8912);
#11637 = PRESENTATION_STYLE_ASSIGNMENT((#11638,#11643));
#11638 = SURFACE_STYLE_USAGE(.BOTH.,#11639);
#11639 = SURFACE_SIDE_STYLE('',(#11640));
#11640 = SURFACE_STYLE_FILL_AREA(#11641);
#11641 = FILL_AREA_STYLE('',(#11642));
#11642 = FILL_AREA_STYLE_COLOUR('',#10412);
#11643 = CURVE_STYLE('',#11644,POSITIVE_LENGTH_MEASURE(0.1),#10412);
#11644 = DRAUGHTING_PRE_DEFINED_CURVE_FONT('continuous');
#11645 = MECHANICAL_DESIGN_GEOMETRIC_PRESENTATION_REPRESENTATION('',(
    #11646),#6940);
#11646 = STYLED_ITEM('color',(#11647),#6928);
#11647 = PRESENTATION_STYLE_ASSIGNMENT((#11648,#11653));
#11648 = SURFACE_STYLE_USAGE(.BOTH.,#11649);
#11649 = SURFACE_SIDE_STYLE('',(#11650));
#11650 = SURFACE_STYLE_FILL_AREA(#11651);
#11651 = FILL_AREA_STYLE('',(#11652));
#11652 = FILL_AREA_STYLE_COLOUR('',#10412);
#11653 = CURVE_STYLE('',#11654,POSITIVE_LENGTH_MEASURE(0.1),#10412);
#11654 = DRAUGHTING_PRE_DEFINED_CURVE_FONT('continuous');
#11655 = MECHANICAL_DESIGN_GEOMETRIC_PRESENTATION_REPRESENTATION('',(
    #11656),#4212);
#11656 = STYLED_ITEM('color',(#11657),#4200);
#11657 = PRESENTATION_STYLE_ASSIGNMENT((#11658,#11663));
#11658 = SURFACE_STYLE_USAGE(.BOTH.,#11659);
#11659 = SURFACE_SIDE_STYLE('',(#11660));
#11660 = SURFACE_STYLE_FILL_AREA(#11661);
#11661 = FILL_AREA_STYLE('',(#11662));
#11662 = FILL_AREA_STYLE_COLOUR('',#10412);
#11663 = CURVE_STYLE('',#11664,POSITIVE_LENGTH_MEASURE(0.1),#10412);
#11664 = DRAUGHTING_PRE_DEFINED_CURVE_FONT('continuous');
#11665 = MECHANICAL_DESIGN_GEOMETRIC_PRESENTATION_REPRESENTATION('',(
    #11666),#3344);
#11666 = STYLED_ITEM('color',(#11667),#3332);
#11667 = PRESENTATION_STYLE_ASSIGNMENT((#11668,#11673));
#11668 = SURFACE_STYLE_USAGE(.BOTH.,#11669);
#11669 = SURFACE_SIDE_STYLE('',(#11670));
#11670 = SURFACE_STYLE_FILL_AREA(#11671);
#11671 = FILL_AREA_STYLE('',(#11672));
#11672 = FILL_AREA_STYLE_COLOUR('',#10412);
#11673 = CURVE_STYLE('',#11674,POSITIVE_LENGTH_MEASURE(0.1),#10412);
#11674 = DRAUGHTING_PRE_DEFINED_CURVE_FONT('continuous');
#11675 = MECHANICAL_DESIGN_GEOMETRIC_PRESENTATION_REPRESENTATION('',(
    #11676),#9141);
#11676 = STYLED_ITEM('color',(#11677),#9129);
#11677 = PRESENTATION_STYLE_ASSIGNMENT((#11678,#11683));
#11678 = SURFACE_STYLE_USAGE(.BOTH.,#11679);
#11679 = SURFACE_SIDE_STYLE('',(#11680));
#11680 = SURFACE_STYLE_FILL_AREA(#11681);
#11681 = FILL_AREA_STYLE('',(#11682));
#11682 = FILL_AREA_STYLE_COLOUR('',#10412);
#11683 = CURVE_STYLE('',#11684,POSITIVE_LENGTH_MEASURE(0.1),#10412);
#11684 = DRAUGHTING_PRE_DEFINED_CURVE_FONT('continuous');
#11685 = MECHANICAL_DESIGN_GEOMETRIC_PRESENTATION_REPRESENTATION('',(
    #11686),#6661);
#11686 = STYLED_ITEM('color',(#11687),#6649);
#11687 = PRESENTATION_STYLE_ASSIGNMENT((#11688,#11693));
#11688 = SURFACE_STYLE_USAGE(.BOTH.,#11689);
#11689 = SURFACE_SIDE_STYLE('',(#11690));
#11690 = SURFACE_STYLE_FILL_AREA(#11691);
#11691 = FILL_AREA_STYLE('',(#11692));
#11692 = FILL_AREA_STYLE_COLOUR('',#10412);
#11693 = CURVE_STYLE('',#11694,POSITIVE_LENGTH_MEASURE(0.1),#10412);
#11694 = DRAUGHTING_PRE_DEFINED_CURVE_FONT('continuous');
#11695 = MECHANICAL_DESIGN_GEOMETRIC_PRESENTATION_REPRESENTATION('',(
    #11696),#6475);
#11696 = STYLED_ITEM('color',(#11697),#6463);
#11697 = PRESENTATION_STYLE_ASSIGNMENT((#11698,#11703));
#11698 = SURFACE_STYLE_USAGE(.BOTH.,#11699);
#11699 = SURFACE_SIDE_STYLE('',(#11700));
#11700 = SURFACE_STYLE_FILL_AREA(#11701);
#11701 = FILL_AREA_STYLE('',(#11702));
#11702 = FILL_AREA_STYLE_COLOUR('',#10412);
#11703 = CURVE_STYLE('',#11704,POSITIVE_LENGTH_MEASURE(0.1),#10412);
#11704 = DRAUGHTING_PRE_DEFINED_CURVE_FONT('continuous');
#11705 = MECHANICAL_DESIGN_GEOMETRIC_PRESENTATION_REPRESENTATION('',(
    #11706),#2135);
#11706 = STYLED_ITEM('color',(#11707),#2123);
#11707 = PRESENTATION_STYLE_ASSIGNMENT((#11708,#11713));
#11708 = SURFACE_STYLE_USAGE(.BOTH.,#11709);
#11709 = SURFACE_SIDE_STYLE('',(#11710));
#11710 = SURFACE_STYLE_FILL_AREA(#11711);
#11711 = FILL_AREA_STYLE('',(#11712));
#11712 = FILL_AREA_STYLE_COLOUR('',#10412);
#11713 = CURVE_STYLE('',#11714,POSITIVE_LENGTH_MEASURE(0.1),#10412);
#11714 = DRAUGHTING_PRE_DEFINED_CURVE_FONT('continuous');
#11715 = MECHANICAL_DESIGN_GEOMETRIC_PRESENTATION_REPRESENTATION('',(
    #11716),#8583);
#11716 = STYLED_ITEM('color',(#11717),#8571);
#11717 = PRESENTATION_STYLE_ASSIGNMENT((#11718,#11723));
#11718 = SURFACE_STYLE_USAGE(.BOTH.,#11719);
#11719 = SURFACE_SIDE_STYLE('',(#11720));
#11720 = SURFACE_STYLE_FILL_AREA(#11721);
#11721 = FILL_AREA_STYLE('',(#11722));
#11722 = FILL_AREA_STYLE_COLOUR('',#10412);
#11723 = CURVE_STYLE('',#11724,POSITIVE_LENGTH_MEASURE(0.1),#10412);
#11724 = DRAUGHTING_PRE_DEFINED_CURVE_FONT('continuous');
#11725 = MECHANICAL_DESIGN_GEOMETRIC_PRESENTATION_REPRESENTATION('',(
    #11726),#5359);
#11726 = STYLED_ITEM('color',(#11727),#5347);
#11727 = PRESENTATION_STYLE_ASSIGNMENT((#11728,#11733));
#11728 = SURFACE_STYLE_USAGE(.BOTH.,#11729);
#11729 = SURFACE_SIDE_STYLE('',(#11730));
#11730 = SURFACE_STYLE_FILL_AREA(#11731);
#11731 = FILL_AREA_STYLE('',(#11732));
#11732 = FILL_AREA_STYLE_COLOUR('',#10412);
#11733 = CURVE_STYLE('',#11734,POSITIVE_LENGTH_MEASURE(0.1),#10412);
#11734 = DRAUGHTING_PRE_DEFINED_CURVE_FONT('continuous');
#11735 = MECHANICAL_DESIGN_GEOMETRIC_PRESENTATION_REPRESENTATION('',(
    #11736),#7467);
#11736 = STYLED_ITEM('color',(#11737),#7455);
#11737 = PRESENTATION_STYLE_ASSIGNMENT((#11738,#11743));
#11738 = SURFACE_STYLE_USAGE(.BOTH.,#11739);
#11739 = SURFACE_SIDE_STYLE('',(#11740));
#11740 = SURFACE_STYLE_FILL_AREA(#11741);
#11741 = FILL_AREA_STYLE('',(#11742));
#11742 = FILL_AREA_STYLE_COLOUR('',#10412);
#11743 = CURVE_STYLE('',#11744,POSITIVE_LENGTH_MEASURE(0.1),#10412);
#11744 = DRAUGHTING_PRE_DEFINED_CURVE_FONT('continuous');
#11745 = MECHANICAL_DESIGN_GEOMETRIC_PRESENTATION_REPRESENTATION('',(
    #11746),#1794);
#11746 = STYLED_ITEM('color',(#11747),#1782);
#11747 = PRESENTATION_STYLE_ASSIGNMENT((#11748,#11753));
#11748 = SURFACE_STYLE_USAGE(.BOTH.,#11749);
#11749 = SURFACE_SIDE_STYLE('',(#11750));
#11750 = SURFACE_STYLE_FILL_AREA(#11751);
#11751 = FILL_AREA_STYLE('',(#11752));
#11752 = FILL_AREA_STYLE_COLOUR('',#10412);
#11753 = CURVE_STYLE('',#11754,POSITIVE_LENGTH_MEASURE(0.1),#10412);
#11754 = DRAUGHTING_PRE_DEFINED_CURVE_FONT('continuous');
#11755 = MECHANICAL_DESIGN_GEOMETRIC_PRESENTATION_REPRESENTATION('',(
    #11756),#2631);
#11756 = STYLED_ITEM('color',(#11757),#2619);
#11757 = PRESENTATION_STYLE_ASSIGNMENT((#11758,#11763));
#11758 = SURFACE_STYLE_USAGE(.BOTH.,#11759);
#11759 = SURFACE_SIDE_STYLE('',(#11760));
#11760 = SURFACE_STYLE_FILL_AREA(#11761);
#11761 = FILL_AREA_STYLE('',(#11762));
#11762 = FILL_AREA_STYLE_COLOUR('',#10412);
#11763 = CURVE_STYLE('',#11764,POSITIVE_LENGTH_MEASURE(0.1),#10412);
#11764 = DRAUGHTING_PRE_DEFINED_CURVE_FONT('continuous');
#11765 = MECHANICAL_DESIGN_GEOMETRIC_PRESENTATION_REPRESENTATION('',(
    #11766),#6103);
#11766 = STYLED_ITEM('color',(#11767),#6091);
#11767 = PRESENTATION_STYLE_ASSIGNMENT((#11768,#11773));
#11768 = SURFACE_STYLE_USAGE(.BOTH.,#11769);
#11769 = SURFACE_SIDE_STYLE('',(#11770));
#11770 = SURFACE_STYLE_FILL_AREA(#11771);
#11771 = FILL_AREA_STYLE('',(#11772));
#11772 = FILL_AREA_STYLE_COLOUR('',#10412);
#11773 = CURVE_STYLE('',#11774,POSITIVE_LENGTH_MEASURE(0.1),#10412);
#11774 = DRAUGHTING_PRE_DEFINED_CURVE_FONT('continuous');
#11775 = MECHANICAL_DESIGN_GEOMETRIC_PRESENTATION_REPRESENTATION('',(
    #11776),#2321);
#11776 = STYLED_ITEM('color',(#11777),#2309);
#11777 = PRESENTATION_STYLE_ASSIGNMENT((#11778,#11783));
#11778 = SURFACE_STYLE_USAGE(.BOTH.,#11779);
#11779 = SURFACE_SIDE_STYLE('',(#11780));
#11780 = SURFACE_STYLE_FILL_AREA(#11781);
#11781 = FILL_AREA_STYLE('',(#11782));
#11782 = FILL_AREA_STYLE_COLOUR('',#10412);
#11783 = CURVE_STYLE('',#11784,POSITIVE_LENGTH_MEASURE(0.1),#10412);
#11784 = DRAUGHTING_PRE_DEFINED_CURVE_FONT('continuous');
#11785 = MECHANICAL_DESIGN_GEOMETRIC_PRESENTATION_REPRESENTATION('',(
    #11786),#6568);
#11786 = STYLED_ITEM('color',(#11787),#6556);
#11787 = PRESENTATION_STYLE_ASSIGNMENT((#11788,#11793));
#11788 = SURFACE_STYLE_USAGE(.BOTH.,#11789);
#11789 = SURFACE_SIDE_STYLE('',(#11790));
#11790 = SURFACE_STYLE_FILL_AREA(#11791);
#11791 = FILL_AREA_STYLE('',(#11792));
#11792 = FILL_AREA_STYLE_COLOUR('',#10412);
#11793 = CURVE_STYLE('',#11794,POSITIVE_LENGTH_MEASURE(0.1),#10412);
#11794 = DRAUGHTING_PRE_DEFINED_CURVE_FONT('continuous');
#11795 = MECHANICAL_DESIGN_GEOMETRIC_PRESENTATION_REPRESENTATION('',(
    #11796),#5049);
#11796 = STYLED_ITEM('color',(#11797),#5037);
#11797 = PRESENTATION_STYLE_ASSIGNMENT((#11798,#11803));
#11798 = SURFACE_STYLE_USAGE(.BOTH.,#11799);
#11799 = SURFACE_SIDE_STYLE('',(#11800));
#11800 = SURFACE_STYLE_FILL_AREA(#11801);
#11801 = FILL_AREA_STYLE('',(#11802));
#11802 = FILL_AREA_STYLE_COLOUR('',#10412);
#11803 = CURVE_STYLE('',#11804,POSITIVE_LENGTH_MEASURE(0.1),#10412);
#11804 = DRAUGHTING_PRE_DEFINED_CURVE_FONT('continuous');
#11805 = MECHANICAL_DESIGN_GEOMETRIC_PRESENTATION_REPRESENTATION('',(
    #11806),#8211);
#11806 = STYLED_ITEM('color',(#11807),#8199);
#11807 = PRESENTATION_STYLE_ASSIGNMENT((#11808,#11813));
#11808 = SURFACE_STYLE_USAGE(.BOTH.,#11809);
#11809 = SURFACE_SIDE_STYLE('',(#11810));
#11810 = SURFACE_STYLE_FILL_AREA(#11811);
#11811 = FILL_AREA_STYLE('',(#11812));
#11812 = FILL_AREA_STYLE_COLOUR('',#10412);
#11813 = CURVE_STYLE('',#11814,POSITIVE_LENGTH_MEASURE(0.1),#10412);
#11814 = DRAUGHTING_PRE_DEFINED_CURVE_FONT('continuous');
#11815 = MECHANICAL_DESIGN_GEOMETRIC_PRESENTATION_REPRESENTATION('',(
    #11816),#2724);
#11816 = STYLED_ITEM('color',(#11817),#2712);
#11817 = PRESENTATION_STYLE_ASSIGNMENT((#11818,#11823));
#11818 = SURFACE_STYLE_USAGE(.BOTH.,#11819);
#11819 = SURFACE_SIDE_STYLE('',(#11820));
#11820 = SURFACE_STYLE_FILL_AREA(#11821);
#11821 = FILL_AREA_STYLE('',(#11822));
#11822 = FILL_AREA_STYLE_COLOUR('',#10412);
#11823 = CURVE_STYLE('',#11824,POSITIVE_LENGTH_MEASURE(0.1),#10412);
#11824 = DRAUGHTING_PRE_DEFINED_CURVE_FONT('continuous');
#11825 = MECHANICAL_DESIGN_GEOMETRIC_PRESENTATION_REPRESENTATION('',(
    #11826),#1856);
#11826 = STYLED_ITEM('color',(#11827),#1844);
#11827 = PRESENTATION_STYLE_ASSIGNMENT((#11828,#11833));
#11828 = SURFACE_STYLE_USAGE(.BOTH.,#11829);
#11829 = SURFACE_SIDE_STYLE('',(#11830));
#11830 = SURFACE_STYLE_FILL_AREA(#11831);
#11831 = FILL_AREA_STYLE('',(#11832));
#11832 = FILL_AREA_STYLE_COLOUR('',#10412);
#11833 = CURVE_STYLE('',#11834,POSITIVE_LENGTH_MEASURE(0.1),#10412);
#11834 = DRAUGHTING_PRE_DEFINED_CURVE_FONT('continuous');
#11835 = MECHANICAL_DESIGN_GEOMETRIC_PRESENTATION_REPRESENTATION('',(
    #11836),#8831);
#11836 = STYLED_ITEM('color',(#11837),#8819);
#11837 = PRESENTATION_STYLE_ASSIGNMENT((#11838,#11843));
#11838 = SURFACE_STYLE_USAGE(.BOTH.,#11839);
#11839 = SURFACE_SIDE_STYLE('',(#11840));
#11840 = SURFACE_STYLE_FILL_AREA(#11841);
#11841 = FILL_AREA_STYLE('',(#11842));
#11842 = FILL_AREA_STYLE_COLOUR('',#10412);
#11843 = CURVE_STYLE('',#11844,POSITIVE_LENGTH_MEASURE(0.1),#10412);
#11844 = DRAUGHTING_PRE_DEFINED_CURVE_FONT('continuous');
#11845 = MECHANICAL_DESIGN_GEOMETRIC_PRESENTATION_REPRESENTATION('',(
    #11846),#9017);
#11846 = STYLED_ITEM('color',(#11847),#9005);
#11847 = PRESENTATION_STYLE_ASSIGNMENT((#11848,#11853));
#11848 = SURFACE_STYLE_USAGE(.BOTH.,#11849);
#11849 = SURFACE_SIDE_STYLE('',(#11850));
#11850 = SURFACE_STYLE_FILL_AREA(#11851);
#11851 = FILL_AREA_STYLE('',(#11852));
#11852 = FILL_AREA_STYLE_COLOUR('',#10412);
#11853 = CURVE_STYLE('',#11854,POSITIVE_LENGTH_MEASURE(0.1),#10412);
#11854 = DRAUGHTING_PRE_DEFINED_CURVE_FONT('continuous');
#11855 = MECHANICAL_DESIGN_GEOMETRIC_PRESENTATION_REPRESENTATION('',(
    #11856),#7715);
#11856 = STYLED_ITEM('color',(#11857),#7703);
#11857 = PRESENTATION_STYLE_ASSIGNMENT((#11858,#11863));
#11858 = SURFACE_STYLE_USAGE(.BOTH.,#11859);
#11859 = SURFACE_SIDE_STYLE('',(#11860));
#11860 = SURFACE_STYLE_FILL_AREA(#11861);
#11861 = FILL_AREA_STYLE('',(#11862));
#11862 = FILL_AREA_STYLE_COLOUR('',#10412);
#11863 = CURVE_STYLE('',#11864,POSITIVE_LENGTH_MEASURE(0.1),#10412);
#11864 = DRAUGHTING_PRE_DEFINED_CURVE_FONT('continuous');
#11865 = MECHANICAL_DESIGN_GEOMETRIC_PRESENTATION_REPRESENTATION('',(
    #11866),#3530);
#11866 = STYLED_ITEM('color',(#11867),#3518);
#11867 = PRESENTATION_STYLE_ASSIGNMENT((#11868,#11873));
#11868 = SURFACE_STYLE_USAGE(.BOTH.,#11869);
#11869 = SURFACE_SIDE_STYLE('',(#11870));
#11870 = SURFACE_STYLE_FILL_AREA(#11871);
#11871 = FILL_AREA_STYLE('',(#11872));
#11872 = FILL_AREA_STYLE_COLOUR('',#10412);
#11873 = CURVE_STYLE('',#11874,POSITIVE_LENGTH_MEASURE(0.1),#10412);
#11874 = DRAUGHTING_PRE_DEFINED_CURVE_FONT('continuous');
#11875 = MECHANICAL_DESIGN_GEOMETRIC_PRESENTATION_REPRESENTATION('',(
    #11876),#6847);
#11876 = STYLED_ITEM('color',(#11877),#6835);
#11877 = PRESENTATION_STYLE_ASSIGNMENT((#11878,#11883));
#11878 = SURFACE_STYLE_USAGE(.BOTH.,#11879);
#11879 = SURFACE_SIDE_STYLE('',(#11880));
#11880 = SURFACE_STYLE_FILL_AREA(#11881);
#11881 = FILL_AREA_STYLE('',(#11882));
#11882 = FILL_AREA_STYLE_COLOUR('',#10412);
#11883 = CURVE_STYLE('',#11884,POSITIVE_LENGTH_MEASURE(0.1),#10412);
#11884 = DRAUGHTING_PRE_DEFINED_CURVE_FONT('continuous');
#11885 = MECHANICAL_DESIGN_GEOMETRIC_PRESENTATION_REPRESENTATION('',(
    #11886),#5545);
#11886 = STYLED_ITEM('color',(#11887),#5533);
#11887 = PRESENTATION_STYLE_ASSIGNMENT((#11888,#11893));
#11888 = SURFACE_STYLE_USAGE(.BOTH.,#11889);
#11889 = SURFACE_SIDE_STYLE('',(#11890));
#11890 = SURFACE_STYLE_FILL_AREA(#11891);
#11891 = FILL_AREA_STYLE('',(#11892));
#11892 = FILL_AREA_STYLE_COLOUR('',#10412);
#11893 = CURVE_STYLE('',#11894,POSITIVE_LENGTH_MEASURE(0.1),#10412);
#11894 = DRAUGHTING_PRE_DEFINED_CURVE_FONT('continuous');
#11895 = MECHANICAL_DESIGN_GEOMETRIC_PRESENTATION_REPRESENTATION('',(
    #11896),#8397);
#11896 = STYLED_ITEM('color',(#11897),#8385);
#11897 = PRESENTATION_STYLE_ASSIGNMENT((#11898,#11903));
#11898 = SURFACE_STYLE_USAGE(.BOTH.,#11899);
#11899 = SURFACE_SIDE_STYLE('',(#11900));
#11900 = SURFACE_STYLE_FILL_AREA(#11901);
#11901 = FILL_AREA_STYLE('',(#11902));
#11902 = FILL_AREA_STYLE_COLOUR('',#10412);
#11903 = CURVE_STYLE('',#11904,POSITIVE_LENGTH_MEASURE(0.1),#10412);
#11904 = DRAUGHTING_PRE_DEFINED_CURVE_FONT('continuous');
#11905 = MECHANICAL_DESIGN_GEOMETRIC_PRESENTATION_REPRESENTATION('',(
    #11906),#4894);
#11906 = STYLED_ITEM('color',(#11907),#4882);
#11907 = PRESENTATION_STYLE_ASSIGNMENT((#11908,#11913));
#11908 = SURFACE_STYLE_USAGE(.BOTH.,#11909);
#11909 = SURFACE_SIDE_STYLE('',(#11910));
#11910 = SURFACE_STYLE_FILL_AREA(#11911);
#11911 = FILL_AREA_STYLE('',(#11912));
#11912 = FILL_AREA_STYLE_COLOUR('',#10412);
#11913 = CURVE_STYLE('',#11914,POSITIVE_LENGTH_MEASURE(0.1),#10412);
#11914 = DRAUGHTING_PRE_DEFINED_CURVE_FONT('continuous');
#11915 = MECHANICAL_DESIGN_GEOMETRIC_PRESENTATION_REPRESENTATION('',(
    #11916),#2507);
#11916 = STYLED_ITEM('color',(#11917),#2495);
#11917 = PRESENTATION_STYLE_ASSIGNMENT((#11918,#11923));
#11918 = SURFACE_STYLE_USAGE(.BOTH.,#11919);
#11919 = SURFACE_SIDE_STYLE('',(#11920));
#11920 = SURFACE_STYLE_FILL_AREA(#11921);
#11921 = FILL_AREA_STYLE('',(#11922));
#11922 = FILL_AREA_STYLE_COLOUR('',#10412);
#11923 = CURVE_STYLE('',#11924,POSITIVE_LENGTH_MEASURE(0.1),#10412);
#11924 = DRAUGHTING_PRE_DEFINED_CURVE_FONT('continuous');
#11925 = MECHANICAL_DESIGN_GEOMETRIC_PRESENTATION_REPRESENTATION('',(
    #11926),#7901);
#11926 = STYLED_ITEM('color',(#11927),#7889);
#11927 = PRESENTATION_STYLE_ASSIGNMENT((#11928,#11933));
#11928 = SURFACE_STYLE_USAGE(.BOTH.,#11929);
#11929 = SURFACE_SIDE_STYLE('',(#11930));
#11930 = SURFACE_STYLE_FILL_AREA(#11931);
#11931 = FILL_AREA_STYLE('',(#11932));
#11932 = FILL_AREA_STYLE_COLOUR('',#10412);
#11933 = CURVE_STYLE('',#11934,POSITIVE_LENGTH_MEASURE(0.1),#10412);
#11934 = DRAUGHTING_PRE_DEFINED_CURVE_FONT('continuous');
#11935 = MECHANICAL_DESIGN_GEOMETRIC_PRESENTATION_REPRESENTATION('',(
    #11936),#7312);
#11936 = STYLED_ITEM('color',(#11937),#7300);
#11937 = PRESENTATION_STYLE_ASSIGNMENT((#11938,#11943));
#11938 = SURFACE_STYLE_USAGE(.BOTH.,#11939);
#11939 = SURFACE_SIDE_STYLE('',(#11940));
#11940 = SURFACE_STYLE_FILL_AREA(#11941);
#11941 = FILL_AREA_STYLE('',(#11942));
#11942 = FILL_AREA_STYLE_COLOUR('',#10412);
#11943 = CURVE_STYLE('',#11944,POSITIVE_LENGTH_MEASURE(0.1),#10412);
#11944 = DRAUGHTING_PRE_DEFINED_CURVE_FONT('continuous');
#11945 = MECHANICAL_DESIGN_GEOMETRIC_PRESENTATION_REPRESENTATION('',(
    #11946),#4057);
#11946 = STYLED_ITEM('color',(#11947),#4045);
#11947 = PRESENTATION_STYLE_ASSIGNMENT((#11948,#11953));
#11948 = SURFACE_STYLE_USAGE(.BOTH.,#11949);
#11949 = SURFACE_SIDE_STYLE('',(#11950));
#11950 = SURFACE_STYLE_FILL_AREA(#11951);
#11951 = FILL_AREA_STYLE('',(#11952));
#11952 = FILL_AREA_STYLE_COLOUR('',#10412);
#11953 = CURVE_STYLE('',#11954,POSITIVE_LENGTH_MEASURE(0.1),#10412);
#11954 = DRAUGHTING_PRE_DEFINED_CURVE_FONT('continuous');
#11955 = MECHANICAL_DESIGN_GEOMETRIC_PRESENTATION_REPRESENTATION('',(
    #11956),#4305);
#11956 = STYLED_ITEM('color',(#11957),#4293);
#11957 = PRESENTATION_STYLE_ASSIGNMENT((#11958,#11963));
#11958 = SURFACE_STYLE_USAGE(.BOTH.,#11959);
#11959 = SURFACE_SIDE_STYLE('',(#11960));
#11960 = SURFACE_STYLE_FILL_AREA(#11961);
#11961 = FILL_AREA_STYLE('',(#11962));
#11962 = FILL_AREA_STYLE_COLOUR('',#10412);
#11963 = CURVE_STYLE('',#11964,POSITIVE_LENGTH_MEASURE(0.1),#10412);
#11964 = DRAUGHTING_PRE_DEFINED_CURVE_FONT('continuous');
#11965 = MECHANICAL_DESIGN_GEOMETRIC_PRESENTATION_REPRESENTATION('',(
    #11966),#6382);
#11966 = STYLED_ITEM('color',(#11967),#6370);
#11967 = PRESENTATION_STYLE_ASSIGNMENT((#11968,#11973));
#11968 = SURFACE_STYLE_USAGE(.BOTH.,#11969);
#11969 = SURFACE_SIDE_STYLE('',(#11970));
#11970 = SURFACE_STYLE_FILL_AREA(#11971);
#11971 = FILL_AREA_STYLE('',(#11972));
#11972 = FILL_AREA_STYLE_COLOUR('',#10412);
#11973 = CURVE_STYLE('',#11974,POSITIVE_LENGTH_MEASURE(0.1),#10412);
#11974 = DRAUGHTING_PRE_DEFINED_CURVE_FONT('continuous');
#11975 = MECHANICAL_DESIGN_GEOMETRIC_PRESENTATION_REPRESENTATION('',(
    #11976),#7622);
#11976 = STYLED_ITEM('color',(#11977),#7610);
#11977 = PRESENTATION_STYLE_ASSIGNMENT((#11978,#11983));
#11978 = SURFACE_STYLE_USAGE(.BOTH.,#11979);
#11979 = SURFACE_SIDE_STYLE('',(#11980));
#11980 = SURFACE_STYLE_FILL_AREA(#11981);
#11981 = FILL_AREA_STYLE('',(#11982));
#11982 = FILL_AREA_STYLE_COLOUR('',#10412);
#11983 = CURVE_STYLE('',#11984,POSITIVE_LENGTH_MEASURE(0.1),#10412);
#11984 = DRAUGHTING_PRE_DEFINED_CURVE_FONT('continuous');
#11985 = MECHANICAL_DESIGN_GEOMETRIC_PRESENTATION_REPRESENTATION('',(
    #11986),#5793);
#11986 = STYLED_ITEM('color',(#11987),#5781);
#11987 = PRESENTATION_STYLE_ASSIGNMENT((#11988,#11993));
#11988 = SURFACE_STYLE_USAGE(.BOTH.,#11989);
#11989 = SURFACE_SIDE_STYLE('',(#11990));
#11990 = SURFACE_STYLE_FILL_AREA(#11991);
#11991 = FILL_AREA_STYLE('',(#11992));
#11992 = FILL_AREA_STYLE_COLOUR('',#10412);
#11993 = CURVE_STYLE('',#11994,POSITIVE_LENGTH_MEASURE(0.1),#10412);
#11994 = DRAUGHTING_PRE_DEFINED_CURVE_FONT('continuous');
#11995 = MECHANICAL_DESIGN_GEOMETRIC_PRESENTATION_REPRESENTATION('',(
    #11996),#5762);
#11996 = STYLED_ITEM('color',(#11997),#5750);
#11997 = PRESENTATION_STYLE_ASSIGNMENT((#11998,#12003));
#11998 = SURFACE_STYLE_USAGE(.BOTH.,#11999);
#11999 = SURFACE_SIDE_STYLE('',(#12000));
#12000 = SURFACE_STYLE_FILL_AREA(#12001);
#12001 = FILL_AREA_STYLE('',(#12002));
#12002 = FILL_AREA_STYLE_COLOUR('',#10412);
#12003 = CURVE_STYLE('',#12004,POSITIVE_LENGTH_MEASURE(0.1),#10412);
#12004 = DRAUGHTING_PRE_DEFINED_CURVE_FONT('continuous');
#12005 = MECHANICAL_DESIGN_GEOMETRIC_PRESENTATION_REPRESENTATION('',(
    #12006),#3251);
#12006 = STYLED_ITEM('color',(#12007),#3239);
#12007 = PRESENTATION_STYLE_ASSIGNMENT((#12008,#12013));
#12008 = SURFACE_STYLE_USAGE(.BOTH.,#12009);
#12009 = SURFACE_SIDE_STYLE('',(#12010));
#12010 = SURFACE_STYLE_FILL_AREA(#12011);
#12011 = FILL_AREA_STYLE('',(#12012));
#12012 = FILL_AREA_STYLE_COLOUR('',#10412);
#12013 = CURVE_STYLE('',#12014,POSITIVE_LENGTH_MEASURE(0.1),#10412);
#12014 = DRAUGHTING_PRE_DEFINED_CURVE_FONT('continuous');
#12015 = MECHANICAL_DESIGN_GEOMETRIC_PRESENTATION_REPRESENTATION('',(
    #12016),#6010);
#12016 = STYLED_ITEM('color',(#12017),#5998);
#12017 = PRESENTATION_STYLE_ASSIGNMENT((#12018,#12023));
#12018 = SURFACE_STYLE_USAGE(.BOTH.,#12019);
#12019 = SURFACE_SIDE_STYLE('',(#12020));
#12020 = SURFACE_STYLE_FILL_AREA(#12021);
#12021 = FILL_AREA_STYLE('',(#12022));
#12022 = FILL_AREA_STYLE_COLOUR('',#10412);
#12023 = CURVE_STYLE('',#12024,POSITIVE_LENGTH_MEASURE(0.1),#10412);
#12024 = DRAUGHTING_PRE_DEFINED_CURVE_FONT('continuous');
#12025 = MECHANICAL_DESIGN_GEOMETRIC_PRESENTATION_REPRESENTATION('',(
    #12026),#3871);
#12026 = STYLED_ITEM('color',(#12027),#3859);
#12027 = PRESENTATION_STYLE_ASSIGNMENT((#12028,#12033));
#12028 = SURFACE_STYLE_USAGE(.BOTH.,#12029);
#12029 = SURFACE_SIDE_STYLE('',(#12030));
#12030 = SURFACE_STYLE_FILL_AREA(#12031);
#12031 = FILL_AREA_STYLE('',(#12032));
#12032 = FILL_AREA_STYLE_COLOUR('',#10412);
#12033 = CURVE_STYLE('',#12034,POSITIVE_LENGTH_MEASURE(0.1),#10412);
#12034 = DRAUGHTING_PRE_DEFINED_CURVE_FONT('continuous');
#12035 = MECHANICAL_DESIGN_GEOMETRIC_PRESENTATION_REPRESENTATION('',(
    #12036),#6320);
#12036 = STYLED_ITEM('color',(#12037),#6308);
#12037 = PRESENTATION_STYLE_ASSIGNMENT((#12038,#12043));
#12038 = SURFACE_STYLE_USAGE(.BOTH.,#12039);
#12039 = SURFACE_SIDE_STYLE('',(#12040));
#12040 = SURFACE_STYLE_FILL_AREA(#12041);
#12041 = FILL_AREA_STYLE('',(#12042));
#12042 = FILL_AREA_STYLE_COLOUR('',#10412);
#12043 = CURVE_STYLE('',#12044,POSITIVE_LENGTH_MEASURE(0.1),#10412);
#12044 = DRAUGHTING_PRE_DEFINED_CURVE_FONT('continuous');
#12045 = MECHANICAL_DESIGN_GEOMETRIC_PRESENTATION_REPRESENTATION('',(
    #12046),#7157);
#12046 = STYLED_ITEM('color',(#12047),#7145);
#12047 = PRESENTATION_STYLE_ASSIGNMENT((#12048,#12053));
#12048 = SURFACE_STYLE_USAGE(.BOTH.,#12049);
#12049 = SURFACE_SIDE_STYLE('',(#12050));
#12050 = SURFACE_STYLE_FILL_AREA(#12051);
#12051 = FILL_AREA_STYLE('',(#12052));
#12052 = FILL_AREA_STYLE_COLOUR('',#10412);
#12053 = CURVE_STYLE('',#12054,POSITIVE_LENGTH_MEASURE(0.1),#10412);
#12054 = DRAUGHTING_PRE_DEFINED_CURVE_FONT('continuous');
#12055 = MECHANICAL_DESIGN_GEOMETRIC_PRESENTATION_REPRESENTATION('',(
    #12056),#8056);
#12056 = STYLED_ITEM('color',(#12057),#8044);
#12057 = PRESENTATION_STYLE_ASSIGNMENT((#12058,#12063));
#12058 = SURFACE_STYLE_USAGE(.BOTH.,#12059);
#12059 = SURFACE_SIDE_STYLE('',(#12060));
#12060 = SURFACE_STYLE_FILL_AREA(#12061);
#12061 = FILL_AREA_STYLE('',(#12062));
#12062 = FILL_AREA_STYLE_COLOUR('',#10412);
#12063 = CURVE_STYLE('',#12064,POSITIVE_LENGTH_MEASURE(0.1),#10412);
#12064 = DRAUGHTING_PRE_DEFINED_CURVE_FONT('continuous');
#12065 = MECHANICAL_DESIGN_GEOMETRIC_PRESENTATION_REPRESENTATION('',(
    #12066),#3127);
#12066 = STYLED_ITEM('color',(#12067),#3115);
#12067 = PRESENTATION_STYLE_ASSIGNMENT((#12068,#12073));
#12068 = SURFACE_STYLE_USAGE(.BOTH.,#12069);
#12069 = SURFACE_SIDE_STYLE('',(#12070));
#12070 = SURFACE_STYLE_FILL_AREA(#12071);
#12071 = FILL_AREA_STYLE('',(#12072));
#12072 = FILL_AREA_STYLE_COLOUR('',#10412);
#12073 = CURVE_STYLE('',#12074,POSITIVE_LENGTH_MEASURE(0.1),#10412);
#12074 = DRAUGHTING_PRE_DEFINED_CURVE_FONT('continuous');
#12075 = MECHANICAL_DESIGN_GEOMETRIC_PRESENTATION_REPRESENTATION('',(
    #12076),#1887);
#12076 = STYLED_ITEM('color',(#12077),#1875);
#12077 = PRESENTATION_STYLE_ASSIGNMENT((#12078,#12083));
#12078 = SURFACE_STYLE_USAGE(.BOTH.,#12079);
#12079 = SURFACE_SIDE_STYLE('',(#12080));
#12080 = SURFACE_STYLE_FILL_AREA(#12081);
#12081 = FILL_AREA_STYLE('',(#12082));
#12082 = FILL_AREA_STYLE_COLOUR('',#10412);
#12083 = CURVE_STYLE('',#12084,POSITIVE_LENGTH_MEASURE(0.1),#10412);
#12084 = DRAUGHTING_PRE_DEFINED_CURVE_FONT('continuous');
#12085 = MECHANICAL_DESIGN_GEOMETRIC_PRESENTATION_REPRESENTATION('',(
    #12086),#6785);
#12086 = STYLED_ITEM('color',(#12087),#6773);
#12087 = PRESENTATION_STYLE_ASSIGNMENT((#12088,#12093));
#12088 = SURFACE_STYLE_USAGE(.BOTH.,#12089);
#12089 = SURFACE_SIDE_STYLE('',(#12090));
#12090 = SURFACE_STYLE_FILL_AREA(#12091);
#12091 = FILL_AREA_STYLE('',(#12092));
#12092 = FILL_AREA_STYLE_COLOUR('',#10412);
#12093 = CURVE_STYLE('',#12094,POSITIVE_LENGTH_MEASURE(0.1),#10412);
#12094 = DRAUGHTING_PRE_DEFINED_CURVE_FONT('continuous');
#12095 = MECHANICAL_DESIGN_GEOMETRIC_PRESENTATION_REPRESENTATION('',(
    #12096),#6041);
#12096 = STYLED_ITEM('color',(#12097),#6029);
#12097 = PRESENTATION_STYLE_ASSIGNMENT((#12098,#12103));
#12098 = SURFACE_STYLE_USAGE(.BOTH.,#12099);
#12099 = SURFACE_SIDE_STYLE('',(#12100));
#12100 = SURFACE_STYLE_FILL_AREA(#12101);
#12101 = FILL_AREA_STYLE('',(#12102));
#12102 = FILL_AREA_STYLE_COLOUR('',#10412);
#12103 = CURVE_STYLE('',#12104,POSITIVE_LENGTH_MEASURE(0.1),#10412);
#12104 = DRAUGHTING_PRE_DEFINED_CURVE_FONT('continuous');
#12105 = MECHANICAL_DESIGN_GEOMETRIC_PRESENTATION_REPRESENTATION('',(
    #12106),#1391);
#12106 = STYLED_ITEM('color',(#12107),#1379);
#12107 = PRESENTATION_STYLE_ASSIGNMENT((#12108,#12113));
#12108 = SURFACE_STYLE_USAGE(.BOTH.,#12109);
#12109 = SURFACE_SIDE_STYLE('',(#12110));
#12110 = SURFACE_STYLE_FILL_AREA(#12111);
#12111 = FILL_AREA_STYLE('',(#12112));
#12112 = FILL_AREA_STYLE_COLOUR('',#10412);
#12113 = CURVE_STYLE('',#12114,POSITIVE_LENGTH_MEASURE(0.1),#10412);
#12114 = DRAUGHTING_PRE_DEFINED_CURVE_FONT('continuous');
#12115 = MECHANICAL_DESIGN_GEOMETRIC_PRESENTATION_REPRESENTATION('',(
    #12116),#1608);
#12116 = STYLED_ITEM('color',(#12117),#1596);
#12117 = PRESENTATION_STYLE_ASSIGNMENT((#12118,#12123));
#12118 = SURFACE_STYLE_USAGE(.BOTH.,#12119);
#12119 = SURFACE_SIDE_STYLE('',(#12120));
#12120 = SURFACE_STYLE_FILL_AREA(#12121);
#12121 = FILL_AREA_STYLE('',(#12122));
#12122 = FILL_AREA_STYLE_COLOUR('',#10412);
#12123 = CURVE_STYLE('',#12124,POSITIVE_LENGTH_MEASURE(0.1),#10412);
#12124 = DRAUGHTING_PRE_DEFINED_CURVE_FONT('continuous');
#12125 = MECHANICAL_DESIGN_GEOMETRIC_PRESENTATION_REPRESENTATION('',(
    #12126),#7808);
#12126 = STYLED_ITEM('color',(#12127),#7796);
#12127 = PRESENTATION_STYLE_ASSIGNMENT((#12128,#12133));
#12128 = SURFACE_STYLE_USAGE(.BOTH.,#12129);
#12129 = SURFACE_SIDE_STYLE('',(#12130));
#12130 = SURFACE_STYLE_FILL_AREA(#12131);
#12131 = FILL_AREA_STYLE('',(#12132));
#12132 = FILL_AREA_STYLE_COLOUR('',#10412);
#12133 = CURVE_STYLE('',#12134,POSITIVE_LENGTH_MEASURE(0.1),#10412);
#12134 = DRAUGHTING_PRE_DEFINED_CURVE_FONT('continuous');
#12135 = MECHANICAL_DESIGN_GEOMETRIC_PRESENTATION_REPRESENTATION('',(
    #12136),#3437);
#12136 = STYLED_ITEM('color',(#12137),#3425);
#12137 = PRESENTATION_STYLE_ASSIGNMENT((#12138,#12143));
#12138 = SURFACE_STYLE_USAGE(.BOTH.,#12139);
#12139 = SURFACE_SIDE_STYLE('',(#12140));
#12140 = SURFACE_STYLE_FILL_AREA(#12141);
#12141 = FILL_AREA_STYLE('',(#12142));
#12142 = FILL_AREA_STYLE_COLOUR('',#10412);
#12143 = CURVE_STYLE('',#12144,POSITIVE_LENGTH_MEASURE(0.1),#10412);
#12144 = DRAUGHTING_PRE_DEFINED_CURVE_FONT('continuous');
#12145 = MECHANICAL_DESIGN_GEOMETRIC_PRESENTATION_REPRESENTATION('',(
    #12146),#2011);
#12146 = STYLED_ITEM('color',(#12147),#1999);
#12147 = PRESENTATION_STYLE_ASSIGNMENT((#12148,#12153));
#12148 = SURFACE_STYLE_USAGE(.BOTH.,#12149);
#12149 = SURFACE_SIDE_STYLE('',(#12150));
#12150 = SURFACE_STYLE_FILL_AREA(#12151);
#12151 = FILL_AREA_STYLE('',(#12152));
#12152 = FILL_AREA_STYLE_COLOUR('',#10412);
#12153 = CURVE_STYLE('',#12154,POSITIVE_LENGTH_MEASURE(0.1),#10412);
#12154 = DRAUGHTING_PRE_DEFINED_CURVE_FONT('continuous');
#12155 = MECHANICAL_DESIGN_GEOMETRIC_PRESENTATION_REPRESENTATION('',(
    #12156),#9606);
#12156 = STYLED_ITEM('color',(#12157),#9594);
#12157 = PRESENTATION_STYLE_ASSIGNMENT((#12158,#12163));
#12158 = SURFACE_STYLE_USAGE(.BOTH.,#12159);
#12159 = SURFACE_SIDE_STYLE('',(#12160));
#12160 = SURFACE_STYLE_FILL_AREA(#12161);
#12161 = FILL_AREA_STYLE('',(#12162));
#12162 = FILL_AREA_STYLE_COLOUR('',#10412);
#12163 = CURVE_STYLE('',#12164,POSITIVE_LENGTH_MEASURE(0.1),#10412);
#12164 = DRAUGHTING_PRE_DEFINED_CURVE_FONT('continuous');
#12165 = MECHANICAL_DESIGN_GEOMETRIC_PRESENTATION_REPRESENTATION('',(
    #12166),#5018);
#12166 = STYLED_ITEM('color',(#12167),#5006);
#12167 = PRESENTATION_STYLE_ASSIGNMENT((#12168,#12173));
#12168 = SURFACE_STYLE_USAGE(.BOTH.,#12169);
#12169 = SURFACE_SIDE_STYLE('',(#12170));
#12170 = SURFACE_STYLE_FILL_AREA(#12171);
#12171 = FILL_AREA_STYLE('',(#12172));
#12172 = FILL_AREA_STYLE_COLOUR('',#10412);
#12173 = CURVE_STYLE('',#12174,POSITIVE_LENGTH_MEASURE(0.1),#10412);
#12174 = DRAUGHTING_PRE_DEFINED_CURVE_FONT('continuous');
#12175 = MECHANICAL_DESIGN_GEOMETRIC_PRESENTATION_REPRESENTATION('',(
    #12176),#4863);
#12176 = STYLED_ITEM('color',(#12177),#4851);
#12177 = PRESENTATION_STYLE_ASSIGNMENT((#12178,#12183));
#12178 = SURFACE_STYLE_USAGE(.BOTH.,#12179);
#12179 = SURFACE_SIDE_STYLE('',(#12180));
#12180 = SURFACE_STYLE_FILL_AREA(#12181);
#12181 = FILL_AREA_STYLE('',(#12182));
#12182 = FILL_AREA_STYLE_COLOUR('',#10412);
#12183 = CURVE_STYLE('',#12184,POSITIVE_LENGTH_MEASURE(0.1),#10412);
#12184 = DRAUGHTING_PRE_DEFINED_CURVE_FONT('continuous');
#12185 = MECHANICAL_DESIGN_GEOMETRIC_PRESENTATION_REPRESENTATION('',(
    #12186),#8366);
#12186 = STYLED_ITEM('color',(#12187),#8354);
#12187 = PRESENTATION_STYLE_ASSIGNMENT((#12188,#12193));
#12188 = SURFACE_STYLE_USAGE(.BOTH.,#12189);
#12189 = SURFACE_SIDE_STYLE('',(#12190));
#12190 = SURFACE_STYLE_FILL_AREA(#12191);
#12191 = FILL_AREA_STYLE('',(#12192));
#12192 = FILL_AREA_STYLE_COLOUR('',#10412);
#12193 = CURVE_STYLE('',#12194,POSITIVE_LENGTH_MEASURE(0.1),#10412);
#12194 = DRAUGHTING_PRE_DEFINED_CURVE_FONT('continuous');
#12195 = MECHANICAL_DESIGN_GEOMETRIC_PRESENTATION_REPRESENTATION('',(
    #12196),#2972);
#12196 = STYLED_ITEM('color',(#12197),#2960);
#12197 = PRESENTATION_STYLE_ASSIGNMENT((#12198,#12203));
#12198 = SURFACE_STYLE_USAGE(.BOTH.,#12199);
#12199 = SURFACE_SIDE_STYLE('',(#12200));
#12200 = SURFACE_STYLE_FILL_AREA(#12201);
#12201 = FILL_AREA_STYLE('',(#12202));
#12202 = FILL_AREA_STYLE_COLOUR('',#10412);
#12203 = CURVE_STYLE('',#12204,POSITIVE_LENGTH_MEASURE(0.1),#10412);
#12204 = DRAUGHTING_PRE_DEFINED_CURVE_FONT('continuous');
#12205 = MECHANICAL_DESIGN_GEOMETRIC_PRESENTATION_REPRESENTATION('',(
    #12206),#4956);
#12206 = STYLED_ITEM('color',(#12207),#4944);
#12207 = PRESENTATION_STYLE_ASSIGNMENT((#12208,#12213));
#12208 = SURFACE_STYLE_USAGE(.BOTH.,#12209);
#12209 = SURFACE_SIDE_STYLE('',(#12210));
#12210 = SURFACE_STYLE_FILL_AREA(#12211);
#12211 = FILL_AREA_STYLE('',(#12212));
#12212 = FILL_AREA_STYLE_COLOUR('',#10412);
#12213 = CURVE_STYLE('',#12214,POSITIVE_LENGTH_MEASURE(0.1),#10412);
#12214 = DRAUGHTING_PRE_DEFINED_CURVE_FONT('continuous');
#12215 = MECHANICAL_DESIGN_GEOMETRIC_PRESENTATION_REPRESENTATION('',(
    #12216),#9854);
#12216 = STYLED_ITEM('color',(#12217),#9842);
#12217 = PRESENTATION_STYLE_ASSIGNMENT((#12218,#12223));
#12218 = SURFACE_STYLE_USAGE(.BOTH.,#12219);
#12219 = SURFACE_SIDE_STYLE('',(#12220));
#12220 = SURFACE_STYLE_FILL_AREA(#12221);
#12221 = FILL_AREA_STYLE('',(#12222));
#12222 = FILL_AREA_STYLE_COLOUR('',#10412);
#12223 = CURVE_STYLE('',#12224,POSITIVE_LENGTH_MEASURE(0.1),#10412);
#12224 = DRAUGHTING_PRE_DEFINED_CURVE_FONT('continuous');
#12225 = MECHANICAL_DESIGN_GEOMETRIC_PRESENTATION_REPRESENTATION('',(
    #12226),#7498);
#12226 = STYLED_ITEM('color',(#12227),#7486);
#12227 = PRESENTATION_STYLE_ASSIGNMENT((#12228,#12233));
#12228 = SURFACE_STYLE_USAGE(.BOTH.,#12229);
#12229 = SURFACE_SIDE_STYLE('',(#12230));
#12230 = SURFACE_STYLE_FILL_AREA(#12231);
#12231 = FILL_AREA_STYLE('',(#12232));
#12232 = FILL_AREA_STYLE_COLOUR('',#10412);
#12233 = CURVE_STYLE('',#12234,POSITIVE_LENGTH_MEASURE(0.1),#10412);
#12234 = DRAUGHTING_PRE_DEFINED_CURVE_FONT('continuous');
#12235 = MECHANICAL_DESIGN_GEOMETRIC_PRESENTATION_REPRESENTATION('',(
    #12236),#1484);
#12236 = STYLED_ITEM('color',(#12237),#1472);
#12237 = PRESENTATION_STYLE_ASSIGNMENT((#12238,#12243));
#12238 = SURFACE_STYLE_USAGE(.BOTH.,#12239);
#12239 = SURFACE_SIDE_STYLE('',(#12240));
#12240 = SURFACE_STYLE_FILL_AREA(#12241);
#12241 = FILL_AREA_STYLE('',(#12242));
#12242 = FILL_AREA_STYLE_COLOUR('',#10412);
#12243 = CURVE_STYLE('',#12244,POSITIVE_LENGTH_MEASURE(0.1),#10412);
#12244 = DRAUGHTING_PRE_DEFINED_CURVE_FONT('continuous');
#12245 = MECHANICAL_DESIGN_GEOMETRIC_PRESENTATION_REPRESENTATION('',(
    #12246),#9637);
#12246 = STYLED_ITEM('color',(#12247),#9625);
#12247 = PRESENTATION_STYLE_ASSIGNMENT((#12248,#12253));
#12248 = SURFACE_STYLE_USAGE(.BOTH.,#12249);
#12249 = SURFACE_SIDE_STYLE('',(#12250));
#12250 = SURFACE_STYLE_FILL_AREA(#12251);
#12251 = FILL_AREA_STYLE('',(#12252));
#12252 = FILL_AREA_STYLE_COLOUR('',#10412);
#12253 = CURVE_STYLE('',#12254,POSITIVE_LENGTH_MEASURE(0.1),#10412);
#12254 = DRAUGHTING_PRE_DEFINED_CURVE_FONT('continuous');
#12255 = MECHANICAL_DESIGN_GEOMETRIC_PRESENTATION_REPRESENTATION('',(
    #12256),#9265);
#12256 = STYLED_ITEM('color',(#12257),#9253);
#12257 = PRESENTATION_STYLE_ASSIGNMENT((#12258,#12263));
#12258 = SURFACE_STYLE_USAGE(.BOTH.,#12259);
#12259 = SURFACE_SIDE_STYLE('',(#12260));
#12260 = SURFACE_STYLE_FILL_AREA(#12261);
#12261 = FILL_AREA_STYLE('',(#12262));
#12262 = FILL_AREA_STYLE_COLOUR('',#10412);
#12263 = CURVE_STYLE('',#12264,POSITIVE_LENGTH_MEASURE(0.1),#10412);
#12264 = DRAUGHTING_PRE_DEFINED_CURVE_FONT('continuous');
#12265 = MECHANICAL_DESIGN_GEOMETRIC_PRESENTATION_REPRESENTATION('',(
    #12266),#8676);
#12266 = STYLED_ITEM('color',(#12267),#8664);
#12267 = PRESENTATION_STYLE_ASSIGNMENT((#12268,#12273));
#12268 = SURFACE_STYLE_USAGE(.BOTH.,#12269);
#12269 = SURFACE_SIDE_STYLE('',(#12270));
#12270 = SURFACE_STYLE_FILL_AREA(#12271);
#12271 = FILL_AREA_STYLE('',(#12272));
#12272 = FILL_AREA_STYLE_COLOUR('',#10412);
#12273 = CURVE_STYLE('',#12274,POSITIVE_LENGTH_MEASURE(0.1),#10412);
#12274 = DRAUGHTING_PRE_DEFINED_CURVE_FONT('continuous');
#12275 = MECHANICAL_DESIGN_GEOMETRIC_PRESENTATION_REPRESENTATION('',(
    #12276),#9885);
#12276 = STYLED_ITEM('color',(#12277),#9873);
#12277 = PRESENTATION_STYLE_ASSIGNMENT((#12278,#12283));
#12278 = SURFACE_STYLE_USAGE(.BOTH.,#12279);
#12279 = SURFACE_SIDE_STYLE('',(#12280));
#12280 = SURFACE_STYLE_FILL_AREA(#12281);
#12281 = FILL_AREA_STYLE('',(#12282));
#12282 = FILL_AREA_STYLE_COLOUR('',#10412);
#12283 = CURVE_STYLE('',#12284,POSITIVE_LENGTH_MEASURE(0.1),#10412);
#12284 = DRAUGHTING_PRE_DEFINED_CURVE_FONT('continuous');
#12285 = MECHANICAL_DESIGN_GEOMETRIC_PRESENTATION_REPRESENTATION('',(
    #12286),#3623);
#12286 = STYLED_ITEM('color',(#12287),#3611);
#12287 = PRESENTATION_STYLE_ASSIGNMENT((#12288,#12293));
#12288 = SURFACE_STYLE_USAGE(.BOTH.,#12289);
#12289 = SURFACE_SIDE_STYLE('',(#12290));
#12290 = SURFACE_STYLE_FILL_AREA(#12291);
#12291 = FILL_AREA_STYLE('',(#12292));
#12292 = FILL_AREA_STYLE_COLOUR('',#10412);
#12293 = CURVE_STYLE('',#12294,POSITIVE_LENGTH_MEASURE(0.1),#10412);
#12294 = DRAUGHTING_PRE_DEFINED_CURVE_FONT('continuous');
#12295 = MECHANICAL_DESIGN_GEOMETRIC_PRESENTATION_REPRESENTATION('',(
    #12296),#3158);
#12296 = STYLED_ITEM('color',(#12297),#3146);
#12297 = PRESENTATION_STYLE_ASSIGNMENT((#12298,#12303));
#12298 = SURFACE_STYLE_USAGE(.BOTH.,#12299);
#12299 = SURFACE_SIDE_STYLE('',(#12300));
#12300 = SURFACE_STYLE_FILL_AREA(#12301);
#12301 = FILL_AREA_STYLE('',(#12302));
#12302 = FILL_AREA_STYLE_COLOUR('',#10412);
#12303 = CURVE_STYLE('',#12304,POSITIVE_LENGTH_MEASURE(0.1),#10412);
#12304 = DRAUGHTING_PRE_DEFINED_CURVE_FONT('continuous');
#12305 = MECHANICAL_DESIGN_GEOMETRIC_PRESENTATION_REPRESENTATION('',(
    #12306),#3933);
#12306 = STYLED_ITEM('color',(#12307),#3921);
#12307 = PRESENTATION_STYLE_ASSIGNMENT((#12308,#12313));
#12308 = SURFACE_STYLE_USAGE(.BOTH.,#12309);
#12309 = SURFACE_SIDE_STYLE('',(#12310));
#12310 = SURFACE_STYLE_FILL_AREA(#12311);
#12311 = FILL_AREA_STYLE('',(#12312));
#12312 = FILL_AREA_STYLE_COLOUR('',#10412);
#12313 = CURVE_STYLE('',#12314,POSITIVE_LENGTH_MEASURE(0.1),#10412);
#12314 = DRAUGHTING_PRE_DEFINED_CURVE_FONT('continuous');
#12315 = MECHANICAL_DESIGN_GEOMETRIC_PRESENTATION_REPRESENTATION('',(
    #12316),#8738);
#12316 = STYLED_ITEM('color',(#12317),#8726);
#12317 = PRESENTATION_STYLE_ASSIGNMENT((#12318,#12323));
#12318 = SURFACE_STYLE_USAGE(.BOTH.,#12319);
#12319 = SURFACE_SIDE_STYLE('',(#12320));
#12320 = SURFACE_STYLE_FILL_AREA(#12321);
#12321 = FILL_AREA_STYLE('',(#12322));
#12322 = FILL_AREA_STYLE_COLOUR('',#10412);
#12323 = CURVE_STYLE('',#12324,POSITIVE_LENGTH_MEASURE(0.1),#10412);
#12324 = DRAUGHTING_PRE_DEFINED_CURVE_FONT('continuous');
#12325 = MECHANICAL_DESIGN_GEOMETRIC_PRESENTATION_REPRESENTATION('',(
    #12326),#2569);
#12326 = STYLED_ITEM('color',(#12327),#2557);
#12327 = PRESENTATION_STYLE_ASSIGNMENT((#12328,#12333));
#12328 = SURFACE_STYLE_USAGE(.BOTH.,#12329);
#12329 = SURFACE_SIDE_STYLE('',(#12330));
#12330 = SURFACE_STYLE_FILL_AREA(#12331);
#12331 = FILL_AREA_STYLE('',(#12332));
#12332 = FILL_AREA_STYLE_COLOUR('',#10412);
#12333 = CURVE_STYLE('',#12334,POSITIVE_LENGTH_MEASURE(0.1),#10412);
#12334 = DRAUGHTING_PRE_DEFINED_CURVE_FONT('continuous');
#12335 = MECHANICAL_DESIGN_GEOMETRIC_PRESENTATION_REPRESENTATION('',(
    #12336),#7064);
#12336 = STYLED_ITEM('color',(#12337),#7052);
#12337 = PRESENTATION_STYLE_ASSIGNMENT((#12338,#12343));
#12338 = SURFACE_STYLE_USAGE(.BOTH.,#12339);
#12339 = SURFACE_SIDE_STYLE('',(#12340));
#12340 = SURFACE_STYLE_FILL_AREA(#12341);
#12341 = FILL_AREA_STYLE('',(#12342));
#12342 = FILL_AREA_STYLE_COLOUR('',#10412);
#12343 = CURVE_STYLE('',#12344,POSITIVE_LENGTH_MEASURE(0.1),#10412);
#12344 = DRAUGHTING_PRE_DEFINED_CURVE_FONT('continuous');
#12345 = MECHANICAL_DESIGN_GEOMETRIC_PRESENTATION_REPRESENTATION('',(
    #12346),#5297);
#12346 = STYLED_ITEM('color',(#12347),#5285);
#12347 = PRESENTATION_STYLE_ASSIGNMENT((#12348,#12353));
#12348 = SURFACE_STYLE_USAGE(.BOTH.,#12349);
#12349 = SURFACE_SIDE_STYLE('',(#12350));
#12350 = SURFACE_STYLE_FILL_AREA(#12351);
#12351 = FILL_AREA_STYLE('',(#12352));
#12352 = FILL_AREA_STYLE_COLOUR('',#10412);
#12353 = CURVE_STYLE('',#12354,POSITIVE_LENGTH_MEASURE(0.1),#10412);
#12354 = DRAUGHTING_PRE_DEFINED_CURVE_FONT('continuous');
#12355 = MECHANICAL_DESIGN_GEOMETRIC_PRESENTATION_REPRESENTATION('',(
    #12356),#4770);
#12356 = STYLED_ITEM('color',(#12357),#4758);
#12357 = PRESENTATION_STYLE_ASSIGNMENT((#12358,#12363));
#12358 = SURFACE_STYLE_USAGE(.BOTH.,#12359);
#12359 = SURFACE_SIDE_STYLE('',(#12360));
#12360 = SURFACE_STYLE_FILL_AREA(#12361);
#12361 = FILL_AREA_STYLE('',(#12362));
#12362 = FILL_AREA_STYLE_COLOUR('',#10412);
#12363 = CURVE_STYLE('',#12364,POSITIVE_LENGTH_MEASURE(0.1),#10412);
#12364 = DRAUGHTING_PRE_DEFINED_CURVE_FONT('continuous');
#12365 = MECHANICAL_DESIGN_GEOMETRIC_PRESENTATION_REPRESENTATION('',(
    #12366),#2879);
#12366 = STYLED_ITEM('color',(#12367),#2867);
#12367 = PRESENTATION_STYLE_ASSIGNMENT((#12368,#12373));
#12368 = SURFACE_STYLE_USAGE(.BOTH.,#12369);
#12369 = SURFACE_SIDE_STYLE('',(#12370));
#12370 = SURFACE_STYLE_FILL_AREA(#12371);
#12371 = FILL_AREA_STYLE('',(#12372));
#12372 = FILL_AREA_STYLE_COLOUR('',#10412);
#12373 = CURVE_STYLE('',#12374,POSITIVE_LENGTH_MEASURE(0.1),#10412);
#12374 = DRAUGHTING_PRE_DEFINED_CURVE_FONT('continuous');
#12375 = MECHANICAL_DESIGN_GEOMETRIC_PRESENTATION_REPRESENTATION('',(
    #12376),#7994);
#12376 = STYLED_ITEM('color',(#12377),#7982);
#12377 = PRESENTATION_STYLE_ASSIGNMENT((#12378,#12383));
#12378 = SURFACE_STYLE_USAGE(.BOTH.,#12379);
#12379 = SURFACE_SIDE_STYLE('',(#12380));
#12380 = SURFACE_STYLE_FILL_AREA(#12381);
#12381 = FILL_AREA_STYLE('',(#12382));
#12382 = FILL_AREA_STYLE_COLOUR('',#10412);
#12383 = CURVE_STYLE('',#12384,POSITIVE_LENGTH_MEASURE(0.1),#10412);
#12384 = DRAUGHTING_PRE_DEFINED_CURVE_FONT('continuous');
#12385 = MECHANICAL_DESIGN_GEOMETRIC_PRESENTATION_REPRESENTATION('',(
    #12386),#9234);
#12386 = STYLED_ITEM('color',(#12387),#9222);
#12387 = PRESENTATION_STYLE_ASSIGNMENT((#12388,#12393));
#12388 = SURFACE_STYLE_USAGE(.BOTH.,#12389);
#12389 = SURFACE_SIDE_STYLE('',(#12390));
#12390 = SURFACE_STYLE_FILL_AREA(#12391);
#12391 = FILL_AREA_STYLE('',(#12392));
#12392 = FILL_AREA_STYLE_COLOUR('',#10412);
#12393 = CURVE_STYLE('',#12394,POSITIVE_LENGTH_MEASURE(0.1),#10412);
#12394 = DRAUGHTING_PRE_DEFINED_CURVE_FONT('continuous');
#12395 = MECHANICAL_DESIGN_GEOMETRIC_PRESENTATION_REPRESENTATION('',(
    #12396),#6971);
#12396 = STYLED_ITEM('color',(#12397),#6959);
#12397 = PRESENTATION_STYLE_ASSIGNMENT((#12398,#12403));
#12398 = SURFACE_STYLE_USAGE(.BOTH.,#12399);
#12399 = SURFACE_SIDE_STYLE('',(#12400));
#12400 = SURFACE_STYLE_FILL_AREA(#12401);
#12401 = FILL_AREA_STYLE('',(#12402));
#12402 = FILL_AREA_STYLE_COLOUR('',#10412);
#12403 = CURVE_STYLE('',#12404,POSITIVE_LENGTH_MEASURE(0.1),#10412);
#12404 = DRAUGHTING_PRE_DEFINED_CURVE_FONT('continuous');
#12405 = MECHANICAL_DESIGN_GEOMETRIC_PRESENTATION_REPRESENTATION('',(
    #12406),#7560);
#12406 = STYLED_ITEM('color',(#12407),#7548);
#12407 = PRESENTATION_STYLE_ASSIGNMENT((#12408,#12413));
#12408 = SURFACE_STYLE_USAGE(.BOTH.,#12409);
#12409 = SURFACE_SIDE_STYLE('',(#12410));
#12410 = SURFACE_STYLE_FILL_AREA(#12411);
#12411 = FILL_AREA_STYLE('',(#12412));
#12412 = FILL_AREA_STYLE_COLOUR('',#10412);
#12413 = CURVE_STYLE('',#12414,POSITIVE_LENGTH_MEASURE(0.1),#10412);
#12414 = DRAUGHTING_PRE_DEFINED_CURVE_FONT('continuous');
#12415 = MECHANICAL_DESIGN_GEOMETRIC_PRESENTATION_REPRESENTATION('',(
    #12416),#2383);
#12416 = STYLED_ITEM('color',(#12417),#2371);
#12417 = PRESENTATION_STYLE_ASSIGNMENT((#12418,#12423));
#12418 = SURFACE_STYLE_USAGE(.BOTH.,#12419);
#12419 = SURFACE_SIDE_STYLE('',(#12420));
#12420 = SURFACE_STYLE_FILL_AREA(#12421);
#12421 = FILL_AREA_STYLE('',(#12422));
#12422 = FILL_AREA_STYLE_COLOUR('',#10412);
#12423 = CURVE_STYLE('',#12424,POSITIVE_LENGTH_MEASURE(0.1),#10412);
#12424 = DRAUGHTING_PRE_DEFINED_CURVE_FONT('continuous');
#12425 = MECHANICAL_DESIGN_GEOMETRIC_PRESENTATION_REPRESENTATION('',(
    #12426),#5266);
#12426 = STYLED_ITEM('color',(#12427),#5254);
#12427 = PRESENTATION_STYLE_ASSIGNMENT((#12428,#12433));
#12428 = SURFACE_STYLE_USAGE(.BOTH.,#12429);
#12429 = SURFACE_SIDE_STYLE('',(#12430));
#12430 = SURFACE_STYLE_FILL_AREA(#12431);
#12431 = FILL_AREA_STYLE('',(#12432));
#12432 = FILL_AREA_STYLE_COLOUR('',#10412);
#12433 = CURVE_STYLE('',#12434,POSITIVE_LENGTH_MEASURE(0.1),#10412);
#12434 = DRAUGHTING_PRE_DEFINED_CURVE_FONT('continuous');
#12435 = MECHANICAL_DESIGN_GEOMETRIC_PRESENTATION_REPRESENTATION('',(
    #12436),#5142);
#12436 = STYLED_ITEM('color',(#12437),#5130);
#12437 = PRESENTATION_STYLE_ASSIGNMENT((#12438,#12443));
#12438 = SURFACE_STYLE_USAGE(.BOTH.,#12439);
#12439 = SURFACE_SIDE_STYLE('',(#12440));
#12440 = SURFACE_STYLE_FILL_AREA(#12441);
#12441 = FILL_AREA_STYLE('',(#12442));
#12442 = FILL_AREA_STYLE_COLOUR('',#10412);
#12443 = CURVE_STYLE('',#12444,POSITIVE_LENGTH_MEASURE(0.1),#10412);
#12444 = DRAUGHTING_PRE_DEFINED_CURVE_FONT('continuous');
#12445 = MECHANICAL_DESIGN_GEOMETRIC_PRESENTATION_REPRESENTATION('',(
    #12446),#2104);
#12446 = STYLED_ITEM('color',(#12447),#2092);
#12447 = PRESENTATION_STYLE_ASSIGNMENT((#12448,#12453));
#12448 = SURFACE_STYLE_USAGE(.BOTH.,#12449);
#12449 = SURFACE_SIDE_STYLE('',(#12450));
#12450 = SURFACE_STYLE_FILL_AREA(#12451);
#12451 = FILL_AREA_STYLE('',(#12452));
#12452 = FILL_AREA_STYLE_COLOUR('',#10412);
#12453 = CURVE_STYLE('',#12454,POSITIVE_LENGTH_MEASURE(0.1),#10412);
#12454 = DRAUGHTING_PRE_DEFINED_CURVE_FONT('continuous');
#12455 = MECHANICAL_DESIGN_GEOMETRIC_PRESENTATION_REPRESENTATION('',(
    #12456),#6630);
#12456 = STYLED_ITEM('color',(#12457),#6618);
#12457 = PRESENTATION_STYLE_ASSIGNMENT((#12458,#12463));
#12458 = SURFACE_STYLE_USAGE(.BOTH.,#12459);
#12459 = SURFACE_SIDE_STYLE('',(#12460));
#12460 = SURFACE_STYLE_FILL_AREA(#12461);
#12461 = FILL_AREA_STYLE('',(#12462));
#12462 = FILL_AREA_STYLE_COLOUR('',#10412);
#12463 = CURVE_STYLE('',#12464,POSITIVE_LENGTH_MEASURE(0.1),#10412);
#12464 = DRAUGHTING_PRE_DEFINED_CURVE_FONT('continuous');
#12465 = MECHANICAL_DESIGN_GEOMETRIC_PRESENTATION_REPRESENTATION('',(
    #12466),#4708);
#12466 = STYLED_ITEM('color',(#12467),#4696);
#12467 = PRESENTATION_STYLE_ASSIGNMENT((#12468,#12473));
#12468 = SURFACE_STYLE_USAGE(.BOTH.,#12469);
#12469 = SURFACE_SIDE_STYLE('',(#12470));
#12470 = SURFACE_STYLE_FILL_AREA(#12471);
#12471 = FILL_AREA_STYLE('',(#12472));
#12472 = FILL_AREA_STYLE_COLOUR('',#10412);
#12473 = CURVE_STYLE('',#12474,POSITIVE_LENGTH_MEASURE(0.1),#10412);
#12474 = DRAUGHTING_PRE_DEFINED_CURVE_FONT('continuous');
#12475 = MECHANICAL_DESIGN_GEOMETRIC_PRESENTATION_REPRESENTATION('',(
    #12476),#5824);
#12476 = STYLED_ITEM('color',(#12477),#5812);
#12477 = PRESENTATION_STYLE_ASSIGNMENT((#12478,#12483));
#12478 = SURFACE_STYLE_USAGE(.BOTH.,#12479);
#12479 = SURFACE_SIDE_STYLE('',(#12480));
#12480 = SURFACE_STYLE_FILL_AREA(#12481);
#12481 = FILL_AREA_STYLE('',(#12482));
#12482 = FILL_AREA_STYLE_COLOUR('',#10412);
#12483 = CURVE_STYLE('',#12484,POSITIVE_LENGTH_MEASURE(0.1),#10412);
#12484 = DRAUGHTING_PRE_DEFINED_CURVE_FONT('continuous');
#12485 = MECHANICAL_DESIGN_GEOMETRIC_PRESENTATION_REPRESENTATION('',(
    #12486),#1236);
#12486 = STYLED_ITEM('color',(#12487),#1224);
#12487 = PRESENTATION_STYLE_ASSIGNMENT((#12488,#12493));
#12488 = SURFACE_STYLE_USAGE(.BOTH.,#12489);
#12489 = SURFACE_SIDE_STYLE('',(#12490));
#12490 = SURFACE_STYLE_FILL_AREA(#12491);
#12491 = FILL_AREA_STYLE('',(#12492));
#12492 = FILL_AREA_STYLE_COLOUR('',#10412);
#12493 = CURVE_STYLE('',#12494,POSITIVE_LENGTH_MEASURE(0.1),#10412);
#12494 = DRAUGHTING_PRE_DEFINED_CURVE_FONT('continuous');
#12495 = MECHANICAL_DESIGN_GEOMETRIC_PRESENTATION_REPRESENTATION('',(
    #12496),#1701);
#12496 = STYLED_ITEM('color',(#12497),#1689);
#12497 = PRESENTATION_STYLE_ASSIGNMENT((#12498,#12503));
#12498 = SURFACE_STYLE_USAGE(.BOTH.,#12499);
#12499 = SURFACE_SIDE_STYLE('',(#12500));
#12500 = SURFACE_STYLE_FILL_AREA(#12501);
#12501 = FILL_AREA_STYLE('',(#12502));
#12502 = FILL_AREA_STYLE_COLOUR('',#10412);
#12503 = CURVE_STYLE('',#12504,POSITIVE_LENGTH_MEASURE(0.1),#10412);
#12504 = DRAUGHTING_PRE_DEFINED_CURVE_FONT('continuous');
#12505 = MECHANICAL_DESIGN_GEOMETRIC_PRESENTATION_REPRESENTATION('',(
    #12506),#3406);
#12506 = STYLED_ITEM('color',(#12507),#3394);
#12507 = PRESENTATION_STYLE_ASSIGNMENT((#12508,#12513));
#12508 = SURFACE_STYLE_USAGE(.BOTH.,#12509);
#12509 = SURFACE_SIDE_STYLE('',(#12510));
#12510 = SURFACE_STYLE_FILL_AREA(#12511);
#12511 = FILL_AREA_STYLE('',(#12512));
#12512 = FILL_AREA_STYLE_COLOUR('',#10412);
#12513 = CURVE_STYLE('',#12514,POSITIVE_LENGTH_MEASURE(0.1),#10412);
#12514 = DRAUGHTING_PRE_DEFINED_CURVE_FONT('continuous');
#12515 = MECHANICAL_DESIGN_GEOMETRIC_PRESENTATION_REPRESENTATION('',(
    #12516),#2538);
#12516 = STYLED_ITEM('color',(#12517),#2526);
#12517 = PRESENTATION_STYLE_ASSIGNMENT((#12518,#12523));
#12518 = SURFACE_STYLE_USAGE(.BOTH.,#12519);
#12519 = SURFACE_SIDE_STYLE('',(#12520));
#12520 = SURFACE_STYLE_FILL_AREA(#12521);
#12521 = FILL_AREA_STYLE('',(#12522));
#12522 = FILL_AREA_STYLE_COLOUR('',#10412);
#12523 = CURVE_STYLE('',#12524,POSITIVE_LENGTH_MEASURE(0.1),#10412);
#12524 = DRAUGHTING_PRE_DEFINED_CURVE_FONT('continuous');
#12525 = MECHANICAL_DESIGN_GEOMETRIC_PRESENTATION_REPRESENTATION('',(
    #12526),#4491);
#12526 = STYLED_ITEM('color',(#12527),#4479);
#12527 = PRESENTATION_STYLE_ASSIGNMENT((#12528,#12533));
#12528 = SURFACE_STYLE_USAGE(.BOTH.,#12529);
#12529 = SURFACE_SIDE_STYLE('',(#12530));
#12530 = SURFACE_STYLE_FILL_AREA(#12531);
#12531 = FILL_AREA_STYLE('',(#12532));
#12532 = FILL_AREA_STYLE_COLOUR('',#10412);
#12533 = CURVE_STYLE('',#12534,POSITIVE_LENGTH_MEASURE(0.1),#10412);
#12534 = DRAUGHTING_PRE_DEFINED_CURVE_FONT('continuous');
#12535 = MECHANICAL_DESIGN_GEOMETRIC_PRESENTATION_REPRESENTATION('',(
    #12536),#7746);
#12536 = STYLED_ITEM('color',(#12537),#7734);
#12537 = PRESENTATION_STYLE_ASSIGNMENT((#12538,#12543));
#12538 = SURFACE_STYLE_USAGE(.BOTH.,#12539);
#12539 = SURFACE_SIDE_STYLE('',(#12540));
#12540 = SURFACE_STYLE_FILL_AREA(#12541);
#12541 = FILL_AREA_STYLE('',(#12542));
#12542 = FILL_AREA_STYLE_COLOUR('',#10412);
#12543 = CURVE_STYLE('',#12544,POSITIVE_LENGTH_MEASURE(0.1),#10412);
#12544 = DRAUGHTING_PRE_DEFINED_CURVE_FONT('continuous');
#12545 = MECHANICAL_DESIGN_GEOMETRIC_PRESENTATION_REPRESENTATION('',(
    #12546),#1174);
#12546 = STYLED_ITEM('color',(#12547),#1162);
#12547 = PRESENTATION_STYLE_ASSIGNMENT((#12548,#12553));
#12548 = SURFACE_STYLE_USAGE(.BOTH.,#12549);
#12549 = SURFACE_SIDE_STYLE('',(#12550));
#12550 = SURFACE_STYLE_FILL_AREA(#12551);
#12551 = FILL_AREA_STYLE('',(#12552));
#12552 = FILL_AREA_STYLE_COLOUR('',#10412);
#12553 = CURVE_STYLE('',#12554,POSITIVE_LENGTH_MEASURE(0.1),#10412);
#12554 = DRAUGHTING_PRE_DEFINED_CURVE_FONT('continuous');
#12555 = MECHANICAL_DESIGN_GEOMETRIC_PRESENTATION_REPRESENTATION('',(
    #12556),#7188);
#12556 = STYLED_ITEM('color',(#12557),#7176);
#12557 = PRESENTATION_STYLE_ASSIGNMENT((#12558,#12563));
#12558 = SURFACE_STYLE_USAGE(.BOTH.,#12559);
#12559 = SURFACE_SIDE_STYLE('',(#12560));
#12560 = SURFACE_STYLE_FILL_AREA(#12561);
#12561 = FILL_AREA_STYLE('',(#12562));
#12562 = FILL_AREA_STYLE_COLOUR('',#10412);
#12563 = CURVE_STYLE('',#12564,POSITIVE_LENGTH_MEASURE(0.1),#10412);
#12564 = DRAUGHTING_PRE_DEFINED_CURVE_FONT('continuous');
#12565 = MECHANICAL_DESIGN_GEOMETRIC_PRESENTATION_REPRESENTATION('',(
    #12566),#3065);
#12566 = STYLED_ITEM('color',(#12567),#3053);
#12567 = PRESENTATION_STYLE_ASSIGNMENT((#12568,#12573));
#12568 = SURFACE_STYLE_USAGE(.BOTH.,#12569);
#12569 = SURFACE_SIDE_STYLE('',(#12570));
#12570 = SURFACE_STYLE_FILL_AREA(#12571);
#12571 = FILL_AREA_STYLE('',(#12572));
#12572 = FILL_AREA_STYLE_COLOUR('',#10412);
#12573 = CURVE_STYLE('',#12574,POSITIVE_LENGTH_MEASURE(0.1),#10412);
#12574 = DRAUGHTING_PRE_DEFINED_CURVE_FONT('continuous');
#12575 = MECHANICAL_DESIGN_GEOMETRIC_PRESENTATION_REPRESENTATION('',(
    #12576),#2228);
#12576 = STYLED_ITEM('color',(#12577),#2216);
#12577 = PRESENTATION_STYLE_ASSIGNMENT((#12578,#12583));
#12578 = SURFACE_STYLE_USAGE(.BOTH.,#12579);
#12579 = SURFACE_SIDE_STYLE('',(#12580));
#12580 = SURFACE_STYLE_FILL_AREA(#12581);
#12581 = FILL_AREA_STYLE('',(#12582));
#12582 = FILL_AREA_STYLE_COLOUR('',#10412);
#12583 = CURVE_STYLE('',#12584,POSITIVE_LENGTH_MEASURE(0.1),#10412);
#12584 = DRAUGHTING_PRE_DEFINED_CURVE_FONT('continuous');
#12585 = MECHANICAL_DESIGN_GEOMETRIC_PRESENTATION_REPRESENTATION('',(
    #12586),#2445);
#12586 = STYLED_ITEM('color',(#12587),#2433);
#12587 = PRESENTATION_STYLE_ASSIGNMENT((#12588,#12593));
#12588 = SURFACE_STYLE_USAGE(.BOTH.,#12589);
#12589 = SURFACE_SIDE_STYLE('',(#12590));
#12590 = SURFACE_STYLE_FILL_AREA(#12591);
#12591 = FILL_AREA_STYLE('',(#12592));
#12592 = FILL_AREA_STYLE_COLOUR('',#10412);
#12593 = CURVE_STYLE('',#12594,POSITIVE_LENGTH_MEASURE(0.1),#10412);
#12594 = DRAUGHTING_PRE_DEFINED_CURVE_FONT('continuous');
#12595 = MECHANICAL_DESIGN_GEOMETRIC_PRESENTATION_REPRESENTATION('',(
    #12596),#7963);
#12596 = STYLED_ITEM('color',(#12597),#7951);
#12597 = PRESENTATION_STYLE_ASSIGNMENT((#12598,#12603));
#12598 = SURFACE_STYLE_USAGE(.BOTH.,#12599);
#12599 = SURFACE_SIDE_STYLE('',(#12600));
#12600 = SURFACE_STYLE_FILL_AREA(#12601);
#12601 = FILL_AREA_STYLE('',(#12602));
#12602 = FILL_AREA_STYLE_COLOUR('',#10412);
#12603 = CURVE_STYLE('',#12604,POSITIVE_LENGTH_MEASURE(0.1),#10412);
#12604 = DRAUGHTING_PRE_DEFINED_CURVE_FONT('continuous');
#12605 = MECHANICAL_DESIGN_GEOMETRIC_PRESENTATION_REPRESENTATION('',(
    #12606),#8459);
#12606 = STYLED_ITEM('color',(#12607),#8447);
#12607 = PRESENTATION_STYLE_ASSIGNMENT((#12608,#12613));
#12608 = SURFACE_STYLE_USAGE(.BOTH.,#12609);
#12609 = SURFACE_SIDE_STYLE('',(#12610));
#12610 = SURFACE_STYLE_FILL_AREA(#12611);
#12611 = FILL_AREA_STYLE('',(#12612));
#12612 = FILL_AREA_STYLE_COLOUR('',#10412);
#12613 = CURVE_STYLE('',#12614,POSITIVE_LENGTH_MEASURE(0.1),#10412);
#12614 = DRAUGHTING_PRE_DEFINED_CURVE_FONT('continuous');
#12615 = MECHANICAL_DESIGN_GEOMETRIC_PRESENTATION_REPRESENTATION('',(
    #12616),#5731);
#12616 = STYLED_ITEM('color',(#12617),#5719);
#12617 = PRESENTATION_STYLE_ASSIGNMENT((#12618,#12623));
#12618 = SURFACE_STYLE_USAGE(.BOTH.,#12619);
#12619 = SURFACE_SIDE_STYLE('',(#12620));
#12620 = SURFACE_STYLE_FILL_AREA(#12621);
#12621 = FILL_AREA_STYLE('',(#12622));
#12622 = FILL_AREA_STYLE_COLOUR('',#10412);
#12623 = CURVE_STYLE('',#12624,POSITIVE_LENGTH_MEASURE(0.1),#10412);
#12624 = DRAUGHTING_PRE_DEFINED_CURVE_FONT('continuous');
#12625 = MECHANICAL_DESIGN_GEOMETRIC_PRESENTATION_REPRESENTATION('',(
    #12626),#5111);
#12626 = STYLED_ITEM('color',(#12627),#5099);
#12627 = PRESENTATION_STYLE_ASSIGNMENT((#12628,#12633));
#12628 = SURFACE_STYLE_USAGE(.BOTH.,#12629);
#12629 = SURFACE_SIDE_STYLE('',(#12630));
#12630 = SURFACE_STYLE_FILL_AREA(#12631);
#12631 = FILL_AREA_STYLE('',(#12632));
#12632 = FILL_AREA_STYLE_COLOUR('',#10412);
#12633 = CURVE_STYLE('',#12634,POSITIVE_LENGTH_MEASURE(0.1),#10412);
#12634 = DRAUGHTING_PRE_DEFINED_CURVE_FONT('continuous');
#12635 = MECHANICAL_DESIGN_GEOMETRIC_PRESENTATION_REPRESENTATION('',(
    #12636),#5080);
#12636 = STYLED_ITEM('color',(#12637),#5068);
#12637 = PRESENTATION_STYLE_ASSIGNMENT((#12638,#12643));
#12638 = SURFACE_STYLE_USAGE(.BOTH.,#12639);
#12639 = SURFACE_SIDE_STYLE('',(#12640));
#12640 = SURFACE_STYLE_FILL_AREA(#12641);
#12641 = FILL_AREA_STYLE('',(#12642));
#12642 = FILL_AREA_STYLE_COLOUR('',#10412);
#12643 = CURVE_STYLE('',#12644,POSITIVE_LENGTH_MEASURE(0.1),#10412);
#12644 = DRAUGHTING_PRE_DEFINED_CURVE_FONT('continuous');
#12645 = MECHANICAL_DESIGN_GEOMETRIC_PRESENTATION_REPRESENTATION('',(
    #12646),#3685);
#12646 = STYLED_ITEM('color',(#12647),#3673);
#12647 = PRESENTATION_STYLE_ASSIGNMENT((#12648,#12653));
#12648 = SURFACE_STYLE_USAGE(.BOTH.,#12649);
#12649 = SURFACE_SIDE_STYLE('',(#12650));
#12650 = SURFACE_STYLE_FILL_AREA(#12651);
#12651 = FILL_AREA_STYLE('',(#12652));
#12652 = FILL_AREA_STYLE_COLOUR('',#10412);
#12653 = CURVE_STYLE('',#12654,POSITIVE_LENGTH_MEASURE(0.1),#10412);
#12654 = DRAUGHTING_PRE_DEFINED_CURVE_FONT('continuous');
#12655 = MECHANICAL_DESIGN_GEOMETRIC_PRESENTATION_REPRESENTATION('',(
    #12656),#3995);
#12656 = STYLED_ITEM('color',(#12657),#3983);
#12657 = PRESENTATION_STYLE_ASSIGNMENT((#12658,#12663));
#12658 = SURFACE_STYLE_USAGE(.BOTH.,#12659);
#12659 = SURFACE_SIDE_STYLE('',(#12660));
#12660 = SURFACE_STYLE_FILL_AREA(#12661);
#12661 = FILL_AREA_STYLE('',(#12662));
#12662 = FILL_AREA_STYLE_COLOUR('',#10412);
#12663 = CURVE_STYLE('',#12664,POSITIVE_LENGTH_MEASURE(0.1),#10412);
#12664 = DRAUGHTING_PRE_DEFINED_CURVE_FONT('continuous');
#12665 = MECHANICAL_DESIGN_GEOMETRIC_PRESENTATION_REPRESENTATION('',(
    #12666),#9513);
#12666 = STYLED_ITEM('color',(#12667),#9501);
#12667 = PRESENTATION_STYLE_ASSIGNMENT((#12668,#12673));
#12668 = SURFACE_STYLE_USAGE(.BOTH.,#12669);
#12669 = SURFACE_SIDE_STYLE('',(#12670));
#12670 = SURFACE_STYLE_FILL_AREA(#12671);
#12671 = FILL_AREA_STYLE('',(#12672));
#12672 = FILL_AREA_STYLE_COLOUR('',#10412);
#12673 = CURVE_STYLE('',#12674,POSITIVE_LENGTH_MEASURE(0.1),#10412);
#12674 = DRAUGHTING_PRE_DEFINED_CURVE_FONT('continuous');
#12675 = MECHANICAL_DESIGN_GEOMETRIC_PRESENTATION_REPRESENTATION('',(
    #12676),#6723);
#12676 = STYLED_ITEM('color',(#12677),#6711);
#12677 = PRESENTATION_STYLE_ASSIGNMENT((#12678,#12683));
#12678 = SURFACE_STYLE_USAGE(.BOTH.,#12679);
#12679 = SURFACE_SIDE_STYLE('',(#12680));
#12680 = SURFACE_STYLE_FILL_AREA(#12681);
#12681 = FILL_AREA_STYLE('',(#12682));
#12682 = FILL_AREA_STYLE_COLOUR('',#10412);
#12683 = CURVE_STYLE('',#12684,POSITIVE_LENGTH_MEASURE(0.1),#10412);
#12684 = DRAUGHTING_PRE_DEFINED_CURVE_FONT('continuous');
#12685 = MECHANICAL_DESIGN_GEOMETRIC_PRESENTATION_REPRESENTATION('',(
    #12686),#2693);
#12686 = STYLED_ITEM('color',(#12687),#2681);
#12687 = PRESENTATION_STYLE_ASSIGNMENT((#12688,#12693));
#12688 = SURFACE_STYLE_USAGE(.BOTH.,#12689);
#12689 = SURFACE_SIDE_STYLE('',(#12690));
#12690 = SURFACE_STYLE_FILL_AREA(#12691);
#12691 = FILL_AREA_STYLE('',(#12692));
#12692 = FILL_AREA_STYLE_COLOUR('',#10412);
#12693 = CURVE_STYLE('',#12694,POSITIVE_LENGTH_MEASURE(0.1),#10412);
#12694 = DRAUGHTING_PRE_DEFINED_CURVE_FONT('continuous');
#12695 = MECHANICAL_DESIGN_GEOMETRIC_PRESENTATION_REPRESENTATION('',(
    #12696),#5979);
#12696 = STYLED_ITEM('color',(#12697),#5967);
#12697 = PRESENTATION_STYLE_ASSIGNMENT((#12698,#12703));
#12698 = SURFACE_STYLE_USAGE(.BOTH.,#12699);
#12699 = SURFACE_SIDE_STYLE('',(#12700));
#12700 = SURFACE_STYLE_FILL_AREA(#12701);
#12701 = FILL_AREA_STYLE('',(#12702));
#12702 = FILL_AREA_STYLE_COLOUR('',#10412);
#12703 = CURVE_STYLE('',#12704,POSITIVE_LENGTH_MEASURE(0.1),#10412);
#12704 = DRAUGHTING_PRE_DEFINED_CURVE_FONT('continuous');
#12705 = MECHANICAL_DESIGN_GEOMETRIC_PRESENTATION_REPRESENTATION('',(
    #12706),#4522);
#12706 = STYLED_ITEM('color',(#12707),#4510);
#12707 = PRESENTATION_STYLE_ASSIGNMENT((#12708,#12713));
#12708 = SURFACE_STYLE_USAGE(.BOTH.,#12709);
#12709 = SURFACE_SIDE_STYLE('',(#12710));
#12710 = SURFACE_STYLE_FILL_AREA(#12711);
#12711 = FILL_AREA_STYLE('',(#12712));
#12712 = FILL_AREA_STYLE_COLOUR('',#10412);
#12713 = CURVE_STYLE('',#12714,POSITIVE_LENGTH_MEASURE(0.1),#10412);
#12714 = DRAUGHTING_PRE_DEFINED_CURVE_FONT('continuous');
#12715 = MECHANICAL_DESIGN_GEOMETRIC_PRESENTATION_REPRESENTATION('',(
    #12716),#5328);
#12716 = STYLED_ITEM('color',(#12717),#5316);
#12717 = PRESENTATION_STYLE_ASSIGNMENT((#12718,#12723));
#12718 = SURFACE_STYLE_USAGE(.BOTH.,#12719);
#12719 = SURFACE_SIDE_STYLE('',(#12720));
#12720 = SURFACE_STYLE_FILL_AREA(#12721);
#12721 = FILL_AREA_STYLE('',(#12722));
#12722 = FILL_AREA_STYLE_COLOUR('',#10412);
#12723 = CURVE_STYLE('',#12724,POSITIVE_LENGTH_MEASURE(0.1),#10412);
#12724 = DRAUGHTING_PRE_DEFINED_CURVE_FONT('continuous');
#12725 = MECHANICAL_DESIGN_GEOMETRIC_PRESENTATION_REPRESENTATION('',(
    #12726),#7436);
#12726 = STYLED_ITEM('color',(#12727),#7424);
#12727 = PRESENTATION_STYLE_ASSIGNMENT((#12728,#12733));
#12728 = SURFACE_STYLE_USAGE(.BOTH.,#12729);
#12729 = SURFACE_SIDE_STYLE('',(#12730));
#12730 = SURFACE_STYLE_FILL_AREA(#12731);
#12731 = FILL_AREA_STYLE('',(#12732));
#12732 = FILL_AREA_STYLE_COLOUR('',#10412);
#12733 = CURVE_STYLE('',#12734,POSITIVE_LENGTH_MEASURE(0.1),#10412);
#12734 = DRAUGHTING_PRE_DEFINED_CURVE_FONT('continuous');
#12735 = MECHANICAL_DESIGN_GEOMETRIC_PRESENTATION_REPRESENTATION('',(
    #12736),#4615);
#12736 = STYLED_ITEM('color',(#12737),#4603);
#12737 = PRESENTATION_STYLE_ASSIGNMENT((#12738,#12743));
#12738 = SURFACE_STYLE_USAGE(.BOTH.,#12739);
#12739 = SURFACE_SIDE_STYLE('',(#12740));
#12740 = SURFACE_STYLE_FILL_AREA(#12741);
#12741 = FILL_AREA_STYLE('',(#12742));
#12742 = FILL_AREA_STYLE_COLOUR('',#10412);
#12743 = CURVE_STYLE('',#12744,POSITIVE_LENGTH_MEASURE(0.1),#10412);
#12744 = DRAUGHTING_PRE_DEFINED_CURVE_FONT('continuous');
#12745 = MECHANICAL_DESIGN_GEOMETRIC_PRESENTATION_REPRESENTATION('',(
    #12746),#8180);
#12746 = STYLED_ITEM('color',(#12747),#8168);
#12747 = PRESENTATION_STYLE_ASSIGNMENT((#12748,#12753));
#12748 = SURFACE_STYLE_USAGE(.BOTH.,#12749);
#12749 = SURFACE_SIDE_STYLE('',(#12750));
#12750 = SURFACE_STYLE_FILL_AREA(#12751);
#12751 = FILL_AREA_STYLE('',(#12752));
#12752 = FILL_AREA_STYLE_COLOUR('',#10412);
#12753 = CURVE_STYLE('',#12754,POSITIVE_LENGTH_MEASURE(0.1),#10412);
#12754 = DRAUGHTING_PRE_DEFINED_CURVE_FONT('continuous');
#12755 = MECHANICAL_DESIGN_GEOMETRIC_PRESENTATION_REPRESENTATION('',(
    #12756),#6165);
#12756 = STYLED_ITEM('color',(#12757),#6153);
#12757 = PRESENTATION_STYLE_ASSIGNMENT((#12758,#12763));
#12758 = SURFACE_STYLE_USAGE(.BOTH.,#12759);
#12759 = SURFACE_SIDE_STYLE('',(#12760));
#12760 = SURFACE_STYLE_FILL_AREA(#12761);
#12761 = FILL_AREA_STYLE('',(#12762));
#12762 = FILL_AREA_STYLE_COLOUR('',#10412);
#12763 = CURVE_STYLE('',#12764,POSITIVE_LENGTH_MEASURE(0.1),#10412);
#12764 = DRAUGHTING_PRE_DEFINED_CURVE_FONT('continuous');
#12765 = MECHANICAL_DESIGN_GEOMETRIC_PRESENTATION_REPRESENTATION('',(
    #12766),#9389);
#12766 = STYLED_ITEM('color',(#12767),#9377);
#12767 = PRESENTATION_STYLE_ASSIGNMENT((#12768,#12773));
#12768 = SURFACE_STYLE_USAGE(.BOTH.,#12769);
#12769 = SURFACE_SIDE_STYLE('',(#12770));
#12770 = SURFACE_STYLE_FILL_AREA(#12771);
#12771 = FILL_AREA_STYLE('',(#12772));
#12772 = FILL_AREA_STYLE_COLOUR('',#10412);
#12773 = CURVE_STYLE('',#12774,POSITIVE_LENGTH_MEASURE(0.1),#10412);
#12774 = DRAUGHTING_PRE_DEFINED_CURVE_FONT('continuous');
#12775 = MECHANICAL_DESIGN_GEOMETRIC_PRESENTATION_REPRESENTATION('',(
    #12776),#5576);
#12776 = STYLED_ITEM('color',(#12777),#5564);
#12777 = PRESENTATION_STYLE_ASSIGNMENT((#12778,#12783));
#12778 = SURFACE_STYLE_USAGE(.BOTH.,#12779);
#12779 = SURFACE_SIDE_STYLE('',(#12780));
#12780 = SURFACE_STYLE_FILL_AREA(#12781);
#12781 = FILL_AREA_STYLE('',(#12782));
#12782 = FILL_AREA_STYLE_COLOUR('',#10412);
#12783 = CURVE_STYLE('',#12784,POSITIVE_LENGTH_MEASURE(0.1),#10412);
#12784 = DRAUGHTING_PRE_DEFINED_CURVE_FONT('continuous');
#12785 = MECHANICAL_DESIGN_GEOMETRIC_PRESENTATION_REPRESENTATION('',(
    #12786),#8800);
#12786 = STYLED_ITEM('color',(#12787),#8788);
#12787 = PRESENTATION_STYLE_ASSIGNMENT((#12788,#12793));
#12788 = SURFACE_STYLE_USAGE(.BOTH.,#12789);
#12789 = SURFACE_SIDE_STYLE('',(#12790));
#12790 = SURFACE_STYLE_FILL_AREA(#12791);
#12791 = FILL_AREA_STYLE('',(#12792));
#12792 = FILL_AREA_STYLE_COLOUR('',#10412);
#12793 = CURVE_STYLE('',#12794,POSITIVE_LENGTH_MEASURE(0.1),#10412);
#12794 = DRAUGHTING_PRE_DEFINED_CURVE_FONT('continuous');
#12795 = MECHANICAL_DESIGN_GEOMETRIC_PRESENTATION_REPRESENTATION('',(
    #12796),#5204);
#12796 = STYLED_ITEM('color',(#12797),#5192);
#12797 = PRESENTATION_STYLE_ASSIGNMENT((#12798,#12803));
#12798 = SURFACE_STYLE_USAGE(.BOTH.,#12799);
#12799 = SURFACE_SIDE_STYLE('',(#12800));
#12800 = SURFACE_STYLE_FILL_AREA(#12801);
#12801 = FILL_AREA_STYLE('',(#12802));
#12802 = FILL_AREA_STYLE_COLOUR('',#10412);
#12803 = CURVE_STYLE('',#12804,POSITIVE_LENGTH_MEASURE(0.1),#10412);
#12804 = DRAUGHTING_PRE_DEFINED_CURVE_FONT('continuous');
#12805 = MECHANICAL_DESIGN_GEOMETRIC_PRESENTATION_REPRESENTATION('',(
    #12806),#5483);
#12806 = STYLED_ITEM('color',(#12807),#5471);
#12807 = PRESENTATION_STYLE_ASSIGNMENT((#12808,#12813));
#12808 = SURFACE_STYLE_USAGE(.BOTH.,#12809);
#12809 = SURFACE_SIDE_STYLE('',(#12810));
#12810 = SURFACE_STYLE_FILL_AREA(#12811);
#12811 = FILL_AREA_STYLE('',(#12812));
#12812 = FILL_AREA_STYLE_COLOUR('',#10412);
#12813 = CURVE_STYLE('',#12814,POSITIVE_LENGTH_MEASURE(0.1),#10412);
#12814 = DRAUGHTING_PRE_DEFINED_CURVE_FONT('continuous');
#12815 = MECHANICAL_DESIGN_GEOMETRIC_PRESENTATION_REPRESENTATION('',(
    #12816),#4429);
#12816 = STYLED_ITEM('color',(#12817),#4417);
#12817 = PRESENTATION_STYLE_ASSIGNMENT((#12818,#12823));
#12818 = SURFACE_STYLE_USAGE(.BOTH.,#12819);
#12819 = SURFACE_SIDE_STYLE('',(#12820));
#12820 = SURFACE_STYLE_FILL_AREA(#12821);
#12821 = FILL_AREA_STYLE('',(#12822));
#12822 = FILL_AREA_STYLE_COLOUR('',#10412);
#12823 = CURVE_STYLE('',#12824,POSITIVE_LENGTH_MEASURE(0.1),#10412);
#12824 = DRAUGHTING_PRE_DEFINED_CURVE_FONT('continuous');
#12825 = MECHANICAL_DESIGN_GEOMETRIC_PRESENTATION_REPRESENTATION('',(
    #12826),#5173);
#12826 = STYLED_ITEM('color',(#12827),#5161);
#12827 = PRESENTATION_STYLE_ASSIGNMENT((#12828,#12833));
#12828 = SURFACE_STYLE_USAGE(.BOTH.,#12829);
#12829 = SURFACE_SIDE_STYLE('',(#12830));
#12830 = SURFACE_STYLE_FILL_AREA(#12831);
#12831 = FILL_AREA_STYLE('',(#12832));
#12832 = FILL_AREA_STYLE_COLOUR('',#10412);
#12833 = CURVE_STYLE('',#12834,POSITIVE_LENGTH_MEASURE(0.1),#10412);
#12834 = DRAUGHTING_PRE_DEFINED_CURVE_FONT('continuous');
#12835 = MECHANICAL_DESIGN_GEOMETRIC_PRESENTATION_REPRESENTATION('',(
    #12836),#9544);
#12836 = STYLED_ITEM('color',(#12837),#9532);
#12837 = PRESENTATION_STYLE_ASSIGNMENT((#12838,#12843));
#12838 = SURFACE_STYLE_USAGE(.BOTH.,#12839);
#12839 = SURFACE_SIDE_STYLE('',(#12840));
#12840 = SURFACE_STYLE_FILL_AREA(#12841);
#12841 = FILL_AREA_STYLE('',(#12842));
#12842 = FILL_AREA_STYLE_COLOUR('',#10412);
#12843 = CURVE_STYLE('',#12844,POSITIVE_LENGTH_MEASURE(0.1),#10412);
#12844 = DRAUGHTING_PRE_DEFINED_CURVE_FONT('continuous');
#12845 = MECHANICAL_DESIGN_GEOMETRIC_PRESENTATION_REPRESENTATION('',(
    #12846),#9420);
#12846 = STYLED_ITEM('color',(#12847),#9408);
#12847 = PRESENTATION_STYLE_ASSIGNMENT((#12848,#12853));
#12848 = SURFACE_STYLE_USAGE(.BOTH.,#12849);
#12849 = SURFACE_SIDE_STYLE('',(#12850));
#12850 = SURFACE_STYLE_FILL_AREA(#12851);
#12851 = FILL_AREA_STYLE('',(#12852));
#12852 = FILL_AREA_STYLE_COLOUR('',#10412);
#12853 = CURVE_STYLE('',#12854,POSITIVE_LENGTH_MEASURE(0.1),#10412);
#12854 = DRAUGHTING_PRE_DEFINED_CURVE_FONT('continuous');
#12855 = MECHANICAL_DESIGN_GEOMETRIC_PRESENTATION_REPRESENTATION('',(
    #12856),#4336);
#12856 = STYLED_ITEM('color',(#12857),#4324);
#12857 = PRESENTATION_STYLE_ASSIGNMENT((#12858,#12863));
#12858 = SURFACE_STYLE_USAGE(.BOTH.,#12859);
#12859 = SURFACE_SIDE_STYLE('',(#12860));
#12860 = SURFACE_STYLE_FILL_AREA(#12861);
#12861 = FILL_AREA_STYLE('',(#12862));
#12862 = FILL_AREA_STYLE_COLOUR('',#10412);
#12863 = CURVE_STYLE('',#12864,POSITIVE_LENGTH_MEASURE(0.1),#10412);
#12864 = DRAUGHTING_PRE_DEFINED_CURVE_FONT('continuous');
#12865 = MECHANICAL_DESIGN_GEOMETRIC_PRESENTATION_REPRESENTATION('',(
    #12866),#4646);
#12866 = STYLED_ITEM('color',(#12867),#4634);
#12867 = PRESENTATION_STYLE_ASSIGNMENT((#12868,#12873));
#12868 = SURFACE_STYLE_USAGE(.BOTH.,#12869);
#12869 = SURFACE_SIDE_STYLE('',(#12870));
#12870 = SURFACE_STYLE_FILL_AREA(#12871);
#12871 = FILL_AREA_STYLE('',(#12872));
#12872 = FILL_AREA_STYLE_COLOUR('',#10412);
#12873 = CURVE_STYLE('',#12874,POSITIVE_LENGTH_MEASURE(0.1),#10412);
#12874 = DRAUGHTING_PRE_DEFINED_CURVE_FONT('continuous');
#12875 = MECHANICAL_DESIGN_GEOMETRIC_PRESENTATION_REPRESENTATION('',(
    #12876),#2197);
#12876 = STYLED_ITEM('color',(#12877),#2185);
#12877 = PRESENTATION_STYLE_ASSIGNMENT((#12878,#12883));
#12878 = SURFACE_STYLE_USAGE(.BOTH.,#12879);
#12879 = SURFACE_SIDE_STYLE('',(#12880));
#12880 = SURFACE_STYLE_FILL_AREA(#12881);
#12881 = FILL_AREA_STYLE('',(#12882));
#12882 = FILL_AREA_STYLE_COLOUR('',#10412);
#12883 = CURVE_STYLE('',#12884,POSITIVE_LENGTH_MEASURE(0.1),#10412);
#12884 = DRAUGHTING_PRE_DEFINED_CURVE_FONT('continuous');
#12885 = MECHANICAL_DESIGN_GEOMETRIC_PRESENTATION_REPRESENTATION('',(
    #12886),#4243);
#12886 = STYLED_ITEM('color',(#12887),#4231);
#12887 = PRESENTATION_STYLE_ASSIGNMENT((#12888,#12893));
#12888 = SURFACE_STYLE_USAGE(.BOTH.,#12889);
#12889 = SURFACE_SIDE_STYLE('',(#12890));
#12890 = SURFACE_STYLE_FILL_AREA(#12891);
#12891 = FILL_AREA_STYLE('',(#12892));
#12892 = FILL_AREA_STYLE_COLOUR('',#10412);
#12893 = CURVE_STYLE('',#12894,POSITIVE_LENGTH_MEASURE(0.1),#10412);
#12894 = DRAUGHTING_PRE_DEFINED_CURVE_FONT('continuous');
#12895 = MECHANICAL_DESIGN_GEOMETRIC_PRESENTATION_REPRESENTATION('',(
    #12896),#9048);
#12896 = STYLED_ITEM('color',(#12897),#9036);
#12897 = PRESENTATION_STYLE_ASSIGNMENT((#12898,#12903));
#12898 = SURFACE_STYLE_USAGE(.BOTH.,#12899);
#12899 = SURFACE_SIDE_STYLE('',(#12900));
#12900 = SURFACE_STYLE_FILL_AREA(#12901);
#12901 = FILL_AREA_STYLE('',(#12902));
#12902 = FILL_AREA_STYLE_COLOUR('',#10412);
#12903 = CURVE_STYLE('',#12904,POSITIVE_LENGTH_MEASURE(0.1),#10412);
#12904 = DRAUGHTING_PRE_DEFINED_CURVE_FONT('continuous');
#12905 = MECHANICAL_DESIGN_GEOMETRIC_PRESENTATION_REPRESENTATION('',(
    #12906),#8335);
#12906 = STYLED_ITEM('color',(#12907),#8323);
#12907 = PRESENTATION_STYLE_ASSIGNMENT((#12908,#12913));
#12908 = SURFACE_STYLE_USAGE(.BOTH.,#12909);
#12909 = SURFACE_SIDE_STYLE('',(#12910));
#12910 = SURFACE_STYLE_FILL_AREA(#12911);
#12911 = FILL_AREA_STYLE('',(#12912));
#12912 = FILL_AREA_STYLE_COLOUR('',#10412);
#12913 = CURVE_STYLE('',#12914,POSITIVE_LENGTH_MEASURE(0.1),#10412);
#12914 = DRAUGHTING_PRE_DEFINED_CURVE_FONT('continuous');
#12915 = MECHANICAL_DESIGN_GEOMETRIC_PRESENTATION_REPRESENTATION('',(
    #12916),#8955);
#12916 = STYLED_ITEM('color',(#12917),#8943);
#12917 = PRESENTATION_STYLE_ASSIGNMENT((#12918,#12923));
#12918 = SURFACE_STYLE_USAGE(.BOTH.,#12919);
#12919 = SURFACE_SIDE_STYLE('',(#12920));
#12920 = SURFACE_STYLE_FILL_AREA(#12921);
#12921 = FILL_AREA_STYLE('',(#12922));
#12922 = FILL_AREA_STYLE_COLOUR('',#10412);
#12923 = CURVE_STYLE('',#12924,POSITIVE_LENGTH_MEASURE(0.1),#10412);
#12924 = DRAUGHTING_PRE_DEFINED_CURVE_FONT('continuous');
#12925 = MECHANICAL_DESIGN_GEOMETRIC_PRESENTATION_REPRESENTATION('',(
    #12926),#3313);
#12926 = STYLED_ITEM('color',(#12927),#3301);
#12927 = PRESENTATION_STYLE_ASSIGNMENT((#12928,#12933));
#12928 = SURFACE_STYLE_USAGE(.BOTH.,#12929);
#12929 = SURFACE_SIDE_STYLE('',(#12930));
#12930 = SURFACE_STYLE_FILL_AREA(#12931);
#12931 = FILL_AREA_STYLE('',(#12932));
#12932 = FILL_AREA_STYLE_COLOUR('',#10412);
#12933 = CURVE_STYLE('',#12934,POSITIVE_LENGTH_MEASURE(0.1),#10412);
#12934 = DRAUGHTING_PRE_DEFINED_CURVE_FONT('continuous');
#12935 = MECHANICAL_DESIGN_GEOMETRIC_PRESENTATION_REPRESENTATION('',(
    #12936),#1267);
#12936 = STYLED_ITEM('color',(#12937),#1255);
#12937 = PRESENTATION_STYLE_ASSIGNMENT((#12938,#12943));
#12938 = SURFACE_STYLE_USAGE(.BOTH.,#12939);
#12939 = SURFACE_SIDE_STYLE('',(#12940));
#12940 = SURFACE_STYLE_FILL_AREA(#12941);
#12941 = FILL_AREA_STYLE('',(#12942));
#12942 = FILL_AREA_STYLE_COLOUR('',#10412);
#12943 = CURVE_STYLE('',#12944,POSITIVE_LENGTH_MEASURE(0.1),#10412);
#12944 = DRAUGHTING_PRE_DEFINED_CURVE_FONT('continuous');
#12945 = MECHANICAL_DESIGN_GEOMETRIC_PRESENTATION_REPRESENTATION('',(
    #12946),#8552);
#12946 = STYLED_ITEM('color',(#12947),#8540);
#12947 = PRESENTATION_STYLE_ASSIGNMENT((#12948,#12953));
#12948 = SURFACE_STYLE_USAGE(.BOTH.,#12949);
#12949 = SURFACE_SIDE_STYLE('',(#12950));
#12950 = SURFACE_STYLE_FILL_AREA(#12951);
#12951 = FILL_AREA_STYLE('',(#12952));
#12952 = FILL_AREA_STYLE_COLOUR('',#10412);
#12953 = CURVE_STYLE('',#12954,POSITIVE_LENGTH_MEASURE(0.1),#10412);
#12954 = DRAUGHTING_PRE_DEFINED_CURVE_FONT('continuous');
#12955 = MECHANICAL_DESIGN_GEOMETRIC_PRESENTATION_REPRESENTATION('',(
    #12956),#9327);
#12956 = STYLED_ITEM('color',(#12957),#9315);
#12957 = PRESENTATION_STYLE_ASSIGNMENT((#12958,#12963));
#12958 = SURFACE_STYLE_USAGE(.BOTH.,#12959);
#12959 = SURFACE_SIDE_STYLE('',(#12960));
#12960 = SURFACE_STYLE_FILL_AREA(#12961);
#12961 = FILL_AREA_STYLE('',(#12962));
#12962 = FILL_AREA_STYLE_COLOUR('',#10412);
#12963 = CURVE_STYLE('',#12964,POSITIVE_LENGTH_MEASURE(0.1),#10412);
#12964 = DRAUGHTING_PRE_DEFINED_CURVE_FONT('continuous');
#12965 = MECHANICAL_DESIGN_GEOMETRIC_PRESENTATION_REPRESENTATION('',(
    #12966),#1639);
#12966 = STYLED_ITEM('color',(#12967),#1627);
#12967 = PRESENTATION_STYLE_ASSIGNMENT((#12968,#12973));
#12968 = SURFACE_STYLE_USAGE(.BOTH.,#12969);
#12969 = SURFACE_SIDE_STYLE('',(#12970));
#12970 = SURFACE_STYLE_FILL_AREA(#12971);
#12971 = FILL_AREA_STYLE('',(#12972));
#12972 = FILL_AREA_STYLE_COLOUR('',#10412);
#12973 = CURVE_STYLE('',#12974,POSITIVE_LENGTH_MEASURE(0.1),#10412);
#12974 = DRAUGHTING_PRE_DEFINED_CURVE_FONT('continuous');
#12975 = MECHANICAL_DESIGN_GEOMETRIC_PRESENTATION_REPRESENTATION('',(
    #12976),#9358);
#12976 = STYLED_ITEM('color',(#12977),#9346);
#12977 = PRESENTATION_STYLE_ASSIGNMENT((#12978,#12983));
#12978 = SURFACE_STYLE_USAGE(.BOTH.,#12979);
#12979 = SURFACE_SIDE_STYLE('',(#12980));
#12980 = SURFACE_STYLE_FILL_AREA(#12981);
#12981 = FILL_AREA_STYLE('',(#12982));
#12982 = FILL_AREA_STYLE_COLOUR('',#10412);
#12983 = CURVE_STYLE('',#12984,POSITIVE_LENGTH_MEASURE(0.1),#10412);
#12984 = DRAUGHTING_PRE_DEFINED_CURVE_FONT('continuous');
#12985 = MECHANICAL_DESIGN_GEOMETRIC_PRESENTATION_REPRESENTATION('',(
    #12986),#9203);
#12986 = STYLED_ITEM('color',(#12987),#9191);
#12987 = PRESENTATION_STYLE_ASSIGNMENT((#12988,#12993));
#12988 = SURFACE_STYLE_USAGE(.BOTH.,#12989);
#12989 = SURFACE_SIDE_STYLE('',(#12990));
#12990 = SURFACE_STYLE_FILL_AREA(#12991);
#12991 = FILL_AREA_STYLE('',(#12992));
#12992 = FILL_AREA_STYLE_COLOUR('',#10412);
#12993 = CURVE_STYLE('',#12994,POSITIVE_LENGTH_MEASURE(0.1),#10412);
#12994 = DRAUGHTING_PRE_DEFINED_CURVE_FONT('continuous');
#12995 = MECHANICAL_DESIGN_GEOMETRIC_PRESENTATION_REPRESENTATION('',(
    #12996),#6537);
#12996 = STYLED_ITEM('color',(#12997),#6525);
#12997 = PRESENTATION_STYLE_ASSIGNMENT((#12998,#13003));
#12998 = SURFACE_STYLE_USAGE(.BOTH.,#12999);
#12999 = SURFACE_SIDE_STYLE('',(#13000));
#13000 = SURFACE_STYLE_FILL_AREA(#13001);
#13001 = FILL_AREA_STYLE('',(#13002));
#13002 = FILL_AREA_STYLE_COLOUR('',#10412);
#13003 = CURVE_STYLE('',#13004,POSITIVE_LENGTH_MEASURE(0.1),#10412);
#13004 = DRAUGHTING_PRE_DEFINED_CURVE_FONT('continuous');
#13005 = MECHANICAL_DESIGN_GEOMETRIC_PRESENTATION_REPRESENTATION('',(
    #13006),#1949);
#13006 = STYLED_ITEM('color',(#13007),#1937);
#13007 = PRESENTATION_STYLE_ASSIGNMENT((#13008,#13013));
#13008 = SURFACE_STYLE_USAGE(.BOTH.,#13009);
#13009 = SURFACE_SIDE_STYLE('',(#13010));
#13010 = SURFACE_STYLE_FILL_AREA(#13011);
#13011 = FILL_AREA_STYLE('',(#13012));
#13012 = FILL_AREA_STYLE_COLOUR('',#10412);
#13013 = CURVE_STYLE('',#13014,POSITIVE_LENGTH_MEASURE(0.1),#10412);
#13014 = DRAUGHTING_PRE_DEFINED_CURVE_FONT('continuous');
#13015 = MECHANICAL_DESIGN_GEOMETRIC_PRESENTATION_REPRESENTATION('',(
    #13016),#5886);
#13016 = STYLED_ITEM('color',(#13017),#5874);
#13017 = PRESENTATION_STYLE_ASSIGNMENT((#13018,#13023));
#13018 = SURFACE_STYLE_USAGE(.BOTH.,#13019);
#13019 = SURFACE_SIDE_STYLE('',(#13020));
#13020 = SURFACE_STYLE_FILL_AREA(#13021);
#13021 = FILL_AREA_STYLE('',(#13022));
#13022 = FILL_AREA_STYLE_COLOUR('',#10412);
#13023 = CURVE_STYLE('',#13024,POSITIVE_LENGTH_MEASURE(0.1),#10412);
#13024 = DRAUGHTING_PRE_DEFINED_CURVE_FONT('continuous');
#13025 = MECHANICAL_DESIGN_GEOMETRIC_PRESENTATION_REPRESENTATION('',(
    #13026),#9296);
#13026 = STYLED_ITEM('color',(#13027),#9284);
#13027 = PRESENTATION_STYLE_ASSIGNMENT((#13028,#13033));
#13028 = SURFACE_STYLE_USAGE(.BOTH.,#13029);
#13029 = SURFACE_SIDE_STYLE('',(#13030));
#13030 = SURFACE_STYLE_FILL_AREA(#13031);
#13031 = FILL_AREA_STYLE('',(#13032));
#13032 = FILL_AREA_STYLE_COLOUR('',#10412);
#13033 = CURVE_STYLE('',#13034,POSITIVE_LENGTH_MEASURE(0.1),#10412);
#13034 = DRAUGHTING_PRE_DEFINED_CURVE_FONT('continuous');
#13035 = MECHANICAL_DESIGN_GEOMETRIC_PRESENTATION_REPRESENTATION('',(
    #13036),#7095);
#13036 = STYLED_ITEM('color',(#13037),#7083);
#13037 = PRESENTATION_STYLE_ASSIGNMENT((#13038,#13043));
#13038 = SURFACE_STYLE_USAGE(.BOTH.,#13039);
#13039 = SURFACE_SIDE_STYLE('',(#13040));
#13040 = SURFACE_STYLE_FILL_AREA(#13041);
#13041 = FILL_AREA_STYLE('',(#13042));
#13042 = FILL_AREA_STYLE_COLOUR('',#10412);
#13043 = CURVE_STYLE('',#13044,POSITIVE_LENGTH_MEASURE(0.1),#10412);
#13044 = DRAUGHTING_PRE_DEFINED_CURVE_FONT('continuous');
#13045 = MECHANICAL_DESIGN_GEOMETRIC_PRESENTATION_REPRESENTATION('',(
    #13046),#10386);
#13046 = STYLED_ITEM('color',(#13047),#9966);
#13047 = PRESENTATION_STYLE_ASSIGNMENT((#13048,#13054));
#13048 = SURFACE_STYLE_USAGE(.BOTH.,#13049);
#13049 = SURFACE_SIDE_STYLE('',(#13050));
#13050 = SURFACE_STYLE_FILL_AREA(#13051);
#13051 = FILL_AREA_STYLE('',(#13052));
#13052 = FILL_AREA_STYLE_COLOUR('',#13053);
#13053 = COLOUR_RGB('',0.300000011921,0.300000011921,0.300000011921);
#13054 = CURVE_STYLE('',#13055,POSITIVE_LENGTH_MEASURE(0.1),#13053);
#13055 = DRAUGHTING_PRE_DEFINED_CURVE_FONT('continuous');
#13056 = MECHANICAL_DESIGN_GEOMETRIC_PRESENTATION_REPRESENTATION('',(
    #13057),#8614);
#13057 = STYLED_ITEM('color',(#13058),#8602);
#13058 = PRESENTATION_STYLE_ASSIGNMENT((#13059,#13064));
#13059 = SURFACE_STYLE_USAGE(.BOTH.,#13060);
#13060 = SURFACE_SIDE_STYLE('',(#13061));
#13061 = SURFACE_STYLE_FILL_AREA(#13062);
#13062 = FILL_AREA_STYLE('',(#13063));
#13063 = FILL_AREA_STYLE_COLOUR('',#10412);
#13064 = CURVE_STYLE('',#13065,POSITIVE_LENGTH_MEASURE(0.1),#10412);
#13065 = DRAUGHTING_PRE_DEFINED_CURVE_FONT('continuous');
#13066 = MECHANICAL_DESIGN_GEOMETRIC_PRESENTATION_REPRESENTATION('',(
    #13067),#2941);
#13067 = STYLED_ITEM('color',(#13068),#2929);
#13068 = PRESENTATION_STYLE_ASSIGNMENT((#13069,#13074));
#13069 = SURFACE_STYLE_USAGE(.BOTH.,#13070);
#13070 = SURFACE_SIDE_STYLE('',(#13071));
#13071 = SURFACE_STYLE_FILL_AREA(#13072);
#13072 = FILL_AREA_STYLE('',(#13073));
#13073 = FILL_AREA_STYLE_COLOUR('',#10412);
#13074 = CURVE_STYLE('',#13075,POSITIVE_LENGTH_MEASURE(0.1),#10412);
#13075 = DRAUGHTING_PRE_DEFINED_CURVE_FONT('continuous');
#13076 = MECHANICAL_DESIGN_GEOMETRIC_PRESENTATION_REPRESENTATION('',(
    #13077),#5235);
#13077 = STYLED_ITEM('color',(#13078),#5223);
#13078 = PRESENTATION_STYLE_ASSIGNMENT((#13079,#13084));
#13079 = SURFACE_STYLE_USAGE(.BOTH.,#13080);
#13080 = SURFACE_SIDE_STYLE('',(#13081));
#13081 = SURFACE_STYLE_FILL_AREA(#13082);
#13082 = FILL_AREA_STYLE('',(#13083));
#13083 = FILL_AREA_STYLE_COLOUR('',#10412);
#13084 = CURVE_STYLE('',#13085,POSITIVE_LENGTH_MEASURE(0.1),#10412);
#13085 = DRAUGHTING_PRE_DEFINED_CURVE_FONT('continuous');
#13086 = MECHANICAL_DESIGN_GEOMETRIC_PRESENTATION_REPRESENTATION('',(
    #13087),#9079);
#13087 = STYLED_ITEM('color',(#13088),#9067);
#13088 = PRESENTATION_STYLE_ASSIGNMENT((#13089,#13094));
#13089 = SURFACE_STYLE_USAGE(.BOTH.,#13090);
#13090 = SURFACE_SIDE_STYLE('',(#13091));
#13091 = SURFACE_STYLE_FILL_AREA(#13092);
#13092 = FILL_AREA_STYLE('',(#13093));
#13093 = FILL_AREA_STYLE_COLOUR('',#10412);
#13094 = CURVE_STYLE('',#13095,POSITIVE_LENGTH_MEASURE(0.1),#10412);
#13095 = DRAUGHTING_PRE_DEFINED_CURVE_FONT('continuous');
#13096 = MECHANICAL_DESIGN_GEOMETRIC_PRESENTATION_REPRESENTATION('',(
    #13097),#5669);
#13097 = STYLED_ITEM('color',(#13098),#5657);
#13098 = PRESENTATION_STYLE_ASSIGNMENT((#13099,#13104));
#13099 = SURFACE_STYLE_USAGE(.BOTH.,#13100);
#13100 = SURFACE_SIDE_STYLE('',(#13101));
#13101 = SURFACE_STYLE_FILL_AREA(#13102);
#13102 = FILL_AREA_STYLE('',(#13103));
#13103 = FILL_AREA_STYLE_COLOUR('',#10412);
#13104 = CURVE_STYLE('',#13105,POSITIVE_LENGTH_MEASURE(0.1),#10412);
#13105 = DRAUGHTING_PRE_DEFINED_CURVE_FONT('continuous');
#13106 = MECHANICAL_DESIGN_GEOMETRIC_PRESENTATION_REPRESENTATION('',(
    #13107),#7343);
#13107 = STYLED_ITEM('color',(#13108),#7331);
#13108 = PRESENTATION_STYLE_ASSIGNMENT((#13109,#13114));
#13109 = SURFACE_STYLE_USAGE(.BOTH.,#13110);
#13110 = SURFACE_SIDE_STYLE('',(#13111));
#13111 = SURFACE_STYLE_FILL_AREA(#13112);
#13112 = FILL_AREA_STYLE('',(#13113));
#13113 = FILL_AREA_STYLE_COLOUR('',#10412);
#13114 = CURVE_STYLE('',#13115,POSITIVE_LENGTH_MEASURE(0.1),#10412);
#13115 = DRAUGHTING_PRE_DEFINED_CURVE_FONT('continuous');
#13116 = MECHANICAL_DESIGN_GEOMETRIC_PRESENTATION_REPRESENTATION('',(
    #13117),#6816);
#13117 = STYLED_ITEM('color',(#13118),#6804);
#13118 = PRESENTATION_STYLE_ASSIGNMENT((#13119,#13124));
#13119 = SURFACE_STYLE_USAGE(.BOTH.,#13120);
#13120 = SURFACE_SIDE_STYLE('',(#13121));
#13121 = SURFACE_STYLE_FILL_AREA(#13122);
#13122 = FILL_AREA_STYLE('',(#13123));
#13123 = FILL_AREA_STYLE_COLOUR('',#10412);
#13124 = CURVE_STYLE('',#13125,POSITIVE_LENGTH_MEASURE(0.1),#10412);
#13125 = DRAUGHTING_PRE_DEFINED_CURVE_FONT('continuous');
#13126 = MECHANICAL_DESIGN_GEOMETRIC_PRESENTATION_REPRESENTATION('',(
    #13127),#8087);
#13127 = STYLED_ITEM('color',(#13128),#8075);
#13128 = PRESENTATION_STYLE_ASSIGNMENT((#13129,#13134));
#13129 = SURFACE_STYLE_USAGE(.BOTH.,#13130);
#13130 = SURFACE_SIDE_STYLE('',(#13131));
#13131 = SURFACE_STYLE_FILL_AREA(#13132);
#13132 = FILL_AREA_STYLE('',(#13133));
#13133 = FILL_AREA_STYLE_COLOUR('',#10412);
#13134 = CURVE_STYLE('',#13135,POSITIVE_LENGTH_MEASURE(0.1),#10412);
#13135 = DRAUGHTING_PRE_DEFINED_CURVE_FONT('continuous');
#13136 = MECHANICAL_DESIGN_GEOMETRIC_PRESENTATION_REPRESENTATION('',(
    #13137),#4553);
#13137 = STYLED_ITEM('color',(#13138),#4541);
#13138 = PRESENTATION_STYLE_ASSIGNMENT((#13139,#13144));
#13139 = SURFACE_STYLE_USAGE(.BOTH.,#13140);
#13140 = SURFACE_SIDE_STYLE('',(#13141));
#13141 = SURFACE_STYLE_FILL_AREA(#13142);
#13142 = FILL_AREA_STYLE('',(#13143));
#13143 = FILL_AREA_STYLE_COLOUR('',#10412);
#13144 = CURVE_STYLE('',#13145,POSITIVE_LENGTH_MEASURE(0.1),#10412);
#13145 = DRAUGHTING_PRE_DEFINED_CURVE_FONT('continuous');
#13146 = MECHANICAL_DESIGN_GEOMETRIC_PRESENTATION_REPRESENTATION('',(
    #13147),#3747);
#13147 = STYLED_ITEM('color',(#13148),#3735);
#13148 = PRESENTATION_STYLE_ASSIGNMENT((#13149,#13154));
#13149 = SURFACE_STYLE_USAGE(.BOTH.,#13150);
#13150 = SURFACE_SIDE_STYLE('',(#13151));
#13151 = SURFACE_STYLE_FILL_AREA(#13152);
#13152 = FILL_AREA_STYLE('',(#13153));
#13153 = FILL_AREA_STYLE_COLOUR('',#10412);
#13154 = CURVE_STYLE('',#13155,POSITIVE_LENGTH_MEASURE(0.1),#10412);
#13155 = DRAUGHTING_PRE_DEFINED_CURVE_FONT('continuous');
#13156 = MECHANICAL_DESIGN_GEOMETRIC_PRESENTATION_REPRESENTATION('',(
    #13157),#5514);
#13157 = STYLED_ITEM('color',(#13158),#5502);
#13158 = PRESENTATION_STYLE_ASSIGNMENT((#13159,#13164));
#13159 = SURFACE_STYLE_USAGE(.BOTH.,#13160);
#13160 = SURFACE_SIDE_STYLE('',(#13161));
#13161 = SURFACE_STYLE_FILL_AREA(#13162);
#13162 = FILL_AREA_STYLE('',(#13163));
#13163 = FILL_AREA_STYLE_COLOUR('',#10412);
#13164 = CURVE_STYLE('',#13165,POSITIVE_LENGTH_MEASURE(0.1),#10412);
#13165 = DRAUGHTING_PRE_DEFINED_CURVE_FONT('continuous');
#13166 = MECHANICAL_DESIGN_GEOMETRIC_PRESENTATION_REPRESENTATION('',(
    #13167),#1670);
#13167 = STYLED_ITEM('color',(#13168),#1658);
#13168 = PRESENTATION_STYLE_ASSIGNMENT((#13169,#13174));
#13169 = SURFACE_STYLE_USAGE(.BOTH.,#13170);
#13170 = SURFACE_SIDE_STYLE('',(#13171));
#13171 = SURFACE_STYLE_FILL_AREA(#13172);
#13172 = FILL_AREA_STYLE('',(#13173));
#13173 = FILL_AREA_STYLE_COLOUR('',#10412);
#13174 = CURVE_STYLE('',#13175,POSITIVE_LENGTH_MEASURE(0.1),#10412);
#13175 = DRAUGHTING_PRE_DEFINED_CURVE_FONT('continuous');
#13176 = MECHANICAL_DESIGN_GEOMETRIC_PRESENTATION_REPRESENTATION('',(
    #13177),#3902);
#13177 = STYLED_ITEM('color',(#13178),#3890);
#13178 = PRESENTATION_STYLE_ASSIGNMENT((#13179,#13184));
#13179 = SURFACE_STYLE_USAGE(.BOTH.,#13180);
#13180 = SURFACE_SIDE_STYLE('',(#13181));
#13181 = SURFACE_STYLE_FILL_AREA(#13182);
#13182 = FILL_AREA_STYLE('',(#13183));
#13183 = FILL_AREA_STYLE_COLOUR('',#10412);
#13184 = CURVE_STYLE('',#13185,POSITIVE_LENGTH_MEASURE(0.1),#10412);
#13185 = DRAUGHTING_PRE_DEFINED_CURVE_FONT('continuous');
#13186 = MECHANICAL_DESIGN_GEOMETRIC_PRESENTATION_REPRESENTATION('',(
    #13187),#6289);
#13187 = STYLED_ITEM('color',(#13188),#6277);
#13188 = PRESENTATION_STYLE_ASSIGNMENT((#13189,#13194));
#13189 = SURFACE_STYLE_USAGE(.BOTH.,#13190);
#13190 = SURFACE_SIDE_STYLE('',(#13191));
#13191 = SURFACE_STYLE_FILL_AREA(#13192);
#13192 = FILL_AREA_STYLE('',(#13193));
#13193 = FILL_AREA_STYLE_COLOUR('',#10412);
#13194 = CURVE_STYLE('',#13195,POSITIVE_LENGTH_MEASURE(0.1),#10412);
#13195 = DRAUGHTING_PRE_DEFINED_CURVE_FONT('continuous');
#13196 = MECHANICAL_DESIGN_GEOMETRIC_PRESENTATION_REPRESENTATION('',(
    #13197),#2600);
#13197 = STYLED_ITEM('color',(#13198),#2588);
#13198 = PRESENTATION_STYLE_ASSIGNMENT((#13199,#13204));
#13199 = SURFACE_STYLE_USAGE(.BOTH.,#13200);
#13200 = SURFACE_SIDE_STYLE('',(#13201));
#13201 = SURFACE_STYLE_FILL_AREA(#13202);
#13202 = FILL_AREA_STYLE('',(#13203));
#13203 = FILL_AREA_STYLE_COLOUR('',#10412);
#13204 = CURVE_STYLE('',#13205,POSITIVE_LENGTH_MEASURE(0.1),#10412);
#13205 = DRAUGHTING_PRE_DEFINED_CURVE_FONT('continuous');
#13206 = MECHANICAL_DESIGN_GEOMETRIC_PRESENTATION_REPRESENTATION('',(
    #13207),#4398);
#13207 = STYLED_ITEM('color',(#13208),#4386);
#13208 = PRESENTATION_STYLE_ASSIGNMENT((#13209,#13214));
#13209 = SURFACE_STYLE_USAGE(.BOTH.,#13210);
#13210 = SURFACE_SIDE_STYLE('',(#13211));
#13211 = SURFACE_STYLE_FILL_AREA(#13212);
#13212 = FILL_AREA_STYLE('',(#13213));
#13213 = FILL_AREA_STYLE_COLOUR('',#10412);
#13214 = CURVE_STYLE('',#13215,POSITIVE_LENGTH_MEASURE(0.1),#10412);
#13215 = DRAUGHTING_PRE_DEFINED_CURVE_FONT('continuous');
#13216 = MECHANICAL_DESIGN_GEOMETRIC_PRESENTATION_REPRESENTATION('',(
    #13217),#2848);
#13217 = STYLED_ITEM('color',(#13218),#2836);
#13218 = PRESENTATION_STYLE_ASSIGNMENT((#13219,#13224));
#13219 = SURFACE_STYLE_USAGE(.BOTH.,#13220);
#13220 = SURFACE_SIDE_STYLE('',(#13221));
#13221 = SURFACE_STYLE_FILL_AREA(#13222);
#13222 = FILL_AREA_STYLE('',(#13223));
#13223 = FILL_AREA_STYLE_COLOUR('',#10412);
#13224 = CURVE_STYLE('',#13225,POSITIVE_LENGTH_MEASURE(0.1),#10412);
#13225 = DRAUGHTING_PRE_DEFINED_CURVE_FONT('continuous');
#13226 = MECHANICAL_DESIGN_GEOMETRIC_PRESENTATION_REPRESENTATION('',(
    #13227),#4584);
#13227 = STYLED_ITEM('color',(#13228),#4572);
#13228 = PRESENTATION_STYLE_ASSIGNMENT((#13229,#13234));
#13229 = SURFACE_STYLE_USAGE(.BOTH.,#13230);
#13230 = SURFACE_SIDE_STYLE('',(#13231));
#13231 = SURFACE_STYLE_FILL_AREA(#13232);
#13232 = FILL_AREA_STYLE('',(#13233));
#13233 = FILL_AREA_STYLE_COLOUR('',#10412);
#13234 = CURVE_STYLE('',#13235,POSITIVE_LENGTH_MEASURE(0.1),#10412);
#13235 = DRAUGHTING_PRE_DEFINED_CURVE_FONT('continuous');
#13236 = MECHANICAL_DESIGN_GEOMETRIC_PRESENTATION_REPRESENTATION('',(
    #13237),#2476);
#13237 = STYLED_ITEM('color',(#13238),#2464);
#13238 = PRESENTATION_STYLE_ASSIGNMENT((#13239,#13244));
#13239 = SURFACE_STYLE_USAGE(.BOTH.,#13240);
#13240 = SURFACE_SIDE_STYLE('',(#13241));
#13241 = SURFACE_STYLE_FILL_AREA(#13242);
#13242 = FILL_AREA_STYLE('',(#13243));
#13243 = FILL_AREA_STYLE_COLOUR('',#10412);
#13244 = CURVE_STYLE('',#13245,POSITIVE_LENGTH_MEASURE(0.1),#10412);
#13245 = DRAUGHTING_PRE_DEFINED_CURVE_FONT('continuous');
#13246 = MECHANICAL_DESIGN_GEOMETRIC_PRESENTATION_REPRESENTATION('',(
    #13247),#4274);
#13247 = STYLED_ITEM('color',(#13248),#4262);
#13248 = PRESENTATION_STYLE_ASSIGNMENT((#13249,#13254));
#13249 = SURFACE_STYLE_USAGE(.BOTH.,#13250);
#13250 = SURFACE_SIDE_STYLE('',(#13251));
#13251 = SURFACE_STYLE_FILL_AREA(#13252);
#13252 = FILL_AREA_STYLE('',(#13253));
#13253 = FILL_AREA_STYLE_COLOUR('',#10412);
#13254 = CURVE_STYLE('',#13255,POSITIVE_LENGTH_MEASURE(0.1),#10412);
#13255 = DRAUGHTING_PRE_DEFINED_CURVE_FONT('continuous');
ENDSEC;
END-ISO-10303-21;
